# -*- coding: utf-8 -*-

# Resource object code
#
# Created by: The Resource Compiler for PyQt5 (Qt v5.15.3)
#
# WARNING! All changes made in this file will be lost!

from PyQt5 import QtCore

qt_resource_data = b"\
\x00\x00\x49\x82\
\x89\
\x50\x4e\x47\x0d\x0a\x1a\x0a\x00\x00\x00\x0d\x49\x48\x44\x52\x00\
\x00\x02\x00\x00\x00\x02\x00\x08\x06\x00\x00\x00\xf4\x78\xd4\xfa\
\x00\x00\x00\x09\x70\x48\x59\x73\x00\x00\x0e\xc3\x00\x00\x0e\xc3\
\x01\xc7\x6f\xa8\x64\x00\x00\x00\x19\x74\x45\x58\x74\x53\x6f\x66\
\x74\x77\x61\x72\x65\x00\x77\x77\x77\x2e\x69\x6e\x6b\x73\x63\x61\
\x70\x65\x2e\x6f\x72\x67\x9b\xee\x3c\x1a\x00\x00\x20\x00\x49\x44\
\x41\x54\x78\x9c\xec\xdd\x79\x7c\x94\xe5\xb9\x3e\xf0\xeb\x7e\x67\
\x12\xb6\xe0\x0a\x2a\x6a\x2d\x15\xc8\x0c\xe2\x52\x05\x97\x5a\x5b\
\xa1\xe2\x91\x42\x26\xa8\xa7\xd0\x4d\xad\x3d\xa7\x45\x25\x33\x80\
\xd6\xaa\xa7\xf6\xd4\xa9\xad\xad\x5b\xcb\x32\x13\x50\xda\xfa\xb3\
\x76\x3b\x0d\xad\x4a\x66\xa0\x72\xb4\x42\x6d\xd5\x7a\x24\xb6\x8a\
\x91\x99\x31\x50\xea\x86\x28\x88\x4a\x80\x90\x99\x79\xef\xdf\x1f\
\x84\x8a\x9a\x84\x2c\x33\xcf\x33\xcb\xf5\xfd\x0b\x4c\xe6\xbd\xaf\
\x4f\xb5\x79\xaf\x3c\xef\xf2\x08\x88\xa8\xa0\x85\x27\xae\xf6\xbe\
\xbd\x65\xcf\xf0\x3d\xee\x9e\xe1\x5e\x71\x8e\x52\x17\x87\xc2\x91\
\x83\x55\x71\xa8\x88\x1e\x22\x8a\x83\x15\x38\x18\x82\x83\x01\x0c\
\x00\x30\x14\x0a\x2f\x14\x07\x43\xe0\x01\x70\xc8\x07\x0e\xe9\x01\
\x70\xd0\x7e\x7f\xdf\xbe\xdf\x9f\xdf\x06\xa0\x1d\x7f\x7e\x17\x40\
\xb6\xe3\xcf\x3b\x20\xc8\x40\xb1\x1d\xaa\xdb\x45\xb0\x5d\x55\xde\
\x16\x47\xb7\xbb\x8a\xed\x70\x74\xbb\xb8\xd8\x2e\xd9\x8a\xed\xde\
\x01\xce\xf6\xf9\xcd\x17\x6c\x07\x44\x41\x44\x05\x4b\x6c\x07\x20\
\x2a\x67\x57\x8e\xba\xff\x08\x4f\x65\xc5\xb1\xe2\xca\xb1\x22\x7a\
\x9c\xba\x38\x5a\x04\xc7\x2a\x70\x1c\x80\x23\x04\x18\xae\xc0\x30\
\xdb\x39\xfb\xc0\x05\xb0\x05\xc0\xcb\x10\xbc\xaa\x8a\x97\x1d\xe0\
\x15\x15\xbc\xea\xba\x78\xc9\x11\x7d\x75\x98\xb7\xed\xd5\x70\xf3\
\xcc\x76\xdb\x41\x89\xca\x15\x0b\x00\x51\x5e\xa9\xd4\x8d\x5d\x79\
\x9c\xa3\xae\x4f\x15\xc7\x03\x32\x0a\xa2\xa3\xa0\x38\x1e\xc0\x28\
\x00\x55\xb6\x13\x5a\xf6\x3a\x80\x57\x01\xb4\x40\x90\x50\x57\x12\
\x8e\x9b\x4d\x0e\x18\x3c\x30\x75\xe7\x73\x17\xec\xb4\x1d\x8e\xa8\
\x94\xb1\x00\x10\xe5\x84\xca\xec\x71\x8d\xa3\x24\xed\x9c\x04\x07\
\x7e\x51\x3d\x01\x90\xb1\x00\xfc\x00\x86\xd8\x4e\x57\x84\x14\xc0\
\x4b\x50\x49\x01\x6e\x02\x40\x42\x21\xc9\x2c\x90\xb8\x2b\x15\x78\
\xd5\x76\x38\xa2\x52\xc0\x02\x40\xd4\x4b\x97\x8f\x5c\x3d\x70\x70\
\xe5\x8e\x93\x3c\x90\x8f\xab\xc8\xc7\x01\x9c\xa2\xd0\x93\x05\x18\
\x6a\x3b\x5b\x99\xd8\x06\xa0\x09\x8a\x26\x38\xda\xe4\x45\xb6\x69\
\x41\xe2\xa2\x4d\xb6\x43\x11\x15\x1b\x16\x00\xa2\x03\xb8\xaa\x3a\
\x7e\xbc\x17\x7a\x8e\x2b\x18\x2f\x90\xf1\x80\x4e\xc0\xde\x9b\xed\
\xa8\x70\xbc\x03\xc8\xf3\x0a\x6d\x72\x14\x4d\xae\x57\x9b\xea\x5f\
\x08\xbc\xc0\x1b\x11\x89\xba\xc6\x02\x40\xb4\x9f\x6b\x4f\x5e\x35\
\x64\x4f\x5b\xfa\x13\xea\xe8\x39\x50\x7c\x4a\x81\xd3\xf9\x9b\x7d\
\xd1\xda\x06\xe0\x71\xa8\xae\x71\x1c\xe7\xb1\xcd\x89\x5d\x7f\x5f\
\x86\x99\xd9\x03\x7e\x8a\xa8\x4c\xb0\x00\x50\x59\x9b\x37\xf2\x81\
\x43\xd2\x03\x3c\xe7\x3a\x22\x9f\x56\xc5\x39\x00\x4e\x03\xe0\xb5\
\x9d\x8b\xf2\xe2\x5d\x08\xfe\x0c\xc5\x63\xe2\xe8\x63\x87\x1f\x39\
\x74\x6d\x78\xcd\xa4\x8c\xed\x50\x44\xb6\xb0\x00\x50\x59\xb9\x7c\
\xe4\xea\x81\x55\x03\x76\x9c\xad\x8a\xf3\xc4\x91\xf3\xa0\x98\x80\
\xbd\xcf\xc5\x53\xf9\x69\x05\xf0\x04\xa0\x8f\x39\xe2\xac\xde\x9c\
\xd8\xf5\x14\x57\x08\xa8\x9c\xb0\x00\x50\xc9\x9b\x33\x36\x36\x26\
\xeb\xca\x34\x81\x7e\x16\xc0\xa7\x00\x0c\xb2\x9d\x89\x0a\xd2\x36\
\xa8\xfc\x2f\x1c\x8d\x2b\xd2\xab\xea\x13\x17\x6f\xb3\x1d\x88\x28\
\x9f\x58\x00\xa8\xe4\x84\x27\xae\xf6\xbe\xf1\x5a\xeb\x59\x1e\xd1\
\x1a\x15\x27\x00\xd5\x13\x6c\x67\xa2\xa2\xe3\x02\xf8\x1b\x04\x71\
\x07\x12\x5b\x94\x98\xf6\x0c\x6f\x28\xa4\x52\xc3\x02\x40\x25\x61\
\xd6\xf1\x0f\x1f\x3c\xa0\x72\xf7\x54\x55\xb9\x08\xc0\x67\xc1\x17\
\xec\x50\x6e\xbd\x0a\xc1\x4a\xb8\x58\xd9\x3e\x14\xff\xbb\xb4\x29\
\xb0\xcb\x76\x20\xa2\xfe\x62\x01\xa0\xa2\x35\xf7\xc4\xe5\x47\x66\
\x33\x9e\xe9\xa2\xee\x45\x0a\xf9\x0c\x80\x4a\xdb\x99\xa8\x2c\xec\
\x84\x20\xa6\x2e\x1a\x76\xb6\x57\xfd\xe1\xde\x4d\x93\xda\x6c\x07\
\x22\xea\x0b\x16\x00\x2a\x2a\x57\x9d\x14\x3f\xd4\xbb\x47\x03\x0a\
\xcc\x80\x60\x0a\x78\xc7\x3e\xd9\xb5\x0b\x8a\x47\x21\x72\xdf\x30\
\xef\xae\xe5\xdc\xdb\x80\x8a\x09\x0b\x00\x15\xbc\xeb\x7c\xcb\x87\
\xee\x82\x67\x3a\x44\xbf\x00\xc5\xf9\xe0\x6f\xfa\x54\x98\xb6\x03\
\x78\x10\x22\xbf\x1d\x76\xd4\x90\x3f\xf2\x11\x43\x2a\x74\x2c\x00\
\x54\x90\xc2\x08\x3b\x6f\x8e\x3d\xf5\x3c\x71\xe5\x32\x40\x2e\x06\
\x30\xd8\x76\x26\xa2\x9e\x12\x60\x2b\x80\x65\x59\xd5\xff\xb7\x38\
\x55\xfb\xb4\xed\x3c\x44\x9d\x61\x01\xa0\x82\x32\xd7\xb7\xdc\x97\
\x15\xe7\x8b\x50\x5c\x06\xe0\x63\xb6\xf3\x10\xe5\xc0\x7a\x85\xfc\
\xdc\xc9\x3a\xf7\x44\x5a\xa6\xbe\x69\x3b\x0c\xd1\x3e\x2c\x00\x64\
\xdd\xd5\xc7\x36\x0c\x6a\xaf\x1a\x3c\x13\xaa\xb3\x04\x38\xdb\x76\
\x1e\xa2\x3c\xd9\x03\xc1\x03\xe2\xca\xcf\x0e\x4f\xad\x7d\x34\x8c\
\xb0\x6b\x3b\x10\x95\x37\x16\x00\xb2\x66\xae\x6f\xb9\xcf\x85\x7c\
\x55\x21\x5f\x03\x70\xb8\xed\x3c\x44\x06\xbd\x2a\xd0\x5f\x2a\x70\
\x77\x34\x59\xfb\x0f\xdb\x61\xa8\x3c\xb1\x00\x90\x51\xe1\x71\x0d\
\x95\x5b\xb3\x83\x3e\x07\x95\xd9\x80\x7e\xd2\x76\x1e\x22\xcb\x5c\
\x00\xab\x5c\x38\x8b\x16\x27\xa7\xae\xe2\xcb\x86\xc8\x24\x16\x00\
\x32\x62\xee\x89\xcb\x8f\xcc\xa4\x3d\x97\x0b\x34\x08\xe0\x58\xdb\
\x79\x88\x0a\x8e\xa2\x05\x82\xe8\xc0\x01\x95\x3f\xbd\xf3\xb9\x0b\
\x76\xda\x8e\x43\xa5\x8f\x05\x80\xf2\x2a\x34\xb6\xf1\x2c\x75\x25\
\x04\xe0\x73\xe0\xe3\x7b\x44\x3d\xf1\x16\x04\x4b\x25\xe3\xa9\x8f\
\xb4\x4c\x7d\xc5\x76\x18\x2a\x5d\x2c\x00\x94\x73\x61\x84\x9d\x6d\
\xfe\xf1\xd3\x14\x98\x03\xc5\x64\xdb\x79\x88\x8a\x94\x0b\xc5\x4a\
\x88\x7b\x6b\x34\x39\xfd\x71\xdb\x61\xa8\xf4\xb0\x00\x50\xce\x84\
\x46\xaf\x1c\x00\x27\x7b\x99\x2b\xf8\x86\x00\x3e\xdb\x79\x88\x4a\
\x86\xe2\xaf\x2a\x3a\x7f\x78\xf2\x99\xdf\xf1\xe9\x01\xca\x15\x16\
\x00\xea\xb7\xd0\xe8\x95\x07\xb9\xde\x6c\x9d\x28\xe6\x00\x38\xca\
\x76\x1e\xa2\x12\x96\x50\xd5\x1f\x0c\x3f\x7a\xe8\x6f\xf8\xa6\x41\
\xea\x2f\x16\x00\xea\xb3\xd0\xe8\x95\x07\xb9\x1e\xf7\x2a\x81\x5e\
\x07\xe0\x30\xdb\x79\x88\xca\x85\x42\x36\x09\x74\x81\x64\x3d\x77\
\x45\x5a\xa6\xee\xb1\x9d\x87\x8a\x13\x0b\x00\xf5\xda\xac\xea\xd8\
\xb0\x4a\x07\x41\x28\xe6\x02\x38\xc4\x76\x1e\xa2\x32\xf6\x12\x80\
\x1f\xb7\xee\xa9\xba\x9b\xbb\x12\x52\x6f\xb1\x00\x50\x8f\xd5\xf9\
\xef\x3f\x1c\x5a\x71\xbd\x00\x75\xe0\xbb\xf9\x89\x0a\xc9\x2b\x10\
\xb9\xbd\xa2\x75\xd7\x4f\xe7\xbf\x32\x73\xb7\xed\x30\x54\x1c\x58\
\x00\xe8\x80\x42\xa3\x57\x1e\xa4\xde\xec\x35\x50\x5c\x0d\xe0\x20\
\xdb\x79\x88\xa8\x4b\x9b\x01\xdc\x36\xcc\xbb\x7b\x09\xb7\x26\xa6\
\x03\x61\x01\xa0\x2e\xcd\x1a\x1f\x1b\x5c\xd9\x8a\xaf\x43\xf1\x5f\
\x10\x1c\x69\x3b\x0f\x11\xf5\xd8\x4b\x10\xb9\x65\x58\x62\xed\x4f\
\xf9\xd4\x00\x75\x85\x05\x80\x3e\x64\x06\x1a\x3c\x47\x55\x0f\xfa\
\x0f\x15\x84\x01\x1c\x6d\x3b\x0f\x11\xf5\x59\x93\x2a\xae\xaf\x4f\
\x05\xfe\x68\x3b\x08\x15\x1e\x16\x00\x7a\x9f\x50\x75\x7c\x32\x44\
\x7f\xa4\xc0\xc9\xb6\xb3\x10\x51\x8e\x08\x1e\x91\x8c\x7b\x5d\xa4\
\x65\xfa\xdf\x6c\x47\xa1\xc2\xc1\x02\x40\x00\x80\x39\xfe\xf8\xf8\
\xac\xea\x1d\x02\x4c\xb2\x9d\x85\x88\xf2\xc2\x05\xf0\xfb\xac\xca\
\x0d\x4b\x52\x35\x1b\x6d\x87\x21\xfb\x58\x00\xca\x5c\xd0\xb7\xfc\
\x68\x81\x73\xab\x02\x97\x80\xff\x3d\x10\x95\x83\x36\x05\x22\x4e\
\xd6\xf3\xfd\x48\xcb\xd4\x77\x6d\x87\x21\x7b\xf8\x03\xbf\x4c\xcd\
\x1a\xbf\xb6\xa2\xb2\x75\xf3\x6c\x00\x37\x83\x77\xf6\x13\x95\xa3\
\xd7\x45\x71\x7d\x24\x55\xf3\x0b\x6e\x43\x5c\x9e\x58\x00\xca\x50\
\xa8\x3a\x3e\x59\x45\x17\x01\x18\x6b\x3b\x0b\x11\x59\xf7\xe7\x2c\
\xdc\xe0\x92\xe4\xf4\xe7\x6c\x07\x21\xb3\x58\x00\xca\x48\x68\xf4\
\xca\x51\xea\xc9\x46\x00\x7c\xd6\x76\x16\x22\x2a\x28\x19\x00\xf5\
\xed\xe9\x81\x37\x2d\xdd\x78\xfe\x3b\xb6\xc3\x90\x19\x2c\x00\x65\
\x60\xbf\xe5\xfe\x5b\x00\x0c\xb1\x9d\x87\x88\x0a\x16\x2f\x0b\x94\
\x11\x16\x80\x12\x57\x37\x66\xc5\xa7\xc5\xa3\x4b\xa0\x7a\x82\xed\
\x2c\x44\x54\x1c\x04\x78\x3a\xab\x5a\xb7\x38\x55\xfb\xb4\xed\x2c\
\x94\x3f\x2c\x00\x25\x2a\x34\x7a\xe5\x70\xf5\x64\x7e\x0c\xc8\x97\
\xc1\x7f\xcf\x44\xd4\x7b\x19\x40\x16\x54\xec\xdc\xf5\x1d\xee\x2f\
\x50\x9a\x78\x62\x28\x41\x41\x5f\x7c\x06\xa0\xf5\x00\x86\xdb\xce\
\x42\x44\x45\x6f\xa3\x03\xf9\xda\xa2\x64\xcd\x6a\xdb\x41\x28\xb7\
\x58\x00\x4a\xc8\xec\x71\x2b\x8e\x72\xd2\xd9\x7a\x88\x5c\x6c\x3b\
\x0b\x11\x95\x14\x85\xea\x4f\xdc\x8a\xb6\x6f\x2c\x6e\x9e\xd9\x6a\
\x3b\x0c\xe5\x06\x0b\x40\x49\x50\x09\x55\xc7\x2f\x55\xc1\x7c\x00\
\x87\xd9\x4e\x43\x44\xa5\x49\x21\x9b\x1c\xc5\xd7\x23\xa9\x9a\x47\
\x6c\x67\xa1\xfe\x63\x01\x28\x72\x7b\x7f\xeb\x77\x7f\x02\x41\x8d\
\xed\x2c\x44\x54\x16\x54\x80\x5f\x66\x2a\x65\xee\x92\x75\x35\xdb\
\x6d\x87\xa1\xbe\x63\x01\x28\x62\x1d\xd7\xfa\xef\x02\x7f\xeb\x27\
\x22\xf3\x36\x2b\xf4\xaa\xfa\x64\xed\x72\xdb\x41\xa8\x6f\x58\x00\
\x8a\x50\x68\xf4\xca\xe1\xea\x64\xee\xe2\xb5\x7e\x22\xb2\x4d\x21\
\x77\xa7\xab\xf4\x9a\xa5\x4d\x81\x5d\xb6\xb3\x50\xef\xb0\x00\x14\
\x99\x90\x3f\x16\x50\xc5\x4f\x01\x1c\x61\x3b\x0b\x11\x51\x87\xf5\
\xa2\xf8\x62\x24\x15\x78\xd6\x76\x10\xea\x39\x16\x80\x22\x71\xf9\
\xc8\xd5\x03\x87\x0c\x68\xbd\x4d\x80\x10\xf8\xef\x8d\x88\x0a\xcf\
\x1e\x85\xdc\x34\x3c\xb9\xf6\x8e\x30\xc2\xae\xed\x30\x74\x60\x3c\
\x91\x14\x81\xd9\x63\xe2\x63\x1d\x47\x7f\x03\xe0\x14\xdb\x59\x88\
\x88\xba\x25\x78\xc4\x2b\x15\x97\x2d\x58\x3f\x65\xb3\xed\x28\xd4\
\x3d\xc7\x76\x00\xea\x5e\xa8\x3a\x76\x99\xe3\xe8\xd3\xe0\xc9\x9f\
\x88\x8a\x81\x62\x72\xc6\x4d\x3f\x1b\x1a\x13\x9f\x66\x3b\x0a\x75\
\x8f\x2b\x00\x05\x6a\xd6\xf1\x0f\x1f\x5c\xe9\xdd\x7d\x0f\x6f\xf4\
\x23\xa2\x22\xa5\x22\x98\x8f\x8c\xe7\x5b\x91\x96\xa9\x7b\x6c\x87\
\xa1\x0f\x63\x01\x28\x40\xa1\xd1\xcb\x4f\x55\x8f\xb3\x0c\xc0\x28\
\xdb\x59\x88\x88\xfa\x45\xf0\x37\xc9\x78\x66\x44\x5a\xa6\x6e\xb0\
\x1d\x85\xde\x8f\x97\x00\x0a\x4c\xa8\x3a\x76\x99\x7a\x9c\xbf\x80\
\x27\x7f\x22\x2a\x05\x8a\x53\xd5\x93\x7d\xa6\xae\x3a\x76\x91\xed\
\x28\xf4\x7e\x5c\x01\x28\x10\x57\x1f\xdb\x30\x28\x3d\x64\x70\x04\
\xd0\xff\xb4\x9d\x85\x88\x28\x0f\x54\xa0\xb7\x1f\x9e\x7c\xe6\x5b\
\x7c\x4a\xa0\x30\xb0\x00\x14\x80\xd0\xe8\x95\xa3\xd4\x93\x7d\x10\
\xc0\x89\xb6\xb3\x10\x11\xe5\xd9\x1f\xb2\x95\xf2\x65\xbe\x46\xd8\
\x3e\x16\x00\xcb\x82\xfe\xf8\x05\x50\xfd\x0d\x80\x43\x6d\x67\x21\
\x22\x32\xe4\x25\xc0\xfd\xf7\x68\x72\xfa\x5a\xdb\x41\xca\x19\xef\
\x01\xb0\x46\xa5\xce\x17\xbf\x1e\xaa\x2b\xc0\x93\x3f\x11\x95\x97\
\xe3\x00\xe7\xcf\x41\x5f\xec\xab\xb6\x83\x94\x33\xae\x00\x58\x70\
\xed\xc9\xab\x86\xec\xd9\x93\xbe\x47\xa1\x33\x6d\x67\x21\x22\xb2\
\x49\x81\x45\xe9\xaa\x11\xd7\x2e\x6d\x9a\x90\xb6\x9d\xa5\xdc\xb0\
\x00\x18\x16\x1a\xbd\xf2\x58\xf5\x64\x63\x00\x3e\x6e\x3b\x0b\x11\
\x51\x81\x58\x53\xe1\xad\xf8\xf7\xf9\xcd\x53\xde\xb2\x1d\xa4\x9c\
\xb0\x00\x18\x34\x7b\xcc\x8a\x8f\x3b\x8e\xdb\x08\xe0\x23\xb6\xb3\
\x10\x11\x15\x98\x0d\x1e\xb8\xd3\x16\x26\xa7\x27\x6d\x07\x29\x17\
\xbc\x07\xc0\x90\x90\x2f\xf6\x39\xc7\x71\x1f\x07\x4f\xfe\x44\x44\
\x9d\x19\x95\x85\xf3\x44\xc8\xdf\x78\xae\xed\x20\xe5\x82\x05\x20\
\xef\xf6\xde\xec\xa7\xc0\x6f\x01\x0c\xb6\x9d\x86\x88\xa8\x80\x1d\
\xa6\x2a\xab\x82\xbe\xf8\x25\xb6\x83\x94\x03\x5e\x02\xc8\xa3\xf0\
\xc4\xd5\xde\x6d\x9b\x5b\x97\x28\xf0\x35\xdb\x59\x88\x88\x8a\x88\
\x42\x70\x73\x34\x51\xf3\x5d\x40\xd4\x76\x98\x52\xc5\x02\x90\x27\
\xb3\xc7\x35\x54\x39\x99\x41\x0d\x00\x3e\x6b\x3b\x0b\x11\x51\x91\
\xfa\x6d\xeb\x9e\xaa\xcb\xef\xdd\x34\xa9\xcd\x76\x90\x52\xc4\x02\
\x90\x07\xb3\xc7\xad\x38\xca\xc9\xb8\x2b\x00\x9c\x66\x3b\x0b\x11\
\x51\x31\x53\xe0\x09\x27\xeb\xb9\x30\xd2\x32\xf5\x4d\xdb\x59\x4a\
\x0d\x0b\x40\x8e\xcd\x1e\x13\x1f\xeb\x38\xfa\x07\x00\x1f\xb5\x9d\
\x85\x88\xa8\x44\x24\xdc\x4c\xf6\xdf\x16\x6f\xb8\xf0\x65\xdb\x41\
\x4a\x09\x0b\x40\x0e\x85\xc6\x36\x9e\xa5\xae\xac\x00\x70\x98\xed\
\x2c\x44\x44\x25\xe6\x25\x15\xe7\xfc\xfa\xc4\xb4\x94\xed\x20\xa5\
\x82\x4f\x01\xe4\xc8\x1c\x5f\x7c\x92\xeb\xca\xff\x82\x27\x7f\x22\
\xa2\x7c\x38\x4e\xd4\xfd\x73\x68\xf4\xf2\x53\x6d\x07\x29\x15\x2c\
\x00\x39\x10\xf4\xc5\x6b\x5d\xe8\x4a\x01\x86\xda\xce\x42\x44\x54\
\xc2\x8e\x50\x8f\xb3\x7a\x76\x75\xec\x1c\xdb\x41\x4a\x01\x0b\x40\
\x3f\xd5\x55\x37\x5e\x0a\xe8\xef\x01\x0c\xb4\x9d\x85\x88\xa8\x0c\
\x1c\xec\x08\x56\x05\xab\x1b\xf9\x84\x55\x3f\xb1\x00\xf4\x43\xb0\
\xba\xf1\x6a\x11\xf9\x39\x00\xaf\xed\x2c\x44\x44\x65\x64\x30\x44\
\x96\xd7\x55\xc7\xbf\x60\x3b\x48\x31\x63\x01\xe8\xa3\x90\x2f\xf6\
\x4d\x88\xfc\x18\xbc\x91\x92\x88\xc8\x86\x0a\x11\xfd\x75\xd0\x17\
\x9b\x6b\x3b\x48\xb1\x62\x01\xe8\x83\xa0\x2f\xfe\xdf\x0a\xdc\x6e\
\x3b\x07\x11\x51\x99\x13\x00\xf3\x43\xbe\xd8\x37\x6d\x07\x29\x46\
\x1e\xdb\x01\x8a\x4d\xd0\x1f\x0b\x03\xf8\xae\xed\x1c\x44\x44\x04\
\x60\x6f\x09\x38\xff\xf4\xe1\x5f\x6a\x7f\x7a\xeb\x6f\xfe\x62\x3b\
\x4c\x31\x61\x01\xe8\x85\xa0\x2f\x76\x33\x80\xef\xd8\xce\x41\x44\
\x44\xef\x27\xc0\x79\xa7\x0f\xfb\x72\xdb\xd3\xdb\x7e\xfd\xb8\xed\
\x2c\xc5\x82\xd7\xaf\x7b\x28\xe8\x8b\x7f\x1f\xd0\x1b\x6d\xe7\x20\
\x22\xa2\xae\x09\x70\x5d\x24\x19\xb8\xc3\x76\x8e\x62\xc0\x02\xd0\
\x03\x75\xd5\xb1\x6b\x44\xf0\x23\xdb\x39\x88\x88\xe8\x80\x54\x04\
\x73\x22\x89\x40\xd4\x76\x90\x42\xc7\x02\x70\x00\x41\x7f\x3c\x04\
\xd5\x45\xb6\x73\x10\x11\x51\x8f\x29\x54\x83\xd1\x54\xed\x62\xdb\
\x41\x0a\x19\x0b\x40\x37\x82\xbe\xd8\x57\x01\xfc\x0c\xfc\xdf\x89\
\x88\xa8\xd8\xa8\x42\xea\xea\x93\x35\x4b\x6c\x07\x29\x54\x3c\xb1\
\x75\x21\xe8\x8b\xcf\x00\xf4\x37\xe0\x8d\x92\x44\x44\xc5\x4a\x45\
\xf4\xaa\x48\xa2\xf6\x6e\xdb\x41\x0a\x11\x0b\x40\x27\x82\xfe\xc6\
\x7f\x87\xca\xff\x80\x6f\xf8\x23\x22\x2a\x76\x2e\x14\x5f\x8a\xa6\
\x02\xbf\xb5\x1d\xa4\xd0\xb0\x00\x7c\x40\xc8\x1f\xfb\x37\x55\x34\
\x02\x18\x60\x3b\x0b\x11\x11\xe5\x44\x1a\x22\x81\x68\xa2\x66\x95\
\xed\x20\x85\x84\x05\x60\x3f\x41\x5f\xe3\x67\x00\x89\x03\x18\x64\
\x3b\x0b\x11\x11\xe5\x8e\x02\x3b\x3c\x22\x93\x16\x25\x6a\x9a\x6c\
\x67\x29\x14\x2c\x00\x1d\x82\xbe\xe5\x13\x00\x67\x35\x80\x2a\xdb\
\x59\x88\x88\x28\x2f\xde\x70\xbd\xee\x27\x17\x37\x4f\x6f\xb1\x1d\
\xa4\x10\x70\x2f\x00\x00\xf3\xfc\x0f\x8c\x04\x9c\x18\x78\xf2\x27\
\x22\x2a\x65\x47\x38\x19\xe7\x7f\xe7\x8d\x7d\x68\x84\xed\x20\x85\
\xa0\xec\x0b\xc0\xac\xe3\x1f\x3e\x38\xa3\xde\x18\x80\xa3\x6c\x67\
\x21\x22\xa2\xbc\xfb\x58\xc6\x4d\xaf\x9a\x37\xf2\x81\x43\x6c\x07\
\xb1\xad\xac\x0b\x40\x78\x5c\x43\x65\x65\x45\xdb\xfd\x00\x4e\xb4\
\x9d\x85\x88\x88\x8c\x39\x29\x33\xc0\xfb\xc0\xe5\x23\x57\x0f\xb4\
\x1d\xc4\xa6\x32\x2e\x00\x2a\x5b\x33\x03\x7f\x06\xe0\x33\xb6\x93\
\x10\x11\x91\x71\x13\x87\x0e\xd8\xf9\x3f\x33\xd0\x50\xb6\xef\x7a\
\x29\xdb\x02\x50\xe7\x8b\xdf\x06\xc8\x25\xb6\x73\x10\x11\x91\x1d\
\x0a\x9d\x7e\x94\x6f\xe0\x9d\xb6\x73\xd8\x52\x96\x4f\x01\x04\xfd\
\xf1\x59\x50\xe5\x9b\xa1\x88\x88\x08\x22\x7a\x65\x39\xbe\x2d\xb0\
\xec\x0a\x40\x68\x4c\x7c\x9a\x3a\xfa\x20\xf8\x96\x3f\x22\x22\xda\
\x2b\xed\x40\x2e\x58\x94\xac\x59\x6d\x3b\x88\x49\x65\x55\x00\x66\
\x57\x37\x9e\xee\x88\xac\x06\x30\xc4\x76\x16\x22\x22\x2a\x28\xdb\
\xb2\x2a\x67\x2c\x49\xd5\x6c\xb4\x1d\xc4\x94\xb2\xb9\x07\x60\xee\
\x89\xcb\x8f\x74\x44\xee\x07\x4f\xfe\x44\x44\xf4\x61\x87\x7b\x44\
\x57\x94\xd3\xe3\x81\x65\x51\x00\x66\x8d\x5f\x5b\x91\xcd\x48\x03\
\x80\x63\x6d\x67\x21\x22\xa2\x82\xe5\xcf\x0c\xf0\x96\xcd\x93\x01\
\x65\x51\x00\x2a\x5b\x37\x2f\x82\xca\xa7\x6d\xe7\x20\x22\xa2\x82\
\x77\xc1\x51\xfe\x41\xb7\xdb\x0e\x61\x42\xc9\xdf\x03\x50\xe7\x8f\
\x7f\x45\x54\xef\xb5\x9d\x83\x88\x88\x8a\x88\xc8\x15\xd1\x44\xcd\
\x52\xdb\x31\xf2\xa9\xa4\x0b\x40\x68\x6c\xe3\x59\xea\xca\x1a\x70\
\x6b\x5f\x22\x22\xea\x9d\x76\xc0\xfd\x4c\x34\x39\xfd\x71\xdb\x41\
\xf2\xa5\x64\x0b\xc0\xec\x71\x2b\x8e\x72\x32\xee\x5a\x00\xc7\xd8\
\xce\x42\x44\x44\x45\xe9\x75\xaf\x53\x71\xda\x82\xf5\x53\x36\xdb\
\x0e\x92\x0f\x25\x79\x0f\xc0\xac\xf1\x6b\x2b\x9c\x8c\xdb\x00\x9e\
\xfc\x89\x88\xa8\xef\x8e\x4a\xbb\xe9\x5f\x95\xea\x4d\x81\x25\x59\
\x00\x2a\x77\xbc\x16\x05\xf0\x29\xdb\x39\x88\x88\xa8\xb8\x09\x30\
\xe9\x28\xff\xe0\xef\xd8\xce\x91\x0f\x25\x77\x09\x20\xe8\x6b\xfc\
\x4f\x40\x7e\x6a\x3b\x07\x11\x11\x95\x0c\x17\x22\x53\xa3\x89\x9a\
\x55\xb6\x83\xe4\x52\x49\x15\x80\xd0\xe8\x07\x4f\x50\x8f\xe7\x69\
\x00\x83\x6d\x67\x21\x22\xa2\x92\xf2\x96\x57\x32\xe3\x17\x24\x2e\
\xda\x64\x3b\x48\xae\x94\xcc\x25\x80\xcb\x47\xae\x1e\xa8\x1e\xcf\
\xaf\xc1\x93\x3f\x11\x11\xe5\xde\x61\x19\x78\xff\x27\x3c\xae\xa1\
\xd2\x76\x90\x5c\x29\x99\x02\x50\x35\xa0\x75\x3e\x80\x53\x6c\xe7\
\x20\x22\xa2\x12\xa5\x38\x73\x6b\x76\xf0\xad\xb6\x63\xe4\x4a\x49\
\x5c\x02\x08\xf9\xe3\x17\xab\xea\xef\x6d\xe7\x20\x22\xa2\x92\xa7\
\x02\xcc\x8c\x24\x03\xbf\xb3\x1d\xa4\xbf\x8a\xbe\x00\xcc\x1d\x17\
\x3b\x2e\x9b\xc1\xdf\x01\x1c\x6a\x3b\x0b\x11\x11\x95\x85\x77\xd4\
\x71\x4e\xa9\x5f\x3f\xed\x9f\xb6\x83\xf4\x47\x51\x5f\x02\x98\x81\
\x06\x4f\x36\x83\x9f\x83\x27\x7f\x22\x22\x32\xe7\x60\xc7\x75\x7f\
\x59\xec\xef\x07\x28\xea\x02\x70\x84\x6f\x50\x18\xc0\x44\xcb\x31\
\x88\x88\xa8\xcc\x28\x70\xce\x51\xbe\x41\xd7\xd8\xce\xd1\x1f\x45\
\x7b\x09\xa0\x6e\xcc\x8a\x4f\x8b\xe3\x3e\x0a\xa0\xa8\x1b\x18\x11\
\x11\x15\xad\x3d\xa2\x38\x33\x92\x0a\x3c\x6b\x3b\x48\x5f\x14\x65\
\x01\xb8\x7a\xdc\x43\x87\xa5\x33\xe9\xe7\xc0\x57\xfd\x12\x11\x91\
\x5d\xeb\x24\xeb\x39\x3d\xd2\x32\x75\x8f\xed\x20\xbd\x55\x94\x97\
\x00\xda\x33\xe9\x45\xe0\xc9\x9f\x88\x88\xec\x3b\xc9\x75\xb2\xb7\
\xd8\x0e\xd1\x17\x45\xb7\x02\x10\xf2\xc7\x02\xaa\x68\xb4\x9d\x83\
\x88\x88\xa8\x83\x0b\xe8\xf9\xd1\x64\xed\xa3\xb6\x83\xf4\x46\x51\
\x15\x80\x79\x23\x1f\x38\x24\x33\xc0\xfb\x3c\xf8\xdb\x3f\x11\x11\
\x15\x96\x57\xb3\x95\x72\xd2\x92\x75\x35\xdb\x6d\x07\xe9\xa9\xa2\
\xba\x04\x90\x1e\xe0\x8d\x82\x27\x7f\x22\x22\x2a\x3c\xc7\x38\xed\
\x1a\xb1\x1d\xa2\x37\x8a\x66\x05\xa0\xce\xd7\x38\x5d\x20\x0f\xda\
\xce\x41\x44\x44\xd4\x15\x55\x5c\x5c\x9f\x0a\x3c\x60\x3b\x47\x4f\
\x14\x45\x01\xe0\xd2\x3f\x11\x11\x15\x89\xcd\xde\x3d\x99\x13\x16\
\x6c\xba\xe8\x6d\xdb\x41\x0e\xa4\x28\x2e\x01\x64\x06\x78\xeb\xc1\
\x93\x3f\x11\x11\x15\xbe\x11\xd9\x01\xde\x1f\xd8\x0e\xd1\x13\x05\
\xbf\x02\xc0\xbb\xfe\x89\x88\xa8\xc8\xb8\xae\xe2\xdc\xc5\xa9\xc0\
\x5f\x6c\x07\xe9\x4e\x41\x17\x80\x8e\x17\xfe\x34\x03\x38\xca\x76\
\x16\x22\x22\xa2\x1e\x13\x79\x61\x98\x67\xd7\xa9\xe1\xe6\x99\xed\
\xb6\xa3\x74\xa5\xa0\x2f\x01\xa4\xd3\xed\x3f\x04\x4f\xfe\x44\x44\
\x54\x6c\x54\x4f\x78\x33\x3d\xf0\x06\xdb\x31\xba\x53\xb0\x2b\x00\
\x41\xdf\xf2\x09\x80\xf3\x14\x0a\xbc\xa4\x10\x11\x11\x75\xa1\x5d\
\xb2\xd9\x53\x23\x2d\x17\xbe\x60\x3b\x48\x67\x0a\xf2\xe4\x1a\x46\
\xd8\x01\x9c\x7a\x14\x68\x3e\x22\x22\xa2\x1e\xa8\x54\xc7\xf3\xb3\
\xbd\xe7\xb4\xc2\x53\x90\xa1\xb6\x56\x9f\x76\x25\x80\x33\x6c\xe7\
\x20\x22\x22\xea\x17\xc1\x59\xdb\xfc\xa7\x7d\xdd\x76\x8c\xce\x14\
\xdc\x25\x80\x2b\x47\xdd\x7f\x84\xd7\x5b\x91\x00\x70\xa8\xed\x2c\
\x44\x44\x44\x39\xf0\x76\x26\x93\xf6\xdd\xb5\xe1\xe2\x37\x6c\x07\
\xd9\x5f\xc1\xad\x00\x78\x3d\x15\xb7\x83\x27\x7f\x22\x22\x2a\x1d\
\x87\x54\x78\x2b\x0a\x6e\xc7\xc0\x82\x5a\x01\x08\xfa\x96\x7f\x12\
\x70\xfe\x8c\x02\xcb\x45\x44\x44\xd4\x4f\x2e\xe0\x9e\x19\x4d\x4e\
\x5f\x6b\x3b\xc8\x3e\x05\xb3\x02\x10\x9e\xb8\xda\xdb\x71\xe3\x1f\
\x4f\xfe\x44\x44\x54\x6a\x1c\x85\xb3\x10\xd0\x82\x39\xc7\x15\x4c\
\x01\xd8\xfa\xda\x8e\x10\x80\x53\x6c\xe7\x20\x22\x22\xca\x07\x01\
\xce\xae\xf3\xc5\x66\xd8\xce\xb1\x4f\x41\x34\x91\xd0\xe8\x95\xc3\
\xd5\x93\x6d\x01\x70\x90\xed\x2c\x44\x44\x44\x79\xf4\xcf\x8a\x9d\
\xbb\xc7\xce\x7f\x65\xe6\x6e\xdb\x41\x0a\x63\x05\xc0\x9b\xbd\x09\
\x3c\xf9\x13\x11\x51\xe9\xfb\x68\xfb\xe0\x81\xdf\xb4\x1d\x02\x28\
\x80\x15\x80\xab\xaa\xe3\xc7\x7b\x44\xd7\x03\xa8\xb4\x9d\x85\x88\
\x88\xc8\x80\xdd\x1e\x2f\xfc\x0b\x9b\x03\x2f\xd9\x0c\x61\x7d\x05\
\xc0\x23\x7a\x3b\x78\xf2\x27\x22\xa2\xf2\x31\x28\x93\x81\xf5\x2d\
\x83\xad\xae\x00\xd4\xf9\x63\x9f\x10\xc5\xe3\xb6\x73\x10\x11\x11\
\x19\xa6\x2a\xf8\x64\x7d\x22\xf0\xa4\xad\x00\x56\x57\x00\x44\xe5\
\x0e\xf0\xe4\x4f\x44\x44\xe5\x47\x3a\xce\x81\xd6\x58\x2b\x00\x21\
\x7f\xfc\x62\x40\x3f\x69\x6b\x3e\x11\x11\x91\x5d\xfa\xc9\xa0\x3f\
\x7e\x81\xad\xe9\x56\x0a\x40\x78\xe2\x6a\xaf\xaa\x7e\xdf\xc6\x6c\
\x22\x22\xa2\x82\xa1\x7a\x8b\xad\x97\x03\x59\x29\x00\x6f\xbe\xd6\
\x7a\x05\x80\xb1\x36\x66\x13\x11\x11\x15\x90\xf1\x21\xff\x8a\x8b\
\x6c\x0c\x36\xde\x3a\xae\xf3\x2d\x1f\xba\x0b\x4e\x0b\x80\x23\x4c\
\xcf\x26\x22\x22\x2a\x38\x22\x2f\x6c\x49\xec\x3a\x79\x19\x66\x66\
\x4d\x8e\x35\xbe\x02\xb0\x5b\x3c\x21\xf0\xe4\x4f\x44\x44\xb4\x97\
\xea\x09\x47\x54\x0f\xfc\x92\xe9\xb1\x46\x57\x00\xae\x3d\x79\xd5\
\x90\xb6\x3d\xed\xff\x00\x30\xdc\xe4\x5c\x22\x22\xa2\x42\xa6\x90\
\x4d\xc3\xbd\xbb\x7c\xe1\xe6\x99\xed\xa6\x66\x1a\x5d\x01\x68\xdb\
\xd3\x5e\x07\x9e\xfc\x89\x88\x88\xde\x47\xa0\x23\xb7\x65\x07\x7e\
\xd5\xec\x4c\x43\x66\x8d\x8f\x0d\xae\x6c\xc5\x3f\xc0\xe5\x7f\x22\
\x22\xa2\xce\xbc\xd6\x5e\x85\x31\x4b\x9b\x02\xbb\x4c\x0c\x33\xb6\
\x02\x50\xb9\x43\xaf\x00\x4f\xfe\x44\x44\x44\x5d\x39\xba\xe3\x5c\
\x69\x84\x91\x15\x80\xcb\x47\xae\x1e\x58\x35\xa0\x75\x03\x80\xa3\
\x4d\xcc\x23\x22\x22\x2a\x52\xaf\x0e\xf3\xee\x3e\xde\xc4\xbd\x00\
\x46\x56\x00\x86\x0e\x68\x9d\x05\x9e\xfc\x89\x88\x88\x0e\xe4\x98\
\xad\x99\x81\x97\x9a\x18\x94\xf7\x02\x10\x1a\xbd\x72\x80\x02\x05\
\xb1\xf7\x31\x11\x11\x51\xa1\x53\xc8\x37\xc3\x08\xe7\xfd\xfc\x9c\
\xf7\x01\xae\x93\xfd\x1a\x80\x63\xf3\x3d\x87\x88\x88\xa8\x14\x08\
\xe0\xdb\xe6\x9f\x70\x61\xbe\xe7\xe4\xb5\x00\xcc\x1a\xbf\xb6\x42\
\x04\xd7\xe5\x73\x06\x11\x11\x51\xa9\x51\xd5\xeb\xf3\x3d\x23\xaf\
\x05\xa0\xb2\xf5\xf5\xcf\x03\x38\x2e\x9f\x33\x88\x88\x88\x4a\xd0\
\x19\x73\x7c\xf1\x49\xf9\x1c\x90\xd7\x02\x20\xd0\x39\xf9\x3c\x3e\
\x11\x11\x51\xa9\x72\x91\xdf\x55\x80\xbc\x3d\x06\x58\x37\x66\xc5\
\xa7\xc5\x71\xff\x94\xaf\xe3\x13\x11\x11\x95\x3a\x75\x30\xbe\x7e\
\x7d\xe0\x99\x7c\x1c\x3b\x6f\x2b\x00\xe2\xb8\x57\xe7\xeb\xd8\x44\
\x44\x44\xe5\x40\x34\x7f\x4f\xd1\xe5\x65\x05\xe0\xaa\xea\xf8\xf1\
\x1e\xd1\x14\x00\x4f\x3e\x8e\x4f\x44\x44\x54\x26\xb2\x59\x95\xea\
\x25\xa9\x9a\x8d\xb9\x3e\x70\x5e\x56\x00\x1c\xd1\xb9\xe0\xc9\x9f\
\x88\x88\xa8\xbf\x3c\x8e\xe8\x95\xf9\x38\x70\xce\x57\x00\x42\xa3\
\x57\x1e\xa4\x9e\xec\xcb\x00\x0e\xca\xf5\xb1\x89\x88\x88\xca\xd0\
\xf6\xf6\x2a\x1c\x9b\xeb\x4d\x82\x72\xbe\x02\xa0\xde\xcc\x2c\xf0\
\xe4\x4f\x44\x44\x94\x2b\x87\x56\xec\x94\x19\xb9\x3e\x68\x4e\x0b\
\xc0\x0c\x34\x78\xa0\x32\x3b\x97\xc7\x24\x22\x22\x2a\x77\xa2\x9a\
\xf3\x73\x6b\x4e\x2f\x01\x84\x7c\xb1\xcf\x29\xb0\x2c\x97\xc7\x24\
\xca\xa3\x3d\x02\x5d\xad\x90\xa7\x05\xd8\xaa\xd0\xa1\x80\x9c\x0a\
\x60\x0a\x80\x21\xb6\xc3\x11\x11\xbd\x9f\x7b\x7a\x34\x39\x7d\x6d\
\xae\x8e\xe6\xcd\xd5\x81\x00\x40\x55\x66\x41\x34\x97\x87\x24\xca\
\x07\x15\xc1\xe2\x74\x3a\x7d\xf3\x5d\x1b\x2e\x7e\xe3\x83\x5f\x9c\
\x75\xfc\xc3\x07\x57\x56\xec\xf9\x26\xa0\xd7\x02\x18\x60\x21\x1f\
\x11\x51\x27\x9c\xd9\x00\xfe\x23\x57\x47\xcb\xd9\x0a\xc0\x3c\xff\
\x03\x23\x33\xea\xdd\x00\x43\x5b\x0c\x13\xf5\x51\xbb\x00\x5f\x8e\
\x24\x03\xbf\x3b\xd0\x37\x86\x46\xaf\x1c\xa5\x9e\xec\x9d\x00\xf2\
\xbe\x29\x07\x11\x51\x0f\xec\xae\xf0\x56\x1c\x3b\xbf\x79\xca\x5b\
\xb9\x38\x58\xce\x4e\xd6\x19\xf5\xfe\x47\x2e\x8f\x47\x94\x0f\xaa\
\xa8\xeb\xc9\xc9\x1f\x00\x22\x2d\x53\x37\x44\x93\x81\x8b\x54\x31\
\x19\xc0\xf3\x79\x8e\x46\x44\x74\x20\x83\x32\xd9\xcc\x57\x73\x75\
\xb0\x9c\x9c\xb0\x3b\xf6\x2d\xfe\x4a\x2e\x8e\x45\x94\x37\xa2\x8f\
\xd5\xa7\x02\x3f\xed\xed\xc7\xea\x53\x81\x3f\x0e\x4b\x36\x9d\x22\
\x8a\xaf\x00\xf8\xd0\x25\x03\x22\x22\x53\x54\xf5\xaa\x8e\x73\x6e\
\xbf\xe5\xe4\x20\x6f\x56\x8f\x9f\x02\xee\xfa\x47\x05\x4e\xb2\xce\
\xed\x7d\xfd\x6c\x18\x61\x37\x92\x0a\xdc\x57\xe1\xad\x18\x0b\xd5\
\x08\x80\x4c\x0e\xa3\x11\x11\xf5\xd4\xa8\x37\x7c\xa7\xff\x5b\x2e\
\x0e\x94\x93\x02\x20\x0e\xbe\x96\x8b\xe3\x10\xe5\x51\x1b\xd4\x79\
\xa4\xbf\x07\x99\xdf\x3c\xe5\xad\x68\xaa\x76\x8e\x64\xb3\xa7\x40\
\xe5\xe1\x5c\x04\x23\x22\xea\x0d\x0f\x34\x27\x97\x01\xfa\x7d\x13\
\xe0\xdc\x13\x97\x1f\x99\x4d\x3b\x2f\x03\xa8\xc8\x41\x1e\xa2\xfc\
\x50\xb4\x44\x53\x81\x31\xb9\x3e\x6c\xa8\x3a\x3e\x59\x1d\x2c\x84\
\xea\x09\xb9\x3e\x36\x11\x51\x17\xda\xbc\x7b\x32\x23\x16\x6c\xba\
\xe8\xed\xfe\x1c\xa4\xdf\x2b\x00\xd9\xb4\xf3\x15\xf0\xe4\x4f\x85\
\x4e\xf0\x4e\x3e\x0e\x1b\x49\xd5\x3c\x32\xcc\xb3\xeb\x54\x01\xae\
\x03\xf0\x6e\x3e\x66\x10\x11\x7d\xc0\xc0\x74\xa5\xf7\x73\xfd\x3d\
\x48\x2e\x2e\x01\xe4\xec\x8e\x44\xa2\xfc\xd1\xbc\xbd\xa0\x22\xdc\
\x3c\xb3\x3d\x92\x0c\xdc\xa1\x92\x3e\x5e\x81\x45\x00\xb2\xf9\x9a\
\x45\x44\x04\x00\xe2\xe8\xa5\xfd\x3d\x46\xbf\x0a\x40\xdd\x98\x15\
\x9f\x06\xe0\xef\x6f\x08\xa2\x52\x50\x9f\xb8\x78\x5b\x7d\x32\x30\
\xd7\x11\x39\x53\x80\xbf\xd8\xce\x43\x44\x25\x4c\xe5\x53\x41\x5f\
\xe3\xc7\xfa\x73\x88\x7e\x15\x00\xf1\xb8\x97\xf4\xe7\xf3\x44\xa5\
\x68\x51\xa2\xa6\x29\x92\x0c\x7c\x4a\x04\xb5\x0a\xd9\x64\x3b\x0f\
\x11\x95\x24\x11\xc8\x97\xfb\x73\x80\x3e\x17\x80\x59\xe3\xd7\x56\
\x40\x71\x71\x7f\x86\x13\x95\xb2\x48\x22\x10\xab\xdc\xb9\xeb\x04\
\x85\xdc\x00\xa0\xd5\x76\x1e\x22\x2a\x2d\x0a\x5c\x06\x68\x9f\x6f\
\xe6\xef\x73\x01\xa8\xd8\xb1\xf9\x7c\x00\x87\xf7\xf5\xf3\x44\xe5\
\x60\xfe\x2b\x33\x77\xd7\x27\x6b\x6e\xcb\x28\xfc\x02\xfc\x02\x00\
\x37\xcb\x20\xa2\x5c\x19\x53\x37\x66\xe5\x19\x7d\xfd\x70\x9f\x0b\
\x80\x38\xf8\x7c\x5f\x3f\x4b\x54\x6e\xee\x4a\x05\x5e\x8d\x24\x03\
\x97\x89\xe2\x2c\x28\xfe\x6a\x3b\x0f\x11\x95\x06\xc7\xe3\xf6\xf9\
\x66\xc0\x3e\x15\x80\xcb\x47\xae\x1e\x08\xc5\xf4\xbe\x0e\x25\x2a\
\x57\x91\x54\xe0\xff\xa2\xa9\x9a\xb3\x3b\x5e\x2b\xfc\xba\xed\x3c\
\x44\x54\xdc\x54\xf1\xc5\xd0\xe8\x95\x7d\xda\xb5\xb4\x4f\x05\xa0\
\xaa\xb2\x75\x0a\x80\x83\xfb\xf2\x59\x22\x12\x8d\xa4\x02\xf7\x49\
\xd6\xe3\x53\xe0\x0e\x00\xed\xb6\x13\x11\x51\xd1\x3a\x0c\xde\x6c\
\x9f\x5e\x0d\xdc\xa7\x02\x20\x22\x5f\xec\xcb\xe7\x88\xe8\x3d\x91\
\x96\xa9\xef\xd6\x27\x03\xd7\xb9\x5e\x77\x1c\x80\x65\xb6\xf3\x10\
\x51\x71\x52\xc5\x45\x7d\xf9\x5c\xaf\x0b\xc0\xac\xf1\xb1\xc1\x0a\
\x9d\xd6\x97\x61\x44\xf4\x61\x8b\x9b\xa7\xb7\x44\x93\x81\x99\x80\
\x9e\x07\x60\x9d\xed\x3c\x44\x54\x74\x6a\xc3\x13\x57\x7b\x7b\xfb\
\xa1\x5e\x17\x80\x01\x3b\x75\x3a\x80\x21\xbd\xfd\x1c\x11\x75\x2f\
\x9a\xac\x7d\x74\xd8\x88\xaa\xd3\x20\x72\x05\x80\x37\x6d\xe7\x21\
\xa2\xa2\x71\xf8\xd6\xd7\x5b\xcf\xe9\xed\x87\x7a\x7f\x09\x40\x1d\
\xde\xfd\x4f\x94\x27\xe1\x35\x93\x32\xd1\x44\xcd\xd2\x6c\xa5\xf8\
\x3a\x5e\x2b\xcc\x6d\x87\x89\xe8\x80\xfa\x72\x19\xa0\x57\x05\xa0\
\x63\xf9\xff\x82\xde\x0e\x21\x2a\x76\xb3\xc7\xc4\xc7\x9a\x9c\xb7\
\x64\x5d\xcd\xf6\xfa\x64\x60\xae\xe3\xc8\xa9\x02\xfc\xd1\xe4\x6c\
\x22\x2a\x3e\x02\x5c\xd8\xdb\x97\x02\xf5\xaa\x00\x54\xb6\xca\x64\
\x00\x03\x7b\x95\x8a\xa8\x04\x38\xe2\x7e\x3f\xe8\x8b\xad\x99\x3d\
\x66\xc5\xc7\x4d\xce\x5d\xb4\xbe\xe6\xf9\x48\x32\x30\x59\x04\xb5\
\x00\x36\x98\x9c\x4d\x44\x45\xe5\xb8\xa0\xaf\x71\x7c\x6f\x3e\xd0\
\xbb\x4b\x00\xea\xf2\xe6\x3f\x2a\x67\xe7\x3a\x8e\xdb\x14\xf2\xc5\
\xee\x9b\x7b\xe2\xf2\x23\x4d\x0e\x8e\x24\x02\xb1\xf6\xaa\x11\x63\
\x01\xcc\x03\xb7\x1d\x26\xa2\x4e\xa8\x4a\xaf\x2e\x03\xf4\xa2\x00\
\xa8\x40\x64\x6a\x6f\x03\x11\x95\x18\x47\x81\x4b\xb3\x69\x27\x51\
\xe7\x8b\x5f\xdf\xd7\x17\x70\xf4\xc5\xd2\xa6\x09\xe9\x68\x32\xb0\
\xd0\xeb\x54\xf8\xa1\xba\x14\xdc\x76\x98\x88\xf6\x23\x92\xa7\x02\
\x10\x1a\xdd\xf8\x71\x00\xc7\xf6\x3a\x11\x51\x69\x3a\x44\xa0\xb7\
\xaa\x27\xbb\x2e\xe8\x8b\xcf\x30\x39\x78\xc1\xfa\x29\x9b\xa3\xa9\
\xda\x2b\xd4\xc1\x19\xdc\x76\x98\x88\xf6\x33\x36\x58\x1d\xf3\xf7\
\xf4\x9b\x7b\x5c\x00\xd4\xe3\xa9\xe9\x5b\x1e\xa2\x92\x36\x06\xd0\
\x86\xa0\x3f\xf6\x70\xdd\x09\x8d\xe3\x4c\x0e\xae\x5f\x1f\x78\x66\
\xdf\xb6\xc3\x00\xfe\x69\x72\x36\x11\x15\xac\x0b\x7b\xfa\x8d\x3d\
\xbf\x04\x20\x7c\xf9\x0f\x51\x97\x14\x93\x25\x2b\x7f\x0b\x56\x37\
\xde\x3d\xab\x3a\x36\xcc\xe4\xe8\xbd\xf7\x07\x80\xdb\x0e\x13\x11\
\x20\xe8\xf1\xa5\xfa\x1e\x15\x80\xd0\xe8\x95\xc3\xa1\x38\xbd\xef\
\x89\x88\xca\x42\x05\x44\x66\x55\x0a\x92\x41\x5f\x6c\xee\x0c\x34\
\x78\x4c\x0d\x5e\xda\x14\xd8\x55\x9f\xac\xb9\x4d\xb2\x9e\xb1\xdc\
\x76\x98\xa8\xac\x7d\x22\x34\x7a\xe5\x41\x3d\xf9\xc6\x9e\xad\x00\
\x78\x33\xd3\x7a\xfc\xbd\x44\x74\x18\x80\x05\x47\xfa\x06\xad\x0b\
\xfa\xe3\x46\xdf\x9b\x11\x69\x99\xfa\x4a\x24\x19\xb8\x4c\x5d\xe7\
\x13\x10\x3c\x65\x72\x36\x11\x15\x04\xaf\xeb\xcd\x7c\xba\x27\xdf\
\xd8\xa3\x93\xba\xab\xc2\xe5\x7f\xa2\xde\x1b\x0b\xd5\x87\x82\xd5\
\xb1\x58\xd0\xd7\xf8\x31\x93\x83\xeb\x5f\x9c\xf6\xd4\xb0\x44\xd3\
\xde\x6d\x87\x15\x5b\x4c\xce\x26\x22\xbb\x44\x65\x72\x4f\xbe\xef\
\x80\x05\x20\x3c\x71\xb5\x57\x80\xf3\xfb\x1f\x89\xa8\x4c\x09\x6a\
\x00\x69\xae\xf3\xc5\xbe\x77\xed\xc9\xab\x8c\xed\xa3\x11\x46\xd8\
\x8d\xa4\x02\xf7\xb5\x67\x06\xfa\x54\xf1\x23\x70\xdb\x61\xa2\xf2\
\x20\xd2\xa3\x73\xf6\x01\x0b\xc0\xb6\xd7\x5a\x4f\x03\x70\x70\xbf\
\x03\x11\x95\xb7\x41\x02\x7c\xbb\x6d\x4f\x7b\x2a\xe8\x8f\xcf\x0a\
\x23\x6c\xec\x92\xda\xd2\x8d\xe7\xbf\x53\x9f\x0a\x5c\xeb\x38\x38\
\x11\xdc\x76\x98\xa8\xf4\xa9\x9e\x10\x1a\xbd\xf2\x80\x8f\xed\x1f\
\xf0\x87\x90\x0a\x26\xe6\x24\x10\x11\x01\xc0\xd1\x50\xbd\x7b\xab\
\xef\xb4\xa7\xe6\xf8\xe3\x67\x9b\x1c\xbc\x68\x7d\xe0\xc5\x68\x32\
\x30\x53\x15\x93\x01\x3c\x6f\x72\x36\x11\x99\xe5\x7a\xdd\xf3\x0e\
\xf4\x3d\x3d\xf9\x2d\x64\x62\xff\xa3\x10\xd1\xfb\xc9\x04\x57\xf5\
\x2f\x41\x5f\xac\x61\xee\xb8\xd8\x71\x26\x27\xd7\xa7\x02\x7f\x1c\
\x36\xa2\xea\x54\x88\x5c\x21\xc0\x56\x93\xb3\x89\xc8\x0c\x51\xf7\
\x80\xf7\x01\x74\x5b\x00\xc2\x13\x57\x7b\x01\x7c\x32\x67\x89\x88\
\x68\x7f\x02\x60\x46\x36\x83\x17\x82\xfe\x58\xf8\xf2\x91\xab\x8d\
\x6d\xb4\xb5\x6f\xdb\x61\xaf\xb7\x82\xdb\x0e\x13\x95\x22\x95\xf3\
\x0f\xb4\x3b\x60\xb7\x05\xe0\xcd\x57\x77\x8d\x07\xd0\xa3\xe7\x09\
\x89\xa8\xcf\x86\x40\x71\x53\xd5\x80\xd6\x54\xa8\x3a\x76\x99\xc9\
\xc1\xf3\x9b\xa7\xbc\x55\x9f\x0c\xcc\x85\xe2\x24\x81\x3e\x64\x72\
\x36\x11\xe5\x91\xe0\xc8\xa0\x7f\xe5\x89\xdd\x7d\x4b\xf7\x97\x00\
\x1c\x9d\x98\xcb\x3c\x44\xd4\xad\x8f\xa8\xe0\xe7\x21\x5f\xec\x91\
\xa0\x7f\xc5\x49\x26\x07\x47\x53\x81\x44\x24\x59\xfb\x59\x88\x7e\
\x0e\xc0\x3f\x4c\xce\x26\xa2\xfc\x50\xd7\xed\xf6\x69\x80\x6e\x0b\
\x80\x03\x77\x62\x4e\xd3\x10\xd1\x01\x29\x70\x1e\xd4\xfd\x7b\xc8\
\x17\xbb\xef\xca\x51\xf7\x1f\x61\x72\x76\x34\x51\xfb\xfb\x61\xde\
\xdd\x7e\x70\xdb\x61\xa2\xa2\xe7\x88\x74\xfb\x42\xa0\x2e\x0b\x40\
\x78\xe2\x6a\xaf\x0b\xe1\xf5\x7f\x22\x3b\x1c\x05\x2e\xf5\x7a\x2b\
\x12\x75\xbe\xf8\xf5\xe1\x71\x0d\x95\xa6\x06\x87\x9b\x67\xb6\x7f\
\x60\xdb\x61\xd7\xd4\x6c\x22\xca\x1d\x85\x7e\xa2\xbb\xaf\x77\x59\
\x00\xb6\x6d\xd9\x31\x41\x80\xa1\xb9\x8f\x44\x44\xbd\x70\xa8\x40\
\x6f\x7d\x33\x33\xe8\xb9\xd0\x98\xb8\xd1\x37\x72\xee\xdb\x76\xd8\
\x11\x39\x03\x90\xc7\x4d\xce\x26\xa2\x9c\x38\xe2\xaa\xea\xf8\xf1\
\x5d\x7d\xb1\xcb\x02\xa0\x59\x99\x98\x97\x38\x44\xd4\x6b\x02\xf8\
\xd4\xd1\x78\x9d\x2f\xd6\x38\x67\x6c\x6c\x8c\xc9\xd9\x8b\x12\x35\
\x4d\xd1\xe4\xb4\x4f\xa9\xea\x65\x00\x5e\x33\x39\x9b\x88\xfa\xc7\
\x2b\x5d\xaf\x02\x74\x5d\x00\x04\x46\x5f\x52\x42\x44\x07\x26\x40\
\xc0\x75\xd1\x5c\xe7\x8b\x2d\x9c\x75\xfc\xc3\x06\xdf\xd0\x29\x5a\
\x9f\xaa\xfd\x45\x7b\x15\xc6\x40\xf0\x5d\x00\x6d\xe6\x66\x13\x51\
\x9f\x09\x7a\x5f\x00\x04\x98\x90\x9f\x34\x44\xd4\x4f\x15\x02\xcc\
\xa9\xac\x68\xdb\x60\x63\xdb\xe1\x68\x22\x10\x96\xac\x67\x0c\xb7\
\x1d\x26\x2a\x7c\xaa\xbd\x2c\x00\x1d\xef\x10\x1e\x91\xb7\x44\x44\
\x94\x0b\x87\x03\x58\x70\xa4\x7f\xd0\xd3\xa1\xea\xf8\xa7\x4c\x0e\
\xde\xb7\xed\xb0\x88\x4e\x02\xf0\xac\xc9\xd9\x44\xd4\x2b\x27\xcf\
\x1e\xd7\x50\xd5\xd9\x17\x3a\x2d\x00\xae\x93\x3d\x3d\xbf\x79\x88\
\x28\x67\x14\xa7\xaa\xe8\x63\xc1\xea\x58\x6c\x9e\xff\x81\x91\x26\
\x47\x47\x12\xb5\x7f\x1a\x96\x6c\x3a\x4d\x14\x5f\x01\xf0\x86\xc9\
\xd9\x44\xd4\x23\x5e\x4f\x76\xe0\xf8\xce\xbe\xd0\xc5\x25\x00\xe5\
\xf2\x3f\x51\xb1\x11\xd4\x64\xd4\xfb\x42\xc8\xd7\x78\x6b\x57\x8d\
\x3f\x1f\xf6\x6d\x3b\xec\xdd\x93\xf1\x09\xf4\x36\x00\x7b\x4c\xcd\
\x26\xa2\x03\x53\x57\x3a\xbd\x0c\xd0\x69\x01\x10\x38\x5c\x01\x20\
\x2a\x4e\x83\x14\x72\xbd\x93\x19\x94\xd8\xfb\x5a\xe1\xee\xdf\x05\
\x9e\x4b\x0b\x36\x5d\xf4\x76\x24\x59\x7b\x83\x8a\x73\x32\x14\x71\
\x53\x73\x89\xe8\x00\xba\xb8\x11\xb0\x93\x02\xa0\x02\xd1\xd3\xf2\
\x9d\x87\x88\xf2\xea\x18\x15\xfc\x3c\xe8\x8b\xff\x35\x34\xb6\xf1\
\x2c\x93\x83\xeb\x13\xd3\x52\xd1\x54\x20\x20\x2a\xe7\x43\xd1\x6c\
\x72\x36\x11\x75\xaa\xd3\x9f\x01\x1f\x2a\x00\xa1\xd1\x7f\x38\x1e\
\x7b\x6f\x2e\x22\xa2\xe2\x77\x86\xba\xf2\x78\xd0\x17\xff\xe9\xdc\
\x13\x97\x1f\x69\x72\x70\x24\x55\xf3\x48\xfb\xd0\x11\xa7\xaa\xe2\
\x1b\x00\xde\x31\x39\x9b\x88\xde\xe7\x88\xce\xb6\x1d\xff\x50\x01\
\x70\x1d\x97\xcb\xff\x44\xa5\xc5\x01\xf4\x3f\xb3\x69\x67\x43\xd0\
\x1f\x0b\x87\x46\xaf\x1c\x60\x6a\xf0\xd2\xa6\x09\xe9\xfa\x54\xe0\
\xc7\x15\xde\x8a\xe3\x3b\xb6\x1d\xce\x9a\x9a\x4d\x44\xef\xc9\xa4\
\xf1\xa1\x9d\x01\x3b\xbb\x04\xc0\x1b\x00\x89\x4a\xd3\x10\x28\x6e\
\x52\x27\xfb\x7c\xd0\x17\x9f\x61\x72\xf0\xbe\x6d\x87\x5d\x57\x4e\
\x02\xb0\xca\xe4\x6c\x22\x02\x20\xf2\xa1\x1d\x46\x3f\x54\x00\x44\
\xd0\xe9\xe3\x02\x44\x54\x22\x04\xa3\x01\x6d\x08\xfa\x62\xab\x42\
\xa3\x1f\x3c\xc1\xe4\xe8\xc5\x2f\xd6\xac\x8f\x26\x03\x53\x00\x99\
\x09\xe0\x9f\x26\x67\x13\x95\x37\x3d\x70\x01\x00\x30\xce\x40\x12\
\x22\xb2\xef\xdf\xd4\xe3\x79\x36\x58\xdd\x78\x77\x68\xf4\xca\xe1\
\x26\x07\x47\x93\x35\xcb\x86\x79\x77\x57\x03\x98\xa7\xc0\x0e\x93\
\xb3\x89\xca\x91\x03\x74\x5f\x00\xea\xfc\xf7\x1f\x0e\xc0\xe8\x0f\
\x02\x22\xb2\xca\x0b\x91\x59\xea\xc9\x26\x83\xbe\xd8\xdc\xf0\xc4\
\xd5\x5e\x53\x83\xf7\x6d\x3b\x2c\x70\xb9\xed\x30\x51\x9e\x29\xe0\
\xff\xe0\xb6\xe2\xef\x5f\x01\xc8\x0e\xe0\x6f\xff\x44\xe5\xe9\x50\
\x00\x0b\xb6\x6e\x6e\x5d\x17\xac\x6e\xfc\xac\xc9\xc1\xd1\xe4\xf4\
\xd7\xa2\xa9\xda\x2b\x5c\xd5\xb3\x14\x78\xc2\xe4\x6c\xa2\x32\x52\
\xf9\xa6\x0e\x7c\xdf\x4e\xa2\xef\x2b\x00\xe2\xb8\x46\xaf\x07\x12\
\x51\xc1\xf1\x43\x64\x65\xb0\x3a\x16\x0b\x8d\x5e\x39\xca\xe4\xe0\
\xc5\xa9\xda\xa7\xeb\x93\x35\xe7\x74\xdc\x1f\xf0\x92\xc9\xd9\x44\
\x65\x21\xe3\xbc\xef\x32\xc0\xfb\x0a\x80\x02\x63\xcd\xa6\x21\xa2\
\x82\x24\xa8\x51\x4f\x76\x7d\x9d\x2f\xb6\x30\x34\x7a\xe5\x41\x06\
\x07\x6b\x34\x59\xb3\x6c\xe0\x80\xca\x13\xb8\xed\x30\x51\xae\xb9\
\x5d\x17\x00\x51\x61\x01\x20\xa2\x7d\x2a\x04\x98\xa3\x9e\x6c\x22\
\xe8\x8f\xcf\x32\xb9\xed\xf0\x9d\xcf\x5d\xb0\x33\x9a\x08\x84\xdd\
\x4c\xb6\xba\x63\xdb\x61\x22\xea\xaf\x0f\x3c\x0a\xf8\xfe\x7b\x00\
\x44\x79\x09\x80\x88\x3e\x68\x04\x54\xef\x3e\xd2\x37\xe8\xa9\xd9\
\xd5\xb1\x73\x4c\x0e\x5e\xbc\xe1\xc2\x97\x23\xc9\xc0\x65\x0e\xe4\
\x33\x02\x3c\x67\x72\x36\x51\xe9\xe9\xa2\x00\x74\x2c\xf3\x1d\x6d\
\x3c\x0f\x11\x15\x8b\xf1\x8e\xe0\xb1\x3a\x5f\xec\x97\x57\x56\xc7\
\x8e\x31\x39\x78\x51\xb2\x66\xf5\xe1\x23\xaa\xc6\x43\xb5\x0e\xc0\
\x36\x93\xb3\x89\x4a\x85\x40\x3f\x7a\xed\xc9\xab\x86\xec\xfb\xfb\
\x7b\x2b\x00\x15\x99\x13\x00\x18\xdb\x39\x8c\x88\x8a\x92\x08\xf0\
\x65\xaf\x20\x15\xf4\xc7\xc2\x57\x1f\xdb\x30\xc8\xd4\xe0\xf0\x9a\
\x49\x99\x68\xaa\x76\x71\xb6\x52\xc6\x74\x6c\x3b\xdc\x6e\x6a\x36\
\x51\x89\x90\xdd\x99\x3d\x23\xf7\xfd\xe5\xbd\x02\xe0\x3a\x5c\xfe\
\x27\xa2\x9e\x1a\x0c\xc5\x4d\xe9\x21\x83\x52\xa6\xb7\x1d\x5e\xb2\
\xae\x66\x7b\xc7\xb6\xc3\x27\x41\xb0\xc2\xd4\x5c\xa2\x52\xe0\xb8\
\x72\xfc\xbf\xfe\xbc\xef\x0f\xaa\x3a\xda\x4e\x1c\x22\x2a\x62\xc7\
\x76\x6c\x3b\xbc\x7a\xf6\x98\x15\x1f\x37\x39\xb8\x3e\x31\x2d\x15\
\x4d\x04\x6a\x44\x50\x0b\xe0\x45\x93\xb3\x89\x8a\x96\xe2\x63\xfb\
\xfe\xf8\xde\x0a\x80\xe0\xa3\x56\xc2\x10\x51\x29\x38\xd7\x71\xdc\
\xa6\x90\x2f\x76\x9f\xf1\x6d\x87\x13\x81\x58\x7b\xd5\x88\x71\x00\
\xe6\x81\xdb\x0e\x13\x1d\x80\x76\x52\x00\x20\x2c\x00\x44\xd4\x1f\
\x8e\x02\x97\x66\xd3\x4e\x8b\x8d\x6d\x87\xa3\xc9\xc0\x42\x95\xf4\
\x28\x6e\x3b\x4c\xd4\x35\x45\x27\x97\x00\x00\x3d\xce\x46\x18\x22\
\x2a\x39\x55\x50\xdc\xa4\x9e\xec\x3a\xd3\xdb\x0e\xd7\x27\x2e\xde\
\x56\x9f\x0c\xcc\x95\xac\x7b\x3a\x44\x1f\x33\x39\x9b\xa8\x48\xbc\
\x7f\x05\x24\x36\x2f\xb3\x00\x00\x20\x00\x49\x44\x41\x54\x60\xd6\
\xf8\xb5\x15\xe0\x23\x80\x44\x94\x5b\x63\x00\x6d\x08\xfa\x63\x0f\
\xcf\x19\x1b\x3f\xd1\xe4\xe0\x48\xcb\xf4\xbf\x45\x13\xb5\xe7\x8a\
\xa0\x56\x21\x9b\x4c\xce\x26\x2a\x70\xef\x5f\x01\x18\xbc\xf3\xe5\
\x63\x00\x18\x7b\xcb\x17\x11\x95\x11\xc5\x64\xd7\xd5\x67\x82\xd5\
\x8d\x77\xcf\xaa\x8e\x0d\x33\x39\x3a\x92\x08\xc4\x2a\x77\xee\x3a\
\x41\x21\x37\x70\xdb\x61\x22\x00\xc0\x90\x2b\x47\xdd\x7f\x04\xd0\
\x51\x00\xd2\xd9\x4a\x2e\xff\x13\x51\x3e\x55\x40\x64\x56\xa5\x20\
\x19\xf4\xc5\xe6\x9a\x7c\xad\xf0\xfc\x57\x66\xee\xae\x4f\xd6\xdc\
\x96\x55\x8c\xed\x78\xad\xb0\x9a\x9a\x4d\x54\x88\x3c\xce\x80\x8f\
\x01\xfb\xee\x01\x90\x2c\x6f\x00\x24\x22\x13\x0e\x03\xb0\xe0\x48\
\xdf\xa0\x75\x41\x7f\xfc\x02\x93\x83\xef\x4a\x05\x5e\x8d\x24\x03\
\x97\xb9\xaa\x67\x02\x78\xd2\xe4\x6c\xa2\x42\xe2\x78\xb2\xc7\x03\
\x1d\x05\x40\x04\x5c\x01\x20\x22\x93\xc6\x42\xf5\xa1\x3a\x5f\x6c\
\xd9\x3c\xff\x03\x23\x4d\x0e\x5e\x9c\xaa\x7d\x7a\x58\xb2\xe9\x1c\
\x81\xfc\x27\x80\xd7\x4d\xce\x26\x2a\x04\x2e\x64\x24\xb0\x6f\x05\
\x40\x59\x00\x88\xc8\x3c\x01\x3e\x97\x51\x6f\xb2\xce\x17\x5b\x78\
\x9d\x6f\xf9\x50\x53\x73\xc3\x08\xbb\x91\x64\xcd\x3d\x03\x07\x54\
\x8e\xe6\xb6\xc3\x54\x6e\x44\x71\x24\xc0\x15\x00\x22\xb2\xaf\x52\
\x80\x39\xbb\xe0\xac\x0f\xfa\xe2\x97\x98\x7c\xad\xf0\xbf\xb6\x1d\
\xf6\xba\x27\x01\x68\x34\x35\x97\xc8\x2a\xd9\xaf\x00\x28\x64\x84\
\xdd\x34\x44\x44\x38\x06\xd0\x5f\x04\x7d\xb1\xff\x9b\xe3\x8f\x9f\
\x6d\x72\xf0\xe2\xe6\xe9\x2d\xd1\x64\x60\x3a\xa0\xe7\x01\x58\x67\
\x72\x36\x91\x69\xa2\x18\x0e\xbc\xf7\x22\x20\xa3\x8f\xe6\x10\x11\
\x75\x4d\x26\xb8\xaa\x7f\x09\xfa\x62\x0d\x73\xc7\xc5\x8c\xae\x4e\
\x46\x93\xb5\x8f\x0e\x1b\x51\x75\x1a\x44\xae\x00\xf0\xa6\xc9\xd9\
\x44\xa6\x28\xf0\xde\x63\x80\x00\x0e\xb7\x98\x85\x88\xe8\x83\x04\
\xc0\x8c\x6c\x06\xeb\x83\xfe\x58\xf8\xf2\x91\xab\x07\x9a\x1a\x1c\
\x5e\x33\x29\x13\x4d\xd4\x2c\xcd\x56\x8a\xaf\xe3\xb5\xc2\x19\x53\
\xb3\x89\x0c\xd9\x7b\x09\xa0\xe3\xc6\x1b\x63\xff\xe7\x22\x22\xea\
\x85\xc1\x50\xdc\x54\x35\xa0\xb5\x63\xdb\x61\x73\x96\xac\xab\xd9\
\x5e\x9f\x0c\xcc\xf5\xc0\x3d\x11\xc0\x4a\x93\xb3\x89\xf2\xec\xf0\
\x19\x68\xf0\x38\xbb\x20\x5c\xfe\x27\xa2\x42\xf7\x91\xbd\xdb\x0e\
\xc7\x56\x87\xaa\x63\xa7\x98\x1c\xbc\x30\x39\x3d\x19\x4d\x06\xa6\
\x89\xca\xf9\x00\xd6\x9b\x9c\x4d\x94\x27\x9e\xc3\x47\x79\x0f\x77\
\x00\xe5\xf2\x3f\x11\x15\x8b\x89\x2a\x78\x26\xe4\x8b\xdd\xb7\xef\
\x75\xa6\xa6\x44\x52\x35\x8f\xb4\x57\x8d\x38\x05\x7b\xb7\x1d\x7e\
\xd7\xe4\x6c\xa2\x5c\xab\xac\xac\x3c\xc2\x71\xe1\xe5\x0a\x00\x11\
\x15\x13\x47\x81\x4b\xbd\xde\x8a\x64\x9d\x2f\x7e\x7d\x78\x5c\x43\
\xa5\xa9\xc1\xfb\xb6\x1d\x6e\x57\x70\xdb\x61\x2a\x6a\xae\xeb\x1e\
\xe1\x38\x50\x16\x00\x22\x2a\x46\x87\x08\xf4\xd6\xad\x99\x41\xeb\
\x42\x63\xe2\xd3\x4c\x0e\x5e\x9a\x0a\x6c\xad\x4f\x06\xe6\xaa\x83\
\x33\x00\xfc\xd9\xe4\x6c\xa2\x5c\x50\x75\x8e\xe0\x25\x00\x22\x2a\
\x76\xd5\xea\x68\x3c\x58\x1d\x8b\xd5\xf9\x57\x54\x9b\x1c\x5c\xbf\
\x3e\xf0\x4c\x34\x59\x73\x2e\x04\x5f\x06\xf0\x8a\xc9\xd9\x44\xfd\
\x21\x0e\x86\x3b\xca\x77\x00\x10\x51\x29\x10\xd4\x88\xba\xcf\xd7\
\xf9\x62\x0b\x67\x1d\xff\xf0\xc1\x06\x07\x6b\x34\x11\xf8\x75\x7b\
\x15\x7c\x0a\xb9\x01\x40\xab\xb9\xd9\x44\x7d\x23\xc0\x50\xc7\xe1\
\x3b\x00\x88\xa8\x74\x54\x08\x30\xa7\xb2\xa2\x2d\x55\x57\x1d\xfb\
\x5a\x18\x61\xe7\x80\x9f\xc8\x91\xa5\x4d\x81\x5d\xf5\xc9\x9a\xdb\
\xd4\x71\x4e\x14\x48\x83\xa9\xb9\x44\x7d\xe1\xba\xee\x10\x07\x40\
\x95\xed\x20\x44\x44\x39\x76\x84\x08\x7e\xb2\xd5\x3f\x7e\x6d\xdd\
\x98\x15\x9f\x36\x39\xb8\x7e\xfd\xb4\x7f\x46\x92\x35\x9f\x17\xc5\
\x99\x50\xfc\xd5\xe4\x6c\xa2\x9e\x12\x91\x21\x8e\x0b\x0c\xb2\x1d\
\x84\x88\x28\x2f\x14\xa7\x8a\xe3\xfe\x29\x58\x1d\x8b\x05\x7d\x8d\
\x1f\x33\x39\x3a\x92\x0a\xfc\xdf\xb0\x54\xd3\x27\x45\xf1\x15\x28\
\xb6\x98\x9c\x4d\x74\x20\x02\x0c\x71\x44\x58\x00\x88\xa8\xc4\x09\
\x6a\x00\x69\x0e\xf9\x1a\x6f\x35\xbe\xed\x70\x2a\x70\xdf\xc0\x81\
\x95\xa3\x3a\xb6\x1d\xde\x63\x6a\x36\x51\x77\x54\x65\x88\x03\x65\
\x01\x20\xa2\xb2\x30\x48\x21\xd7\xef\x82\xb3\x7e\xef\x6b\x85\xcd\
\x6f\x3b\xec\x38\x38\x09\xc0\x32\x53\x73\x89\xba\x24\x3a\xc4\x01\
\x2f\x01\x10\x51\x79\x39\x46\x05\x3f\x0f\xf9\xe2\x4f\xd5\xf9\x63\
\x9f\x30\x39\x78\xd1\xfa\xc0\x8b\xd1\x64\x60\xa6\x2a\x26\x03\x78\
\xde\xe4\x6c\xa2\xfd\x09\xc0\x02\x40\x44\xe5\x49\x81\xd3\x45\xf1\
\x78\xc8\x17\xbb\x6f\xf6\xb8\x15\x47\x99\x9c\x5d\x9f\x0a\xfc\x71\
\xd8\x88\xaa\x53\x21\x72\x85\x00\x5b\x4d\xce\x26\x02\x00\x05\x06\
\x3b\xca\x02\x40\x44\xe5\x4b\x14\xb8\xd4\xc9\xb8\x2d\xb6\xb6\x1d\
\xf6\x7a\x2b\xb8\xed\x30\x19\xb7\xf7\x26\x40\x6e\x05\x4c\x44\x34\
\x04\x8a\x9b\xaa\x2a\x5b\xd7\xd5\xf9\x1a\xa7\x9b\x1c\x3c\xbf\x79\
\xca\x5b\xf5\xc9\xc0\x5c\x51\x4c\x00\x77\x1b\x24\x43\x94\x97\x00\
\x88\x88\xf6\x23\x18\x2d\x90\x07\x83\xfe\xd8\xc3\x75\x27\x34\x8e\
\x33\x39\x3a\x92\x0a\x3c\xeb\x7a\x77\x9f\x01\x60\xa5\xc9\xb9\x54\
\xb6\x86\x38\x00\x06\xdb\x4e\x41\x44\x54\x50\x14\x93\x25\x2b\xcf\
\x85\x7c\xb1\xfb\x42\xa3\x57\x0e\x37\x35\x76\x71\xf3\xcc\xd6\xc1\
\x70\xbf\x00\x20\x61\x6a\x26\x95\x2d\x8f\x03\x60\x80\xed\x14\x44\
\x44\x05\xc8\x51\xe0\x52\xf5\x64\x13\x21\x7f\x2c\x18\x9e\xb8\xda\
\x6b\x62\xe8\xed\xc9\xe9\x3b\x5c\x38\x57\x9b\x98\x45\xe5\xcd\xd8\
\x7b\xb2\x89\x88\x8a\xd4\x61\xaa\x88\xbc\xb9\xb9\xf5\xf9\xba\xea\
\xd8\x54\x13\x03\x17\x27\xa7\xae\x02\x90\x32\x31\x8b\xca\x97\x03\
\xc0\xb5\x1d\x82\x88\xa8\xd0\x09\xe0\x13\xc1\x8a\xa0\x3f\xf6\x70\
\x68\xf4\x83\x27\xe4\x79\x9a\x2a\x64\x75\x7e\x67\x50\x99\x53\x16\
\x00\x22\xa2\xde\x50\x4c\x56\x8f\xe7\xef\xf9\xde\x76\xd8\x81\x6e\
\xc8\xd7\xb1\x89\x80\xbd\x2b\x00\x6a\x3b\x04\x11\x51\x31\x1a\xe0\
\xa4\xf3\xf6\xf3\x53\x45\xf9\xb3\x99\xf2\xca\x0b\xae\x00\x10\x11\
\xf5\x9c\xe0\x11\x37\x2b\x73\x16\xbf\x58\x93\xd7\x67\xf6\x45\xe5\
\x78\x36\x00\xca\x1b\x85\xb2\x00\x10\x11\xf5\x80\x02\x49\x28\xae\
\xa9\x4f\x06\x0c\x3c\xa7\xaf\xa2\x88\x9f\x97\xff\x39\x54\xce\x78\
\x0f\x00\x11\x51\xf7\xde\x12\x41\x68\xf8\x88\xaa\x13\xeb\x53\x26\
\x4e\xfe\x40\xc8\x1f\x3f\x1f\x40\xb5\x89\x59\x54\xbe\xb8\x02\x40\
\x44\xd4\xb9\x0c\x54\xef\x11\xd7\xfb\xed\x48\xcb\xd4\x37\x4d\xbd\
\x9a\x67\xf6\xb8\x86\x2a\xcd\x60\xa1\x99\x69\x54\xb6\x04\xea\x15\
\xc0\xe5\x75\x26\x22\xa2\xfd\x08\x1e\x71\x44\xae\x5e\xb4\x3e\x60\
\x74\xcb\xde\x6b\x4f\x5e\x35\xa4\xad\xad\xfd\x37\x10\xf8\x4d\xce\
\xa5\xf2\xe4\x55\xae\x00\x10\x11\xed\xb3\x41\xa1\xdf\xa8\x4f\xd4\
\x2e\x37\x3d\x78\xf6\x98\xf8\xd8\xb6\x3d\xed\x0d\x10\x9c\x68\x7a\
\x36\x95\xa5\x76\x2f\xb8\x05\x25\x11\x95\x39\x05\x76\x00\x72\x8b\
\x93\x75\x16\x44\x5b\xa6\xee\x31\x39\x7b\xde\xc8\x07\x0e\xc9\x0c\
\xac\xf8\x0e\x54\x83\x00\x2a\x4c\xce\xa6\x32\x26\xd2\xea\x05\xd0\
\x6a\x3b\x07\x11\x91\x25\x2a\xc0\x2f\x5d\xaf\x73\xdd\xe2\xe6\x69\
\xaf\x9b\x1c\x1c\x46\xd8\xd9\x56\x3d\xfe\x92\x0c\x70\x3b\x54\x8f\
\x34\x39\x9b\x08\xaa\xad\x5e\x00\x3b\x6c\xe7\x20\x22\x32\x4d\x80\
\xa7\x5d\xc1\xdc\x68\x22\xf0\xa4\xe9\xd9\x21\x7f\xe3\xb9\x5b\x55\
\x16\x00\xf8\xb8\xe9\xd9\x44\x00\xa0\xc0\x4e\xae\x00\x10\x51\xb9\
\x79\x55\x14\xdf\x8a\xa4\x6a\x7e\x01\x88\xd1\x7b\xa0\x43\xa3\x57\
\x1e\x0b\x4f\xf6\x07\xaa\xb8\x04\x80\x98\x9c\x4d\xb4\x3f\x51\xec\
\xf4\x42\xb1\x83\xff\x19\x12\x51\x19\xd8\x2d\xd0\x45\x83\xa0\xb7\
\xdc\x9e\x9a\x6e\x74\xe5\x73\xd6\xf8\xd8\xe0\xca\x9d\xb8\x4e\x35\
\x7b\x1d\x80\x41\x26\x67\x13\x75\xca\x41\xab\x17\x90\x1d\xdc\x0e\
\x80\x88\x4a\x9a\x22\x0e\xd1\x39\x91\x64\xed\x3f\x0c\x0f\x96\xa0\
\x6f\xc5\xe7\xd0\xaa\x77\x00\xf8\xa8\xd9\xd9\x44\xdd\x50\xd9\xe9\
\x85\xa3\xad\x3c\xff\x13\x51\x49\x12\xfc\x4d\xb3\xce\xbc\xfa\x17\
\xa7\x3d\x66\x7a\xf4\x1c\x7f\x7c\xbc\xab\x2b\x16\x02\xfa\x49\xd3\
\xb3\x89\x0e\x4c\x5b\xbd\x02\xec\xe0\xf9\x9f\x88\x4a\xcc\x36\x00\
\xdf\xdb\x92\xd8\x1d\x5d\x86\x99\x59\x93\x83\xe7\x8d\x7d\x68\x44\
\x26\xdb\x1e\x76\x55\xbf\x86\xbd\xaf\x5b\x27\x2a\x38\xaa\xba\xd3\
\xab\x7c\x0a\x80\x88\x4a\x47\x5a\x81\x25\xe9\xf4\xc0\xef\x2c\xdd\
\x78\xfe\x3b\x26\x07\x87\xc7\x35\x54\x6e\xcd\x0c\xba\x2a\xe3\xa6\
\x6f\x86\xc8\x41\x26\x67\x13\xf5\x96\xe3\x38\x3b\xbd\x02\xd9\xa1\
\xbc\x06\x40\x44\xc5\x4e\x11\x57\xc7\xf9\x46\x7d\x62\x5a\xca\xf4\
\xe8\xba\xea\xd8\x45\x5b\x33\xb8\x13\xc0\xf1\xa6\x67\x13\xf5\x85\
\xaa\xee\xf4\x02\x6e\x2b\x9f\x46\x21\xa2\x22\x96\x12\x57\xae\x89\
\xbc\x58\xb3\xc2\xf4\xe0\x60\x75\xcc\x2f\xa2\xf3\x15\x98\x62\x7a\
\x36\x51\x7f\xa8\xea\x5b\x5e\x57\xb1\x9d\xa7\x7f\x22\x2a\x42\xdb\
\x01\x7c\xb7\xbd\x6a\xc4\xe2\xa5\x4d\x13\xd2\x26\x07\xd7\xf9\xef\
\x3f\xdc\xd1\x8a\xef\x29\x30\x4b\x21\x1e\x93\xb3\x89\x72\x41\x1c\
\xe7\x0d\x2f\x5c\xcf\xeb\x70\xb8\x1f\x10\x11\x15\x0d\x57\x80\x5f\
\xa5\x33\xe9\x6b\xef\xda\x70\xf1\x1b\x26\x07\x87\x27\xae\xf6\x6e\
\x7d\x7d\xe7\x7f\x88\xea\x2d\x0a\x0c\x33\x39\x9b\x28\x97\xc4\xd5\
\xd7\xbd\x5e\x27\xb3\x25\xcb\x1b\x55\x89\xa8\x38\xac\x11\xc5\xbc\
\x48\x2a\xf0\xac\xe9\xc1\x75\xd5\xb1\xf3\xb6\x6e\x6e\x9d\x0f\xe0\
\x24\xde\x35\x45\xc5\xce\xe3\xa9\x78\xc3\xbb\x3b\x3d\xf8\xf5\xca\
\x8a\x36\xdb\x59\x88\x88\xba\xf3\xb2\x28\xbe\x1d\x49\x05\xee\x33\
\x3d\x78\xf6\xb8\xe5\xa3\x9d\x8c\xf3\x03\x00\x33\x4c\xcf\x26\xca\
\x13\xdd\x35\x78\xd8\x56\xef\xd2\x8d\xe7\xbf\x13\xf4\xc5\x76\x83\
\xaf\xa7\x24\xa2\xc2\xb3\x0b\x82\x3b\x5a\xdb\xaa\x6e\xbd\x77\xd3\
\x24\xa3\xbf\xa9\x5c\x7b\xf2\xaa\x21\x6d\xed\xed\xdf\x44\x06\x37\
\x00\x18\x60\x72\x36\x51\x3e\x09\xb0\x6d\x69\xd3\x84\xb4\xb7\xe3\
\xef\x6f\x80\xaf\xa9\x24\xa2\xc2\xa1\x00\x7e\xe7\xf1\xe2\xda\x85\
\xcd\x81\x97\x4c\x0e\xde\xb7\x4d\x6f\x5b\x5b\xfb\xed\x10\x70\x9b\
\x5e\x2a\x39\x2a\xf2\x06\x00\xec\x2b\x00\x5b\xc0\x02\x40\x44\x05\
\x41\xd7\x3a\xe2\xcc\x5d\x94\xa8\x79\xc2\xf4\xe4\x50\x75\xec\x8c\
\xad\xc0\x42\x08\xce\x32\x3d\x9b\xc8\x14\x55\xdd\x02\xbc\x57\x00\
\x5e\xb7\x98\x85\x88\x08\x00\x5e\x83\xc8\x77\x87\x25\x9a\x7e\x1a\
\x46\xd8\xe8\xa3\x49\x57\x56\xc7\x8e\xa9\x10\xfc\x50\xc1\x6d\x7a\
\xa9\xf4\xc9\xde\x55\xff\x8e\x02\x20\xd8\xc2\x97\x01\x12\x91\x25\
\xed\x0a\xdc\x35\x04\xee\xb7\x6f\x4f\x98\xdf\xa6\xb7\xa2\x55\x42\
\x02\xfd\xb6\x02\x55\x26\x67\x13\xd9\xa2\x7b\x57\xfd\x3b\x0a\x80\
\x72\x05\x80\x88\xac\xf8\x3d\xa0\xdf\xac\xb7\xb0\x4d\x6f\xc8\x1f\
\xfb\x82\xb6\xe2\x36\x40\x3f\x62\x76\x36\x91\x5d\x0e\xf0\x26\xd0\
\x51\x00\x54\xb1\x45\xb8\xe8\x45\x44\xe6\x3c\x0b\xc1\xbc\x68\x22\
\xb0\xc6\xf4\xe0\x7d\xdb\xf4\xaa\x0a\xb7\xe9\xa5\xb2\xe4\x8a\xbc\
\x0c\x74\x14\x00\xc7\xc1\x4b\xca\x4b\x00\x44\x94\x7f\x6f\x01\xb8\
\x79\x4b\xd2\xfc\x36\xbd\x75\xfe\xfb\x0f\x87\x56\x7c\xc7\x55\xad\
\x03\xc0\xd7\xf7\x52\xd9\x72\x5c\x6c\x04\x3a\x0a\x80\xeb\xe8\x46\
\xc9\x72\x09\x80\x88\xf2\x26\x0d\xd5\xff\xd7\x0e\xb9\x71\x69\x2a\
\xb0\xd5\xe4\xe0\x59\xe3\xd7\x56\x54\xb6\x6e\x9e\x0d\xc5\x77\x01\
\x1c\x6c\x72\x36\x51\x21\x4a\x43\xdf\x2b\x00\x95\xef\xb6\x6d\x4c\
\x0f\x19\xa4\xe0\xdd\xaf\x44\x94\x6b\x82\x47\x1c\x91\xab\x17\xad\
\x0f\x3c\x6f\x7a\x74\xa8\x3a\x3e\x59\x5b\x37\x2f\x02\x30\xd6\xf4\
\x6c\xa2\x02\xd5\x76\x54\xaa\x69\x33\xd0\x51\x00\xe6\xbf\x32\x73\
\x77\xd0\x17\xdb\x0c\xe0\x68\xab\xb1\x88\xa8\x94\xbc\x08\xc8\x8d\
\xd1\x44\xcd\x32\xd3\x83\xe7\xfa\x96\xfb\xb2\x70\x7e\xac\xd0\xa9\
\xa6\x67\x13\x15\xb8\x4d\xfb\x1e\xb3\xdd\xf7\x1e\x00\x08\xb0\x51\
\x59\x00\x88\xa8\xff\x5a\x21\xf8\x91\x64\x3c\x3f\x8c\xb4\x4c\xdd\
\x63\x72\xf0\x55\x27\xc5\x0f\xf5\xb6\xbb\xd7\x67\x21\x57\x03\xa8\
\x34\x39\x9b\xa8\x48\xfc\xeb\x89\x9b\x7f\x15\x00\x55\x6c\x80\xe0\
\x1c\x3b\x79\x88\xa8\x04\xb8\x02\xfc\xca\xa9\x70\xbf\xb9\xf0\xf9\
\xe9\x5b\x4c\x0e\xde\xf7\xfa\x5e\x6d\xd7\x3b\x15\x32\xdc\xe4\x6c\
\xa2\x62\x22\xb2\xf7\x06\x40\x60\xff\x02\x00\xdd\x28\xbc\x05\x80\
\x88\xfa\x42\xf0\x94\x66\x9d\xb9\xd1\x17\xa7\x3d\x65\x7a\x74\xd0\
\xd7\xf8\x99\x6d\x90\xf9\x0a\x9c\x6c\x7a\x36\x51\xf1\x91\x0f\xaf\
\x00\x88\x38\x1b\xc1\xd7\x01\x12\x51\xef\xbc\x22\x8a\x1b\x23\xc9\
\x9a\x5f\x00\x62\xf4\x07\x48\x68\xf4\xca\x51\xea\xc9\xfe\x10\xc0\
\x0c\xfe\xe4\x22\xea\xb1\x4e\x2e\x01\x88\x6e\x30\xfb\x7f\x5f\x22\
\x2a\x62\xbb\x04\x1a\xc9\x7a\xdb\xbe\xbf\xb8\x79\x66\xab\xc9\xc1\
\xfb\xb6\xe9\x55\xcd\x5e\x0f\x60\xa0\xc9\xd9\x44\xc5\x2e\x9b\x95\
\x0f\x5f\x02\xf0\x7a\xdd\x8d\xd9\xb4\x63\x27\x11\x11\x15\x93\x5f\
\x4b\xd6\x73\x7d\xa4\x65\xea\x2b\x26\x87\x86\x11\x76\xb6\xfa\xc6\
\x7f\xa5\x6d\x4f\xfb\x0f\x00\x1c\x65\x72\x36\x51\xa9\xc8\x64\x2b\
\x3f\xbc\x02\xb0\xf0\xf9\xe9\x5b\xea\x7c\xb1\x1d\x02\x0c\xb5\x13\
\x8b\x88\x0a\x9a\xe0\x6f\x9a\x75\xe6\xd5\xbf\x38\xed\x31\xd3\xa3\
\xe7\xf8\xe3\x67\x6f\x55\x77\x21\x80\x09\xa6\x67\x13\x95\x90\x57\
\x97\x6e\x3c\xff\x9d\x7d\x7f\xf1\xee\xff\x15\x51\x34\x73\x1f\x6c\
\x22\xfa\x80\x6d\x00\xbe\xb7\x25\x61\xfe\xf5\xbd\xfb\xb6\xe9\x75\
\x55\x2f\x01\xb8\x63\x09\x51\x7f\x08\x74\xdd\xfe\x7f\x7f\x5f\x01\
\x80\x83\x75\x50\x16\x00\x22\x02\x00\xa4\x15\x58\x92\x4e\x0f\xfc\
\xce\xfe\xbf\x35\x98\x70\xf5\xb1\x0d\x83\xda\x87\x0c\x9e\x03\xe8\
\x8d\xca\x55\x49\xa2\x9c\x70\x21\xdd\x14\x00\xc8\x3a\x3e\x09\x40\
\x44\x10\x3c\xa2\x8e\xce\xab\x7f\xa1\xb6\xd9\xf4\xe8\x90\x3f\x16\
\x48\x2b\x16\x0a\xf4\x63\xa6\x67\x13\x95\x34\xed\x66\x05\x40\xe0\
\x3e\xa7\x7c\x17\x00\x51\x39\x4b\x89\x2b\xd7\x44\x5e\xac\x59\x61\
\x7a\x70\x68\xf4\xf2\x53\xd5\x2b\x0b\x54\xf1\x69\xd3\xb3\x89\xca\
\x81\x03\x79\x6e\xff\xbf\xbf\xaf\x00\x78\x3d\x95\xeb\xd2\x99\xb4\
\xd9\x44\x44\x54\x08\xde\x56\xc8\xad\xc3\xbd\xbb\xe6\x87\x9b\x67\
\xb6\x9b\x1c\xbc\x6f\x9b\x5e\x05\xea\xa0\xdc\xa6\x97\x28\x4f\x32\
\x70\x3d\x89\xfd\xff\xc1\xfb\x0a\xc0\xfc\xe6\x29\x6f\x05\x7d\xb1\
\x57\x01\x1c\x63\x34\x16\x11\xd9\xe2\x0a\xf0\xab\x74\x26\x7d\xed\
\x5d\x1b\x2e\x7e\xc3\xe4\x60\x6e\xd3\x4b\x64\x90\x48\xea\x83\x7b\
\x73\x78\x3b\xf9\xb6\xe7\xc0\x02\x40\x54\x0e\xd6\x88\x62\x5e\x24\
\x15\x78\xd6\xf4\xe0\x50\x75\x7c\xb2\xee\xd8\xbc\x00\x82\x71\xa6\
\x67\x13\x95\xa5\x0f\x5c\xff\x07\x3a\x2f\x00\xeb\x00\x7c\x36\xff\
\x69\x88\xc8\x92\x97\x45\xf1\xed\x48\x2a\x70\x9f\xe9\xc1\x75\xfe\
\x15\xd5\x02\xf7\xc7\xaa\x3a\xcd\xf4\x6c\xa2\xf2\xd6\xa3\x02\xc0\
\x27\x01\x88\x4a\xd4\x2e\x08\xee\x68\x6d\xab\xba\xf5\xde\x4d\x93\
\xda\x4c\x0e\x9e\x37\xf2\x81\x43\xb2\x03\x3c\x37\xa8\xba\xdc\xa6\
\x97\xc8\x0a\xe7\xc0\x05\x20\x8b\xec\x73\x1e\xf0\x95\xc0\x44\x25\
\x44\x05\xf8\xa5\xc2\xbd\x21\x9a\x98\xfe\x9a\xc9\xc1\x33\xd0\xe0\
\x39\xd2\x37\xe8\xeb\x59\xe0\x7b\x0a\x0c\x33\x39\x9b\x88\xf6\xe7\
\x1e\xb8\x00\x1c\xe9\xdd\x93\xd8\x9a\x19\xd4\x06\x6e\xb2\x41\x54\
\xfc\x2c\x6e\xd3\x3b\xc7\x17\x9f\xa4\xd0\x05\x0a\x9c\xcc\x35\x45\
\x22\xab\xde\x88\x26\x6b\xff\xf1\xc1\x7f\xf8\xa1\x5f\xf5\xc3\xcd\
\x33\xdb\x15\x78\xc6\x4c\x26\x22\xca\x93\xd7\x20\x72\xc5\xb0\x44\
\xd3\xd9\xf5\x86\x4f\xfe\xb3\x47\x3d\xf8\x91\x90\x2f\x76\x9f\x0b\
\x7d\x54\x81\x93\x4d\xce\x26\xa2\x4e\xfd\xb5\xb3\x7f\xd8\xd9\x4d\
\x80\x80\xe2\x49\x08\xce\xce\x6b\x1c\x22\xca\x87\x36\x55\xfd\xb1\
\x56\xb4\xfd\xd0\xf4\x36\xbd\xa1\xd1\x2b\x0f\x82\x27\xf3\x2d\x85\
\xcc\x55\xae\x20\x12\x15\x0c\x11\xe9\xf4\x97\x80\x4e\x0b\x80\x38\
\xfa\x24\x94\x6f\x04\x24\x2a\x2a\x8a\x78\x16\x32\x77\x49\x2a\xb0\
\xf1\xc0\xdf\x9c\xd3\xc1\x12\xaa\x8e\x5f\xaa\x92\xbd\x0d\x10\x6e\
\xd3\x4b\x54\x60\x44\xf1\x64\x67\xff\xbc\x8b\x15\x00\x7d\x12\x7c\
\x25\x30\x51\xb1\x58\x0f\x91\xab\xa3\xc9\x9a\x55\xa6\x07\xcf\xae\
\x6e\x3c\xdd\x91\xf8\x42\x05\x3e\x61\x7a\x36\x11\xf5\x48\x36\xe3\
\xdd\xf5\x74\x67\x5f\xe8\xb4\x00\x44\x93\xd3\x5f\x0b\xfa\x62\x2f\
\x01\x38\x2e\xaf\xb1\x88\xa8\x3f\xde\x02\x70\xf3\x96\xa4\xbd\x6d\
\x7a\x15\xb8\x04\xfc\x6d\x81\xa8\x90\x3d\xdf\xd5\xe5\xc0\xce\x57\
\x00\x00\x40\xf0\x04\x94\x05\x80\xa8\x00\x65\xa0\x7a\x4f\x3b\xe4\
\xc6\xa5\xa9\xc0\x56\x93\x83\xb9\x4d\x2f\x51\xd1\xe9\x74\xf9\x1f\
\xe8\xa6\x00\x88\xe2\x49\x05\xbe\x90\x9f\x3c\x44\xd4\x17\x02\xfc\
\x51\x1c\x99\xb7\x68\x7d\xe0\x79\xd3\xb3\x43\xfe\x58\xa0\x5d\x65\
\x91\x40\x47\x9a\x9e\x4d\x44\x7d\x23\xa2\x5d\x3e\x05\xd4\x65\x01\
\xc8\xaa\x3e\xe9\x08\x57\xf6\x88\x0a\xc4\x8b\x80\xdc\x18\x49\xd6\
\x2c\x33\x3d\x78\xff\x6d\x7a\x85\x6f\x09\x25\x2a\x2a\xea\x4a\xa7\
\x8f\x00\x02\xdd\x14\x80\xcc\xd0\xa3\xff\x5e\xd9\xba\x79\x17\x80\
\xc1\x79\x49\x45\x44\x3d\xd1\x0a\xc1\x8f\x24\xe3\xf9\xe1\x07\x77\
\xf2\xca\x37\x6e\xd3\x4b\x54\xf4\xde\x1e\x96\x6a\x4a\x75\xf5\xc5\
\x2e\x0b\xc0\xd2\xa6\x09\xe9\x90\x2f\xf6\x8c\x02\xe7\xe4\x27\x17\
\x11\x75\xc3\x85\xe0\x67\x99\x74\xfa\xdb\xa6\xb7\xe9\x0d\x8f\x6b\
\xa8\xdc\x9a\x1d\x38\x07\x2a\xff\x0d\xe0\x20\x93\xb3\x89\x28\x87\
\x14\x7f\x09\x23\xec\x76\xf5\xe5\xae\x6f\x02\x04\xa0\x90\x3f\x01\
\xca\x02\x40\x64\x52\xc7\xeb\x7b\x4d\xbf\xc1\x0f\xd8\xbb\x4d\xef\
\xd6\x2c\x16\x42\xf5\x04\xd3\xb3\x89\x28\xb7\x54\xe4\x8f\xdd\x7d\
\xbd\xdb\x02\x00\xd1\x47\xa0\xb8\x31\xa7\x89\x88\xa8\x2b\xaf\x88\
\xe2\xc6\x48\xb2\xe6\x17\x80\x18\xbd\xd8\xfe\xbe\x6d\x7a\x79\x99\
\x9f\xa8\x24\x78\x1c\x3c\xd2\xdd\xd7\xbb\x2d\x00\xc3\x3c\xbb\x9f\
\xd8\x9a\x19\xb4\x13\xc0\x90\x9c\xa6\x22\xa2\xfd\xed\x12\x68\x24\
\xeb\x6d\xfb\xbe\xe9\xd7\xf7\x5e\x75\x52\xfc\x50\x6f\xbb\x7b\x3d\
\xb7\xe9\x25\x2a\x31\x8a\x2d\x8b\xd6\x4f\x6b\xee\xee\x5b\xba\x2d\
\x00\xe1\xe6\x99\xed\x21\x5f\xe3\x9f\x15\x32\x25\xb7\xc9\x88\x08\
\x00\xa0\x88\xab\xc7\x09\x46\xd7\x4f\xfb\xa7\xc9\xb1\x61\x84\x9d\
\x6d\xd5\xe3\x2f\xd1\x76\xbd\x43\x21\x47\x98\x9c\x4d\x44\x06\x88\
\x3e\x7c\xa0\x95\xc4\xee\x2f\x01\x00\x80\x38\x8f\x40\x95\x05\x80\
\x28\xb7\x9e\x71\x15\x73\x17\xa7\x02\x7f\x31\x3d\x78\x8e\x2f\x3e\
\x69\x5b\xc7\x36\xbd\xa6\x67\x13\x91\x19\x22\xe8\xf6\xfa\x3f\xd0\
\x83\x02\x90\xd1\xec\xc3\x9e\x0f\xef\x1a\x4c\x44\x7d\xb3\x19\x22\
\xe1\x2d\x89\x5d\x3f\x33\xfd\xfa\xde\xd9\xa3\x1e\xfc\x88\xc7\xeb\
\xb9\xc5\x85\x5e\x6a\x72\x2e\x11\x99\x97\x4d\xbb\xfd\x2f\x00\x4b\
\x92\xb5\xeb\x82\xbe\xf8\xeb\x00\xb8\xcb\x17\x51\xdf\xa5\x15\x58\
\xe2\x64\x3d\xff\x1d\x69\x99\xfa\xae\xc9\xc1\xd7\x9e\xbc\x6a\x48\
\x5b\x7b\xfb\x37\xa1\xb8\x9e\xdb\xf4\x12\x95\x3e\x05\x92\x8b\x37\
\x5c\xf8\xf2\x81\xbe\xef\xc0\x97\x00\x20\x0a\xc4\x1e\x05\xf0\xa5\
\x1c\xe4\x22\x2a\x3f\x8a\xb8\xb8\x9e\x79\xd1\x96\xa9\x1b\x0c\x0f\
\x96\xa0\x6f\xc5\xe7\xda\xf6\xb4\xdf\x09\x6e\xec\x45\x54\x36\x1c\
\xe9\xfe\xee\xff\x7d\x7a\x50\x00\x00\x00\x8f\x80\x05\x80\xa8\xb7\
\x12\x50\xbd\x26\x9a\xaa\xfd\x83\xe9\xc1\xb3\xab\x1b\x4f\x17\x89\
\x2f\x00\x70\xb6\xe9\xd9\x44\x64\x97\xeb\x1e\xf8\xfa\x3f\xd0\xc3\
\x02\x20\x59\xcf\xc3\xea\x31\x7a\xb9\x92\xa8\x98\x6d\x53\xc5\x4d\
\xc3\x8f\xae\xba\x3b\xbc\x66\x52\xc6\xe4\xe0\x2b\xab\x63\xc7\x78\
\x45\x6f\x05\xe4\xcb\xe0\x36\xbd\x44\xe5\x28\xe3\x0e\x90\x35\x3d\
\xf9\xc6\x1e\x15\x80\x48\xcb\xd4\x57\x82\xbe\xd8\x7a\x00\x63\xfb\
\x93\x8a\xa8\xc4\x65\xa0\xb8\xab\xa2\xa2\xe2\xa6\xf9\xcd\x53\xde\
\x42\x97\x6f\xe0\xce\xbd\xab\x8f\x6d\x18\x94\x19\x32\xe8\x1b\x0a\
\xdc\x00\x08\xdf\xdb\x41\x54\xbe\xfe\xb2\x64\x5d\xcd\xf6\x9e\x7c\
\x63\x4f\x2f\x01\x00\x82\xe5\x50\x16\x00\xa2\x2e\x3c\x0a\x71\xe6\
\x45\x93\xd3\xd6\x99\x1e\x1c\xf2\xc7\x02\x69\xc5\x42\x00\x1f\x33\
\x3d\x9b\x88\x0a\xce\x83\x3d\xfd\xc6\x1e\x17\x00\xcd\x3a\x0f\x8a\
\xe3\xde\xd0\xb7\x3c\x44\x25\x4a\xd1\x02\x91\x6f\x45\x2d\x6c\xd3\
\x3b\x7b\x4c\x7c\xac\xe3\xe8\x7c\x55\x5c\x60\x7a\x36\x11\x15\x2a\
\x6d\xec\xe9\x77\xf6\xf8\x01\xff\xfa\x17\xa7\xfe\x1f\x80\x57\xfa\
\x94\x87\xa8\xf4\xec\x84\xe0\xbb\xad\xed\x55\x27\x99\x3e\xf9\x5f\
\x3d\xee\xa1\xc3\xea\x7c\xb1\x85\x8e\xa3\xeb\x00\x9e\xfc\x89\xe8\
\x5f\x9e\x8d\x26\x6b\xff\xd1\xd3\x6f\xee\xf9\x25\x00\x88\x02\xf1\
\x46\x40\x67\xf7\x25\x15\x51\x89\x50\x01\x7e\x99\xf5\x3a\xd7\x2d\
\x6e\x9e\xf6\xba\xc9\xc1\xb3\xc6\xaf\xad\xa8\x6c\xdd\x3c\x3b\x9d\
\x49\x87\x05\x38\xc4\xe4\x6c\x22\x2a\x02\xd2\xf3\xe5\x7f\xa0\x57\
\x05\x00\x50\x27\xfb\xa0\xb8\x0e\x0b\x00\x95\x25\x01\x9e\x76\x05\
\x73\xa3\x89\xc0\x93\xa6\x67\x87\xaa\xe3\x93\x75\xc7\xe6\x05\x10\
\x8c\x33\x3d\x9b\x88\x8a\x83\x64\xdc\xe5\xbd\xf9\xfe\x5e\x15\x80\
\xf4\xe0\x63\xd6\x54\xb6\x6e\xde\x0e\xe0\xd0\x5e\xa5\x22\x2a\x72\
\x8e\xc7\xb9\x69\xef\xce\x5a\x66\xb7\xe9\x0d\x56\xc7\xfc\x10\xfc\
\x58\xa1\x9f\x35\x39\x97\x88\x8a\xce\x4b\x91\x96\xda\xbf\xf7\xe6\
\x03\xbd\x7a\xc9\xff\xd2\xa6\x09\x69\x40\x57\xf4\x2e\x13\x51\xf1\
\x5b\xb4\xbe\xe6\x79\x93\x27\xff\x79\x23\x1f\x38\x24\xe4\x6b\xbc\
\x15\x82\xbf\x03\xe0\xc9\x9f\x88\xba\xa7\xba\xbc\xb7\x3f\xa3\x7a\
\xb5\x02\x00\x60\xef\x35\x06\xc5\x25\xbd\xfe\x1c\x11\x1d\xd0\xbe\
\x6d\x7a\x33\x82\x3b\x00\x70\x9b\x5e\x22\xea\x11\x85\xf4\x6a\xf9\
\x1f\xe8\x43\x01\x68\x1f\x22\x7f\xa8\x6c\xc5\x2e\x00\x83\x7b\xfb\
\x59\x22\xea\x5a\xc8\xdf\x78\xee\x56\x95\x85\x00\x4e\xb1\x9d\x85\
\x88\x8a\xca\xdb\xe9\xa1\x23\x1e\xeb\xed\x87\x7a\xbd\xcf\xef\xd2\
\xa6\xc0\x2e\xa0\x67\x1b\x0d\x10\xd1\x81\x85\x46\xaf\x3c\x36\xe4\
\x8b\xdd\xa7\x2a\xab\xc1\x93\x3f\x11\xf5\x92\x02\xf7\xef\xbd\x44\
\xdf\x3b\xbd\xbf\x04\x00\x40\x80\x06\x05\x6a\xfb\xf2\x59\x22\xda\
\xeb\xda\x93\x57\x0d\x69\xdb\x93\xfe\x2f\x45\xf6\x1b\xe0\x36\xbd\
\x44\xd4\x57\x8a\x5f\xf7\xe5\x63\xbd\x5e\x01\x00\x80\x01\x03\x2a\
\x1f\x04\xd0\xda\x97\xcf\x12\x91\x4a\xd0\x17\x9f\xd1\xb6\xa7\xbd\
\x19\xd0\x1b\xc1\x93\x3f\x11\xf5\xdd\x6b\x6f\xa4\x76\xaf\xe9\xcb\
\x07\xfb\x54\x00\xee\x7c\xee\x82\x9d\x02\x3c\xd0\x97\xcf\x12\x95\
\xb3\x39\xfe\xf8\xf8\xa0\x6f\xc5\x9f\x01\x6d\x00\xf0\x51\xdb\x79\
\x88\xa8\xb8\x29\xf0\xab\x65\x98\xd9\xa7\xed\x7a\xfb\x74\x09\x00\
\x00\x5c\xc7\xfd\x85\xb8\xce\xa5\x7d\xfd\x3c\x51\x39\x99\x37\xf6\
\xa1\x11\x99\x6c\x7b\xd8\x55\xfd\x1a\xfa\x58\xbc\x89\x88\x3e\xc8\
\x51\xfc\xaa\xaf\x9f\xed\x73\x01\x18\xbe\xfe\x6f\x7f\xdc\xea\x1b\
\xff\x0a\x80\x63\xfb\x7a\x0c\xa2\x52\x17\x1e\xd7\x50\xb9\x35\x33\
\xe8\xaa\x8c\x9b\xbe\x19\x22\x07\xd9\xce\x43\x44\x25\x44\xe4\x85\
\x48\xb2\xe6\xd9\xbe\x7e\xbc\xcf\xbf\x89\x84\x11\x76\x01\xf9\x9f\
\xbe\x7e\x9e\xa8\xd4\x85\xfc\xb1\xc0\xd6\xcc\xa0\xf5\x00\x16\x00\
\xe0\xc9\x9f\x88\x72\xcb\xd5\x5f\xf4\xe7\xe3\x7d\x5e\x01\x00\x00\
\x51\xfd\xa5\x0a\xae\xed\xcf\x31\x88\x4a\x4d\xb0\x3a\xe6\x17\xd1\
\xf9\xaa\x98\x62\x3b\x0b\x11\x95\x2c\xf5\x3a\x99\x7e\xfd\x12\xde\
\xaf\x6b\x91\x91\x54\xe0\x59\x01\x9e\xeb\xcf\x31\x88\x4a\xc5\xbe\
\x6d\x7a\x21\x58\xa7\x10\x9e\xfc\x89\x28\x9f\x1e\x5b\x90\xb8\x68\
\x53\x7f\x0e\xd0\xaf\x15\x80\x0e\xbf\x04\x70\x7b\x0e\x8e\x43\x94\
\x47\x92\xb7\x1b\xef\xf6\xdb\xa6\xf7\x26\xe1\x46\x59\x44\x64\x80\
\xf4\xe3\xe6\xbf\x7d\xfa\xfd\x43\x31\xbd\xf7\x05\x04\x7d\x7a\x04\
\x81\xc8\xa0\x8f\xe4\xe3\xa0\x41\x7f\xfc\x82\xca\xd6\xcd\xcf\x62\
\xef\x75\x7e\x9e\xfc\x89\xc8\x84\x5d\x9e\xf6\xcc\xb2\xfe\x1e\x44\
\x72\x91\x24\xe8\x8b\xad\x02\xf0\x6f\xb9\x38\x16\x51\xbe\x48\xd6\
\x73\x70\xa4\x65\xea\xbb\xb9\x38\x56\x9d\x7f\x45\xb5\xb8\xee\x8f\
\x20\xa8\xc9\xc5\xf1\x88\x88\x7a\x4a\x81\x7b\xea\x93\x81\xff\xec\
\xef\x71\x72\x71\x09\x00\xaa\xb8\x4b\x84\x05\x80\x0a\x9c\x93\xbd\
\x10\xc0\x7d\xfd\x39\xc4\xec\x71\x0d\x55\x4e\x76\xd0\xb5\x50\xf7\
\x06\x08\x06\xe4\x28\x19\x11\x51\x8f\xa9\xea\x5d\xb9\x38\x4e\x4e\
\xae\x8b\x0e\x3f\xba\x2a\x06\xe0\x95\x5c\x1c\x8b\x28\x6f\x04\x41\
\x40\xfb\xb4\xea\x15\x46\xd8\x09\x55\xc7\xbe\xee\x64\x06\x6d\x80\
\xe2\x26\x80\x27\x7f\x22\xb2\xe2\x99\xc5\xa9\xda\xa7\x73\x71\xa0\
\x9c\x14\x80\xf0\x9a\x49\x19\x40\x96\xe6\xe2\x58\x44\xf9\xa2\xc0\
\xe9\xc1\xea\xf8\xf5\xbd\xfd\x5c\xdd\x98\x15\x67\x6e\xf5\x8f\x7f\
\x42\x05\x4b\x01\x1c\x91\x87\x68\x44\x44\x3d\x23\x72\x77\xae\x0e\
\x95\xb3\x3b\xa3\x5d\xaf\xfc\x04\x40\xaf\xb7\x23\x24\x32\x4a\xf0\
\xbd\x90\x2f\xfe\x1f\x3d\xf9\xd6\xba\xb1\x2b\x3e\x1a\xf2\xc5\x7f\
\x2b\x8e\xfb\x57\x28\xce\xcc\x77\x34\x22\xa2\x03\x78\xd7\xf5\xec\
\xea\xd3\xce\x7f\x9d\xc9\xc9\x4d\x80\xfb\x84\x7c\xf1\xdf\x2a\x74\
\x66\x2e\x8f\x49\x94\x17\x82\xfb\x5c\x8f\xfb\xbd\xc5\xcd\xd3\x5b\
\x3e\xf8\xa5\xa0\x6f\xf9\xd1\xaa\x52\x27\x22\x57\x03\x18\x64\x21\
\x1d\x11\xd1\x87\x08\xb0\x24\x92\x0c\xcc\xce\xe1\xf1\x72\x27\xe4\
\x6f\x3c\x57\x55\xd6\xe4\xf2\x98\x44\x79\xe4\x02\x78\x0c\xaa\xeb\
\x00\x79\x0d\x8e\x1c\x21\xea\x8e\x55\xc8\x64\xe4\xe8\x06\x59\x22\
\xa2\x5c\xc9\xc2\x3d\x65\x49\x72\x7a\xce\x5e\xbe\x97\xd3\x02\x00\
\x00\x41\x5f\x6c\x1d\x80\x13\x73\x7d\x5c\x22\x22\xa2\x72\xa5\xc0\
\x13\xf5\xc9\xc0\x27\x73\x79\xcc\x9c\xbf\x1d\x4d\x04\x39\xbb\x41\
\x81\x88\x88\x88\x00\x47\x73\x7f\x6e\xcd\xfd\xeb\x51\x33\x9e\xfb\
\x00\xb4\xe6\xfc\xb8\x44\x44\x44\xe5\xe9\x8d\x1d\xed\x55\x0d\xb9\
\x3e\x68\xce\x0b\x40\xc7\x9b\xd6\x7e\x99\xeb\xe3\x12\x11\x11\x95\
\x23\x55\xad\xbf\x77\xd3\xa4\xb6\x5c\x1f\x37\x2f\x1b\xa4\x48\xd6\
\x73\x27\xb8\x3f\x00\x11\x11\x51\x7f\xed\x4a\x43\x16\xe7\xe3\xc0\
\x79\x29\x00\x91\x96\xa9\x1b\x00\x3c\x98\x8f\x63\x13\x11\x11\x95\
\x0d\xc5\x3d\x4b\x53\x81\xad\xf9\x38\x74\xde\xb6\x48\x75\x55\x6f\
\xcb\xd7\xb1\x89\x88\x88\xca\x40\x56\x5c\xcf\x82\x7c\x1d\x3c\x6f\
\x05\x60\x71\xaa\xf6\x69\x05\x56\xe7\xeb\xf8\x44\x44\x44\x25\xee\
\xfe\x8e\x15\xf5\xbc\xc8\x5b\x01\x00\x00\x85\x73\x7b\x3e\x8f\x4f\
\x44\x44\x54\xaa\xc4\xd1\x1f\xe7\xf5\xf8\xf9\x3c\x38\x00\x04\xfd\
\xb1\x67\xa0\x38\x35\xdf\x73\x88\x88\x88\x4a\xc8\x9f\xa2\xc9\xc0\
\xc4\x7c\x0e\xc8\xeb\x0a\x40\x87\x3b\x0d\xcc\x20\x22\x22\x2a\x19\
\x2a\x9a\xf7\x73\x67\xde\x0b\xc0\x96\xc4\xee\xdf\x02\xc8\xdb\x35\
\x0c\x22\x22\xa2\x52\xa2\x40\x72\x78\xe2\x99\x95\xf9\x9e\x93\xf7\
\x02\xb0\x0c\x33\xb3\x22\xc8\xdb\x5d\x8c\x44\x44\x44\x25\x45\xf5\
\x96\x30\xc2\x6e\xbe\xc7\x98\xb8\x04\x80\x3d\x43\x70\x0f\x80\x37\
\x4d\xcc\x22\x22\x22\x2a\x56\x0a\x24\xdf\x48\xb5\xfd\xda\xc4\x2c\
\x23\x05\x60\x69\x53\x60\x97\x00\x77\x98\x98\x45\x44\x44\x54\xac\
\x44\x70\xf3\x32\xcc\x34\xf2\x26\x5d\x23\x05\x00\x00\x76\xec\xa9\
\x8a\x00\x78\xc5\xd4\x3c\x22\x22\xa2\xa2\x22\xf2\xc2\xb0\x44\xd3\
\xff\x98\x1a\x67\xac\x00\xdc\xbb\x69\x52\x1b\x54\x7f\x68\x6a\x1e\
\x11\x11\x51\x31\x51\x75\xbf\x6b\xe2\xda\xff\x3e\xc6\x0a\x00\x00\
\xb4\x0f\x3d\xfa\x27\x00\x36\x9a\x9c\x49\x44\x44\x54\xf0\x14\xcd\
\xc3\x93\xcf\xfc\xce\xe4\x48\xa3\x05\x60\x69\xd3\x84\xb4\x88\x7e\
\xcf\xe4\x4c\x22\x22\xa2\x42\x27\x8e\x7c\xc7\xe4\x6f\xff\x80\xe1\
\x02\x00\x00\xaf\x27\xda\x7e\x01\x60\xbd\xe9\xb9\x44\x44\x44\x05\
\x6a\xdd\xe1\x89\xb5\xc6\x77\xd0\x35\x5e\x00\x96\x61\x66\x56\xa1\
\x61\xd3\x73\x89\x88\x88\x0a\x91\x42\xff\xdb\xf4\x6f\xff\x80\x81\
\xbd\x00\x3a\xa7\x12\xf4\xc5\x9f\x01\xf0\x71\x3b\xf3\x89\x88\x88\
\x0a\x81\xae\x8d\x26\x03\x67\x00\xa2\xa6\x27\x1b\x5f\x01\xd8\x4b\
\x54\x45\xff\xdb\xce\x6c\x22\x22\xa2\xc2\xa0\x2a\x37\xd8\x38\xf9\
\x03\xd6\x56\x00\xf6\x0a\xfa\x62\x4f\x00\xf8\x84\xcd\x0c\x44\x44\
\x44\x96\x3c\x18\x4d\x06\x2e\xb2\x35\xdc\xd2\x0a\xc0\x5e\xe2\xe8\
\x35\x00\xac\x34\x1f\x22\x22\x22\x8b\xd2\x2a\xce\xf5\x36\x03\x58\
\x2d\x00\x91\xf5\xb5\x7f\x05\xf4\x57\x36\x33\x10\x11\x11\x19\x27\
\x12\xad\x4f\x4c\x4b\xd9\x8c\x60\xb5\x00\x00\x40\x46\xe5\x06\x00\
\x3b\x6d\xe7\x20\x22\x22\x32\x64\xbb\xa2\xfd\x16\xdb\x21\xac\x17\
\x80\xbb\x52\x81\x57\x01\xb9\xcd\x76\x0e\x22\x22\x22\x13\x04\x08\
\xd7\x27\x2e\xde\x66\x3b\x87\xf5\x02\x00\x00\xad\x7b\x86\xdc\xa1\
\x90\x4d\xb6\x73\x10\x11\x11\xe5\xd9\x86\xc3\xbd\xbb\xef\xb2\x1d\
\x02\x28\x90\x02\x70\xef\xa6\x49\x6d\x80\x6b\xf5\x66\x08\x22\x22\
\xa2\xfc\x93\x6b\xc2\xcd\x33\xdb\x6d\xa7\x00\x2c\x3f\x06\xf8\x41\
\x41\x5f\x6c\x0d\x80\x73\x6d\xe7\x20\x22\x22\xca\x83\x35\xd1\x64\
\x60\x92\xed\x10\xfb\x14\xc4\x0a\xc0\x3e\x92\x75\xaf\x06\x60\xfc\
\x75\x88\x44\x44\x44\x79\x96\x86\x38\x73\x6c\x87\xd8\x5f\x41\x15\
\x80\x48\xcb\xf4\xbf\x09\x70\x8f\xed\x1c\x44\x44\x44\x39\x36\x3f\
\x9a\x98\xb6\xce\x76\x88\xfd\x15\x54\x01\x00\x00\xa7\xc2\xfd\x36\
\x80\xb7\x6d\xe7\x20\x22\x22\xca\x91\x7f\x0e\x1c\x50\x79\xb3\xed\
\x10\x1f\x54\x70\x05\x60\xe1\xf3\xd3\xb7\x40\x84\x37\x04\x12\x11\
\x51\x89\x90\x39\x77\x3e\x77\x41\xc1\xbd\xef\xa6\xa0\x6e\x02\x7c\
\x8f\x4a\xd0\x17\x7f\x04\xc0\x67\x6c\x27\x21\x22\x22\xea\x33\xc1\
\x03\xd1\x44\xe0\x62\xdb\x31\x3a\x53\x70\x2b\x00\x7b\x89\xaa\x38\
\x57\x01\x68\xb3\x9d\x84\x88\x88\xa8\x8f\x76\x79\x91\xb9\xc6\x76\
\x88\xae\x14\x68\x01\x00\xf6\xbe\x23\x59\x7e\x60\x3b\x07\x11\x11\
\x51\x9f\xa8\x7e\x7b\x41\xe2\xa2\x4d\xb6\x63\x74\xa5\x60\x0b\x00\
\x00\x0c\x1b\x31\xe4\x87\x00\x9e\xb5\x9d\x83\x88\x88\xa8\x97\xd6\
\xb5\x0f\x3d\x3a\x6a\x3b\x44\x77\x0a\xf4\x1e\x80\xf7\xd4\x8d\x59\
\x71\xa6\x38\xee\xe3\x00\x3c\xb6\xb3\x10\x11\x11\xf5\x80\xab\x82\
\x73\xea\x13\x81\x27\x6d\x07\xe9\x4e\x41\xaf\x00\x00\x40\xfd\x8b\
\xd3\x9e\x82\x62\x89\xed\x1c\x44\x44\x44\x3d\xa2\x5a\x5f\xe8\x27\
\x7f\xa0\x08\x0a\x00\x00\x0c\x16\xf7\x5b\x00\x5e\xb6\x9d\x83\x88\
\x88\xe8\x00\x36\xba\x15\x6d\xdf\xb2\x1d\xa2\x27\x8a\xa2\x00\xdc\
\x9e\x9c\xbe\x43\x15\x57\xda\xce\x41\x44\x44\xd4\x0d\x57\x54\x2e\
\x5f\xdc\x3c\xb3\xd5\x76\x90\x9e\x28\x8a\x02\x00\x00\xf5\xa9\xc0\
\x4a\x05\x7e\x65\x3b\x07\x11\x11\x51\x67\x14\xf8\x51\x24\x55\xf3\
\x67\xdb\x39\x7a\xaa\x68\x0a\x00\x00\xa4\xd3\x03\xeb\x00\xfc\xd3\
\x76\x0e\x22\x22\xa2\x0f\x58\xbf\x73\x4f\xd5\x77\x6c\x87\xe8\x8d\
\xa2\x2a\x00\x4b\x37\x9e\xff\x8e\xa8\x5c\x0a\x20\x6b\x3b\x0b\x11\
\x11\x51\x87\x8c\xab\xfa\x95\x7b\x37\x4d\x2a\xaa\x97\xd7\x15\x55\
\x01\x00\x80\xbd\xcb\x2b\x32\xdf\x76\x0e\x22\x22\x22\x00\x80\xe0\
\x96\xc5\xa9\xda\xa7\x6d\xc7\xe8\xad\xa2\x2b\x00\x00\x20\x59\xe7\
\xdb\xe0\x0b\x82\x88\x88\xc8\x36\xc1\xdf\xda\x87\x8c\xb8\xc5\x76\
\x8c\xbe\x28\xca\x02\x10\x69\x99\xba\x47\xb2\xd9\x2f\x01\xd8\x6d\
\x3b\x0b\x11\x11\x95\xad\x3d\x80\xf3\x95\xa5\x4d\x13\xd2\xb6\x83\
\xf4\x45\x51\x16\x00\x00\x88\xb4\x5c\xf8\x02\x54\x6f\xb4\x9d\x83\
\x88\x88\xca\x93\x2a\xbe\x15\x4d\x4c\x5b\x67\x3b\x47\x5f\x15\xfc\
\xab\x80\xbb\xa7\x12\xf2\xc5\x56\x2a\x64\x8a\xed\x24\x44\x44\x54\
\x56\xfe\x10\x4d\xd6\x4c\x03\x44\x6d\x07\xe9\xab\xa2\x5d\x01\xd8\
\x4b\x34\xad\xf2\x35\x00\x6f\xd9\x4e\x42\x44\x44\x65\xe3\x95\x76\
\xc5\x65\xc5\x7c\xf2\x07\x8a\xbe\x00\x00\x77\xa5\x02\xaf\x2a\xf4\
\x2a\xdb\x39\x88\x88\xa8\x2c\x64\x44\xe5\x4b\x4b\x53\x81\xad\xb6\
\x83\xf4\x57\xd1\x17\x00\x00\xa8\x4f\xd6\x36\x40\x51\xd0\xdb\x2e\
\x12\x11\x51\x29\xd0\x70\x31\xbd\xed\xaf\x3b\x25\x51\x00\x00\xa0\
\x7d\xe8\x88\x6b\x00\x79\xdc\x76\x0e\x22\x22\x2a\x59\x6b\xb6\x24\
\xdb\x6e\xb5\x1d\x22\x57\x4a\xa6\x00\x2c\x6d\x9a\x90\x76\x33\x99\
\x2f\x0a\x50\xf4\xcb\x32\x44\x44\x54\x70\xde\xf0\x3a\x15\x5f\x5a\
\x86\x99\x25\xf3\x26\xda\x92\x29\x00\x00\xb0\x78\xc3\x85\x2f\xbb\
\x8a\x2f\x80\xaf\x0a\x26\x22\xa2\xdc\x71\xd5\x71\x2f\x59\xb0\x7e\
\xca\x66\xdb\x41\x72\xa9\xa4\x0a\x00\x00\xd4\xa7\x02\x7f\x84\xe0\
\xfb\xb6\x73\x10\x11\x51\xa9\x90\x1f\xd6\xaf\x9f\xfe\xb0\xed\x14\
\xb9\x56\x72\x05\x00\x00\x86\x25\x9a\x6e\x16\xe8\x43\xb6\x73\x10\
\x11\x51\x91\x53\x79\x78\x4b\x72\xd7\x4d\xb6\x63\xe4\x43\x91\xbf\
\x08\xa8\x6b\x57\x8f\x7b\xe8\xb0\xf6\x4c\xa6\x49\xa0\x23\x6d\x67\
\x21\x22\xa2\xa2\xf4\x8f\x76\xc5\x19\xa5\xf0\xc8\x5f\x67\x4a\x72\
\x05\x00\x00\xe6\x37\x4f\x79\xcb\x51\xfd\x3c\x80\x76\xdb\x59\x88\
\x88\xa8\xe8\xb4\x3a\x8e\xd4\x96\xea\xc9\x1f\x28\xe1\x02\x00\x00\
\x91\x54\xe0\xff\x54\x71\x8d\xed\x1c\x44\x44\x54\x54\x5c\x85\x5e\
\xb2\x68\x7d\xcd\xf3\xb6\x83\xe4\x53\x49\x17\x00\x00\xa8\x4f\x05\
\xea\x01\x59\x6c\x3b\x07\x11\x11\x15\x0b\x09\xd7\x27\x6b\x97\xdb\
\x4e\x91\x6f\x25\x5f\x00\x00\x60\xd8\x88\x21\x73\x21\x78\xc4\x76\
\x0e\x22\x22\x2a\x78\x0f\x46\x93\xd3\xca\xe2\x49\xb2\xb2\x28\x00\
\xe1\x35\x93\x32\x92\xf1\xfc\x3b\x14\xcd\xb6\xb3\x10\x11\x51\xc1\
\x5a\x2f\x59\xcf\x57\x8a\x7d\x93\x9f\x9e\x2a\x8b\x02\x00\x00\x91\
\x96\xa9\xef\x42\x34\x00\xe0\x4d\xdb\x59\x88\x88\xa8\xe0\xbc\xe5\
\x7a\xdd\xda\x48\xcb\xd4\x77\x6d\x07\x31\xa5\x6c\x0a\x00\x00\x44\
\x93\xb5\xff\x10\xd1\x19\xe0\x93\x01\x44\x44\xf4\x9e\x76\x40\x67\
\x2c\x6e\x9e\xde\x62\x3b\x88\x49\x65\x55\x00\x00\x20\x92\xa8\xfd\
\x93\x88\x5e\x61\x3b\x07\x11\x11\x15\x04\x55\x91\x59\xd1\x64\xed\
\xa3\xb6\x83\x98\x56\x76\x05\x00\x00\x22\x89\xda\x7b\x01\xb9\xd3\
\x76\x0e\x22\x22\xb2\x4b\x05\x37\xd6\x27\x6a\x7e\x6e\x3b\x87\x0d\
\x65\x59\x00\x00\x60\x58\x72\xed\xf5\x02\x29\xf9\xc7\x3c\x88\x88\
\xa8\x0b\x82\x9f\xd4\x27\x02\x3f\xb4\x1d\xc3\x96\xb2\x2d\x00\x61\
\x84\xdd\xac\x77\xd7\x25\x10\x3c\x65\x3b\x0b\x11\x11\x99\xa5\x40\
\x6c\x4b\x62\xf7\x55\xb6\x73\xd8\x54\xb6\x05\x00\x00\x16\x37\xcf\
\x6c\x55\xa4\xa7\x41\xe4\x05\xdb\x59\x88\x88\xc8\x14\x5d\x3b\x68\
\x40\xe5\x17\x97\x61\x66\x59\x6f\x1d\x5f\xb2\x9b\x01\xf5\xc6\x95\
\xd5\xb1\x63\x3c\x22\x7f\xe1\xc6\x41\x44\x44\x25\x6f\xa3\xa7\xc2\
\x3d\x7b\xe1\xf3\xd3\xb7\xd8\x0e\x62\x5b\x59\xaf\x00\xec\x73\x57\
\x2a\xf0\xaa\x7a\xb3\xe7\x43\x51\xf6\xff\x41\x10\x11\x95\xb0\x6d\
\x1e\xb8\x53\x79\xf2\xdf\x8b\x05\xa0\xc3\xe2\xe6\xe9\x2d\x2e\x34\
\xa0\xc0\x0e\xdb\x59\x88\x88\x28\xe7\x5a\xc5\xd1\x9a\x85\xc9\xe9\
\x49\xdb\x41\x0a\x05\x0b\xc0\x7e\x16\xa7\x6a\x9f\xf6\x40\xa6\x03\
\xd8\x63\x3b\x0b\x11\x11\xe5\xcc\x6e\x07\x52\x1b\x59\x5f\xfb\x57\
\xdb\x41\x0a\x09\x0b\xc0\x07\x2c\x4a\xd6\xac\x86\xe2\x0b\x00\xca\
\xfa\xe6\x10\x22\xa2\x12\xd1\x2e\xae\xcc\x58\x94\xac\x59\x6d\x3b\
\x48\xa1\x61\x01\xe8\x44\x34\x15\x78\x50\x44\xeb\x6c\xe7\x20\x22\
\xa2\x7e\xc9\x2a\xf4\xd2\xc8\x8b\x35\x2b\x6c\x07\x29\x44\x2c\x00\
\x5d\x88\x24\x6a\xef\x06\x70\xbd\xed\x1c\x44\x44\xd4\x27\x59\x11\
\xbd\xb4\x3e\x59\xdb\x60\x3b\x48\xa1\x62\x01\xe8\x46\x34\x19\xb8\
\x5d\x44\xae\xb5\x9d\x83\x88\x88\x7a\x45\x21\x32\x3b\x92\xa8\xfd\
\x8d\xed\x20\x85\x8c\x05\xe0\x00\x22\x89\x9a\x1f\xb1\x04\x10\x11\
\x15\x0f\x11\xf9\x66\x34\x51\xb3\xd4\x76\x8e\x42\xc7\x02\xd0\x03\
\x2c\x01\x44\x44\x45\x42\xf1\x5f\x91\x44\xcd\x8f\x6c\xc7\x28\x06\
\x2c\x00\x3d\x14\x49\xd4\xfc\x48\x80\xeb\x6c\xe7\x20\x22\xa2\xce\
\x89\xc8\x8d\xd1\x54\xe0\x56\xdb\x39\x8a\x05\x5f\x05\xdc\x4b\x75\
\xd5\xb1\x6b\x44\xc0\x76\x49\x44\x54\x38\x54\x15\xd7\xd6\xa7\x02\
\x3f\xb6\x1d\xa4\x98\xb0\x00\xf4\x01\x4b\x00\x11\x51\xc1\x50\x11\
\xcc\x89\x24\x02\x51\xdb\x41\x8a\x0d\x0b\x40\x1f\xb1\x04\x10\x11\
\x59\x97\x15\xd1\xaf\x45\x12\xb5\xf7\xda\x0e\x52\x8c\x58\x00\xfa\
\x21\xe8\x8f\x87\xa0\xba\x00\xbc\x97\x82\x88\xc8\xb4\x76\x88\x7e\
\x29\x9a\xa8\xfd\xbd\xed\x20\xc5\x8a\x05\xa0\x9f\x42\xfe\xf8\xc5\
\xaa\xfa\x6b\x00\x03\x6c\x67\x21\x22\x2a\x13\x7b\x14\xfa\xf9\xfa\
\x64\xed\x72\xdb\x41\x8a\x19\x0b\x40\x0e\x04\x7d\x8d\x9f\x51\xc8\
\x83\x02\x0c\xb5\x9d\x85\x88\xa8\xc4\xed\x14\x95\x0b\x23\xa9\x9a\
\x47\x6c\x07\x29\x76\x2c\x00\x39\x52\x37\x66\xc5\x99\xe2\xb8\x2b\
\x00\x1c\x6e\x3b\x0b\x11\x51\x89\x7a\xdb\x11\x99\xb6\x28\x51\xf3\
\x84\xed\x20\xa5\x80\x05\x20\x87\x66\x8f\x89\x8f\x75\x1c\x7d\x08\
\xc0\x71\xb6\xb3\x10\x11\x95\x98\xd7\x5c\xd7\x99\xb6\xf8\xc5\x69\
\x7f\xb7\x1d\xa4\x54\xf0\xe6\xb5\x1c\x5a\xfc\x62\xcd\x7a\xc0\xfd\
\x04\x80\x75\xb6\xb3\x10\x11\x95\x90\x75\x6e\x26\x7b\x16\x4f\xfe\
\xb9\xc5\x02\x90\x63\xd1\xe4\xf4\xd7\xb2\x95\x72\xae\x02\x5c\xa2\
\x22\x22\xea\x2f\xc1\x23\x92\xf5\x9c\xb3\x78\xc3\x85\x2f\xdb\x8e\
\x52\x6a\x58\x00\xf2\x60\xc9\xba\x9a\xed\xea\xdd\x7d\x81\x40\x1f\
\xb2\x9d\x85\x88\xa8\x58\x29\x70\x4f\xfb\x90\x11\x53\x23\x2d\x53\
\xdf\xb5\x9d\xa5\x14\xf1\x1e\x80\x3c\x9a\x81\x06\xcf\x51\xbe\x81\
\xb7\x28\xe4\x7a\xdb\x59\x88\x88\x8a\x88\x42\x70\x73\x34\x11\x08\
\xdb\x0e\x52\xca\x58\x00\x0c\x08\x55\xc7\xbe\xae\x82\x7a\x00\x15\
\xb6\xb3\x10\x11\x15\xb8\x8c\x28\x66\x47\x52\x81\x9f\xd8\x0e\x52\
\xea\x58\x00\x0c\x09\x55\xc7\x27\xab\x68\x03\x80\x43\x6d\x67\x21\
\x22\x2a\x50\xad\x2e\x9c\x19\x8b\x93\xd3\x78\xf9\xd4\x00\x16\x00\
\x83\xe6\xfa\x96\xfb\xb2\x70\x62\x00\xc6\xd8\xce\x42\x44\x54\x60\
\x5e\x94\x6c\xf6\xc2\x48\xcb\x85\x2f\xd8\x0e\x52\x2e\x78\x13\xa0\
\x41\x0b\x93\xd3\x93\x15\xde\x8a\xb3\x00\x3c\x6a\x3b\x0b\x0f\x2f\
\x3c\xb9\x00\x00\x08\xf7\x49\x44\x41\x54\x11\x51\xa1\x10\xe8\x43\
\xd9\x4a\x39\x93\x27\x7f\xb3\x58\x00\x0c\x9b\xdf\x3c\xe5\xad\x61\
\x23\xaa\x2e\x90\xbd\xf7\x04\x10\x11\x95\x33\x15\xe8\x6d\xaf\x27\
\xdb\x6a\x96\xac\xab\xd9\x6e\x3b\x4c\xb9\xe1\x25\x00\x8b\x82\xd5\
\x8d\x57\x43\xe4\x76\x00\x5e\xdb\x59\x88\x88\x0c\xdb\x09\xc8\x57\
\xa3\xc9\x9a\x65\xb6\x83\x94\x2b\x16\x00\xcb\x42\xd5\xf1\x4f\xa9\
\xe8\x6f\x01\x8c\xb0\x9d\x85\x88\xc8\x90\x97\x1c\x91\x8b\x17\x25\
\x6a\x9a\x6c\x07\x29\x67\x2c\x00\x05\x20\x34\x7a\xe5\x70\xf5\x66\
\x7f\x0d\xc5\x64\xdb\x59\x88\x88\xf2\xec\x4f\x92\xf5\xcc\x88\xb4\
\x4c\x7d\xd3\x76\x90\x72\xc7\x7b\x00\x0a\x40\xa4\x65\xea\x9b\xc3\
\x8e\xaa\xfa\xac\x40\x6f\x03\xa0\xb6\xf3\x10\x11\xe5\x87\xdc\xb9\
\x25\xb9\xfb\x3c\x9e\xfc\x0b\x03\x57\x00\x0a\x4c\x9d\xbf\xb1\x46\
\x54\xee\x03\xdf\x17\x40\x44\xa5\xe3\x1d\x28\xae\x88\xa6\x02\xbf\
\xb5\x1d\x84\xde\xc3\x02\x50\x80\xe6\x8e\x8b\x1d\x97\xcd\xfc\xff\
\xf6\xee\x37\xb6\xca\xf2\x0e\xe3\xf8\xf7\x77\x9f\xb6\x40\xad\xac\
\x53\x34\x16\x99\x4e\x87\xa7\x20\x6a\x26\x55\x33\x85\x69\xcc\xc8\
\x34\xa3\xa5\x6e\x06\xdc\x16\xe5\x8d\x06\x33\x4a\x9d\x98\x18\xe3\
\xe6\xb2\x33\x9d\x4b\xc4\x2d\x22\x6d\x71\xc3\x2c\x73\x7f\x88\x5b\
\xc9\x24\xda\xda\xb9\x8c\x6d\x86\xc9\x1b\xa5\xcc\xcc\x55\x4e\xeb\
\x1f\xdc\x58\x2c\x4e\x58\x99\xa0\x48\x7b\xce\xf3\xdb\x0b\xea\x8c\
\x06\x11\x4a\xdb\xbb\xe7\x9c\xeb\xf3\xba\x4d\xbe\x21\xed\x79\x2e\
\x9e\xf3\xf4\x3e\x6c\x00\x2e\x89\xdd\x22\x22\x72\x9c\x9e\x05\xff\
\x6a\x6b\xef\xa2\x1d\xb1\x43\xe4\x83\xf4\x16\xc0\x04\xf4\x60\x4f\
\xc3\x3f\x2d\x9f\xba\xdc\x61\x4d\xec\x16\x11\x91\x11\x72\x87\x35\
\x83\x55\x35\xf3\x75\xf1\x9f\x98\x74\x07\x60\x82\x5b\x51\xdb\x79\
\x3d\x78\x1b\x30\x35\x76\x8b\x88\xc8\x51\xea\x07\xbf\xbe\xb5\x77\
\x91\x0e\x3d\x9b\xc0\x34\x00\x0a\x40\xd3\xec\x27\xcf\xb4\x24\xf9\
\x39\x70\x45\xec\x16\x11\x91\x23\x32\x36\x25\xa9\x70\xc3\xda\x9e\
\x85\xbb\x62\xa7\xc8\x91\x69\x00\x14\x0c\xb7\x15\xb5\x9d\xb7\x00\
\xab\x80\x8a\xd8\x35\x22\x22\x1f\x92\xc3\xb8\x77\x5a\xb6\xfb\xee\
\x0c\x99\x24\x76\x8c\x7c\x3c\x0d\x80\x02\xd3\x34\xbb\x63\xae\x25\
\xfc\x0a\x98\x1d\xbb\x45\x44\x64\x58\x9f\x39\x37\xb4\xf4\x35\x3c\
\x1b\x3b\x44\x8e\x9e\x1e\x02\x2c\x30\x6d\xdb\x1b\xb6\xed\x3f\x58\
\x35\x77\xf8\xcc\x00\xad\x6c\x11\x89\xc9\x71\x5f\x37\x79\x52\xc5\
\x5c\x5d\xfc\x0b\x8f\xee\x00\x14\xb0\xe6\x74\xe7\x02\x37\x7f\x04\
\x38\x3d\x76\x8b\x88\x94\x9c\x57\x31\x6e\x6c\xcd\x36\x3c\x1d\x3b\
\x44\x46\x46\x77\x00\x0a\x58\x4b\x5f\xfd\xa6\x41\xe7\xb3\x80\x3e\
\x4c\x43\x44\xc6\x4b\x02\x3c\x38\x58\xc5\xf9\xba\xf8\x17\x36\xdd\
\x01\x28\x12\xc3\x27\x08\xae\x05\x3e\x15\xbb\x45\x44\x8a\xd6\x8e\
\x80\xdd\xb8\xa6\xb7\xfe\xcf\xb1\x43\xe4\xf8\xe9\x0e\x40\x91\x68\
\xcb\x2e\xea\xb4\x7c\xea\xbc\xe1\xc3\x83\xf4\x6c\x80\x88\x8c\x26\
\xc7\x7d\x5d\x52\x76\xe0\x02\x5d\xfc\x8b\x87\xee\x00\x14\xa1\xe5\
\xe9\x8e\xf9\xc1\x78\x18\x98\x15\xbb\x45\x44\x0a\xde\x2b\x18\x37\
\xe9\x76\x7f\xf1\xd1\x00\x28\x52\xcb\xea\xb6\x96\x97\xef\xdf\x75\
\x9b\xe1\xdf\x03\x26\xc5\xee\x11\x91\x82\x33\x68\xf8\x03\xfb\x0e\
\x9e\x98\x79\xe4\xb5\x2b\xdf\x8d\x1d\x23\xa3\x4f\x03\xa0\xc8\xdd\
\x32\xbb\xf3\xbc\x24\xef\x0f\x63\x7c\x2e\x76\x8b\x88\x14\x8c\x3f\
\xe1\x34\xb5\xf6\x35\x64\x63\x87\xc8\xd8\xd1\x00\x28\x01\x19\x32\
\x61\xcf\xac\xba\xe5\xee\xdc\x8d\x3e\x66\x58\x44\x3e\xda\x4e\xcc\
\x57\xb6\x66\x17\xfd\x36\x76\x88\x8c\x3d\x0d\x80\x12\xb2\x72\xce\
\x53\x27\x0d\xe6\x86\xbe\x6b\xd0\x04\xa4\x62\xf7\x88\xc8\x84\x91\
\x73\x58\x7b\x02\xc9\x5d\xab\x7a\x1b\xf7\xc5\x8e\x91\xf1\xa1\x01\
\x50\x82\x96\x9f\xd3\x39\x3b\x04\x5f\x0d\x7c\x31\x76\x8b\x88\x44\
\x66\xbe\x39\x58\x68\x5a\xb3\xbd\xfe\xef\xb1\x53\x64\x7c\x69\x00\
\x94\xb0\xa6\xda\x27\x96\x18\x76\x3f\x70\x46\xec\x16\x11\x19\x77\
\x3b\xc1\xbe\xd5\xda\xbb\x70\x3d\x98\xc7\x8e\x91\xf1\xa7\x01\x50\
\xe2\x56\xce\x68\x9f\x32\x78\x42\xe5\x2d\x86\xdf\x05\x54\xc5\xee\
\x11\x91\x31\xb7\x1f\xe3\x47\xe5\xfb\x0f\xdc\xf7\xc0\xbf\x96\x1c\
\x88\x1d\x23\xf1\x68\x00\x08\x00\xdf\x9c\xd3\x71\x46\x92\xb3\xfb\
\x1d\x5f\x8c\x7e\x2e\x44\x8a\xd1\x10\xee\x3f\xb6\xa4\xec\x9e\x96\
\x97\xbf\xf4\x66\xec\x18\x89\x4f\x2f\xf4\xf2\x01\xcd\xe9\x8e\x4b\
\x3c\x70\x2f\xce\x82\xd8\x2d\x22\x32\x4a\x9c\xce\x90\xe2\xb6\x35\
\xdb\x1b\x5e\x8a\x9d\x22\x13\x87\x06\x80\x1c\xd6\xf0\x69\x82\x3f\
\x00\x3e\x1f\xbb\x45\x44\x46\xec\x59\x4f\xc2\xed\x6d\x2f\x2d\xdc\
\x1c\x3b\x44\x26\x1e\x0d\x00\x39\x02\xb7\xa6\x74\xe7\x35\x16\xec\
\xfb\xb8\x9f\x1b\xbb\x46\x44\x8e\xda\x4b\x98\xdf\xd9\x9a\x6d\x78\
\x4c\x0f\xf8\xc9\x47\xd1\x87\x01\xc9\x11\x98\xb7\xf5\x35\x6c\x9c\
\x96\xdd\x7a\x3e\xd8\x12\xe0\x95\xd8\x45\x22\x72\x44\x3b\x30\xbb\
\x79\x5a\x4d\xd5\xb9\x87\x0e\xf3\xd1\xc5\x5f\x3e\x9a\xee\x00\xc8\
\x51\xcb\xcc\x69\xaf\xd8\x93\x9f\xb2\xcc\x9d\x6f\x03\xa7\xc5\xee\
\x11\x91\xff\xcb\x82\xdd\xfb\x46\xef\x3b\x8f\x6e\x60\x49\x3e\x76\
\x8c\x14\x06\x0d\x00\x39\x66\xcd\x33\xbb\x26\x11\xf2\xd7\x39\x7c\
\x07\x63\x66\xec\x1e\x91\x92\x65\xf6\xa2\x25\x7e\xdf\xae\xbe\x03\
\xeb\x75\xe1\x97\x63\xa5\x01\x20\x23\xb6\xac\x6e\x6b\xf9\xa4\x7d\
\xfd\x5f\xf3\x60\x77\xe8\x19\x01\x91\x71\xe4\xf4\x18\xac\xd2\x85\
\x5f\x8e\x87\x06\x80\x1c\xb7\x0c\x99\xf0\x66\xba\xae\x31\x18\x77\
\x3a\x5c\x1c\xbb\x47\xa4\x88\x3d\x6f\x66\xf7\xb4\x64\x17\x6e\xd4\
\xfb\xfb\x72\xbc\x34\x00\x64\x54\x2d\x4f\x77\xcc\x0f\x70\x07\x46\
\x7d\xec\x16\x91\x22\xe1\x18\x7f\x34\x58\xd3\x92\xad\xef\xd4\x85\
\x5f\x46\x8b\x06\x80\x8c\x89\xe6\x74\xc7\x25\x89\x71\xbb\xc1\x35\
\x40\x59\xec\x1e\x91\x02\xf4\xb6\xc1\x2f\x12\x0b\xab\xdb\xb2\x0b\
\xfb\x62\xc7\x48\xf1\xd1\x00\x90\x31\x75\xeb\xec\xa7\x6a\x86\x92\
\xdc\x52\xc3\x9b\x81\xd3\x63\xf7\x88\x14\x80\x5d\x18\x3f\x71\x86\
\x5a\xda\xb2\x5f\xd9\x13\x3b\x46\x8a\x97\x06\x80\x8c\x8b\xcc\x9c\
\xf6\x8a\xdd\xb9\xca\x46\xcc\x97\xe9\x98\x61\x91\xc3\xda\x66\xce\
\x83\x07\x4f\xac\x79\x74\x5d\xf7\x45\x43\xb1\x63\xa4\xf8\x69\x00\
\xc8\xb8\x5b\x9e\x7e\xe2\xe2\x10\x6c\x05\xce\x75\xc0\xa4\xd8\x3d\
\x22\x11\xbd\x8b\xdb\x46\x2c\xdf\xd6\xda\xdb\xb8\x25\x76\x8c\x94\
\x16\x0d\x00\x89\xa6\x79\x66\xd7\x29\x49\x59\xfe\x26\x73\x6e\x06\
\xce\x8c\xdd\x23\x32\x8e\x9e\x37\xe3\xa7\xb9\x72\x5b\xff\xd0\x0b\
\xf5\x03\xb1\x63\xa4\x34\x69\x00\x48\x74\x19\x32\xe1\xdf\xe9\xba\
\xcb\x02\x7e\x03\x66\x5f\x07\xaa\x62\x37\x89\x8c\x81\xb7\x70\xff\
\x75\x82\xfd\x72\x6d\x5f\xc3\x33\xb1\x63\x44\x34\x00\x64\x42\x59\
\x39\xa3\x7d\xca\xd0\x09\x95\xf5\xc3\xcf\x0a\x7c\x01\xfd\x8c\x4a\
\xe1\xeb\xc6\x6c\xdd\xe4\x8a\xf2\xf5\x3f\xfc\xdb\x55\x6f\xc7\x8e\
\x11\x79\x8f\x5e\x5c\x65\xc2\xfa\x46\xba\xf3\xec\x54\xf0\xa5\x38\
\x4b\x81\xb3\x62\xf7\x88\x1c\x83\x1d\xee\xfe\xa8\x97\xfb\xcf\xd6\
\xf6\x34\xbe\x1c\x3b\x46\xe4\x70\x34\x00\xa4\x00\xb8\x35\xcf\xea\
\xb8\x3c\x71\x5b\x6a\xd0\x08\x9c\x1c\xbb\x48\xe4\x30\x76\x9a\xb1\
\x81\x84\xdf\xb4\xf4\xd5\x3f\xa7\x03\x7b\x64\xa2\xd3\x00\x90\x82\
\xb2\x98\xf6\xd4\x29\xe9\x29\x97\x9a\xb1\xd8\x60\x31\x50\x13\xbb\
\x49\x4a\x97\xc1\x6e\x77\x7f\xec\xd0\xfb\xfa\xf5\x5b\x74\xd1\x97\
\x42\xa2\x01\x20\x05\xeb\xbd\x87\x07\x87\xc7\xc0\xb5\xe8\xa0\x21\
\x19\x1f\x7b\x0c\xba\x30\x36\x9c\x7c\x5a\xd5\xef\x32\x4f\x5f\x99\
\x8b\x1d\x24\x32\x12\x1a\x00\x52\x14\x32\x64\xc2\xee\xda\x0b\x2f\
\xc5\x52\xd7\xe2\x7e\x2d\x70\x46\xec\x26\x29\x2a\xdb\xdd\xe9\x4a\
\x99\x3d\xd9\xdf\xfb\xce\x66\x7d\x02\x9f\x14\x03\x0d\x00\x29\x4a\
\x87\x1e\x20\x64\x01\x89\x37\x60\x2c\x00\x26\xc7\x6e\x92\x82\x72\
\x00\x63\x8b\xbb\x6d\x32\xf7\xc7\x5b\xfb\x1a\xb2\xb1\x83\x44\x46\
\x9b\x06\x80\x14\xbd\x95\x33\xda\xa7\xe4\x2a\x2b\xe7\x61\xc9\x02\
\xc7\x16\x00\x75\xb1\x9b\x64\x42\xda\x81\xfb\x1f\xb0\xb0\xa9\x92\
\xfc\x53\xab\x7a\x1b\xf7\xc5\x0e\x12\x19\x4b\x1a\x00\x52\x72\x9a\
\x67\x76\x7d\xc6\x43\xee\x2a\x37\xbb\xda\xe0\x0a\x60\x6a\xec\x26\
\x89\xe2\x4d\xdc\xff\x82\xd9\x66\x9c\xdf\xeb\x7f\xf9\x52\x6a\x34\
\x00\xa4\xa4\x2d\xa6\x3d\x75\xea\xb9\x93\x67\x59\x12\xe6\x99\xfb\
\x7c\x87\xcb\xd1\xb1\xc4\xc5\xc9\x79\x03\x63\x33\xb0\x25\x98\x3d\
\x73\x52\x76\xeb\x5f\x33\x64\x92\xd8\x59\x22\xb1\x68\x00\x88\x7c\
\xc8\x8a\xda\xc7\xa7\x43\x6a\x9e\xe3\xf3\x0d\xe6\x01\x73\xd1\xef\
\x4a\x21\xea\x07\x9e\xc1\x6c\x93\x87\x64\x4b\xdb\x8b\x0d\x2f\xea\
\xcf\xf4\x44\xde\xa7\x17\x35\x91\x8f\xd1\x3c\xb3\xeb\x94\x24\x95\
\xbb\x2c\x58\x98\x9b\xb8\x5f\x68\x70\x21\x30\x23\x76\x97\x7c\xc0\
\x4e\xc3\xb6\x25\x9e\x6c\x0b\x1e\xba\x53\x65\x65\xdb\x56\x6f\xbf\
\xba\x3f\x76\x94\xc8\x44\xa6\x01\x20\x32\x02\xb7\x7e\x7a\x63\xf5\
\x60\x45\xd9\x79\xc1\xa8\x33\xa8\x73\xb3\x3a\xdc\x6b\x81\x54\xec\
\xb6\x12\xd0\x8f\xd3\x4d\xa0\xdb\xa0\x3b\x9f\x0a\xcf\xad\xed\x59\
\xb8\x2b\x76\x94\x48\xa1\xd1\x00\x10\x19\x25\xcb\xe7\xb4\x57\x95\
\xe5\x2b\x2f\x70\x92\xf3\xc1\xd2\x0e\xb5\x38\x69\x0e\x7d\x8e\x41\
\x59\xec\xbe\x02\x93\xc3\x79\x0d\xc8\x3a\xf4\x06\xe8\x25\x78\x5f\
\x59\xaa\xe2\x85\x07\x7a\xae\xfe\x4f\xec\x38\x91\x62\xa0\x01\x20\
\x32\xc6\x96\xd5\x6d\x2d\x2f\x7f\xfb\x8d\xb3\x20\x9f\x0e\x84\xda\
\xc4\x39\x07\x3c\x6d\x70\x0e\xa5\xfd\x56\x42\x02\xec\x02\xfe\x01\
\x64\x1d\xeb\xc5\xbd\xcf\xdd\xb2\xa7\x56\xbc\xf3\x4a\xa6\x67\xc9\
\x60\xe4\x3e\x91\xa2\xa6\x01\x20\x12\x51\x66\x4e\x7b\xc5\xee\xdc\
\xa4\x69\xc1\x52\x35\x8e\x4f\x77\xac\x06\x7c\x3a\x89\xd7\x10\xec\
\x6c\xb0\xe9\xb8\x9f\x0e\x7c\x22\x76\xeb\x31\x1a\x02\x76\x03\xaf\
\xe3\xf4\x83\xbf\xee\x16\x5e\x0d\xee\xfd\x60\xaf\xe7\xe0\xd5\xfc\
\x89\xa7\xed\x5c\xd7\x7d\xd1\x50\xec\x50\x91\x52\xa5\x01\x20\x52\
\x00\x9a\x67\x76\x4d\xcd\x85\x64\x5a\x79\xe0\x93\xf9\xc4\xab\x2d\
\x78\x35\x4e\xb5\x59\xa8\x4e\xdc\xab\xcd\xa9\xc6\xbc\x1a\xb7\x6a\
\x33\xaa\x1d\xa6\x00\x60\x04\xfc\xfd\xf1\x60\x30\xd5\xdf\x7f\x4e\
\x61\x32\x87\xbe\xee\x2d\x20\x0f\xe0\xd8\x7f\x0d\x7f\xef\x4f\xe3\
\xf6\x02\x3e\xfc\x7d\x7b\xfd\xd0\xd7\x0c\x00\x03\x38\x03\x66\x0c\
\xe0\xec\xc5\x18\x48\x9c\x01\x52\x0c\x58\xe2\x03\x65\x07\xf3\x03\
\xab\x5f\xfb\xf2\xde\x71\xf9\x87\x11\x91\x11\xfb\x1f\x58\x3b\xd0\
\x34\x7f\x09\xd0\x8a\x00\x00\x00\x00\x49\x45\x4e\x44\xae\x42\x60\
\x82\
\x00\x00\x48\x4b\
\x89\
\x50\x4e\x47\x0d\x0a\x1a\x0a\x00\x00\x00\x0d\x49\x48\x44\x52\x00\
\x00\x02\x00\x00\x00\x02\x00\x08\x06\x00\x00\x00\xf4\x78\xd4\xfa\
\x00\x00\x00\x04\x73\x42\x49\x54\x08\x08\x08\x08\x7c\x08\x64\x88\
\x00\x00\x00\x09\x70\x48\x59\x73\x00\x00\x0e\xc4\x00\x00\x0e\xc4\
\x01\x95\x2b\x0e\x1b\x00\x00\x00\x19\x74\x45\x58\x74\x53\x6f\x66\
\x74\x77\x61\x72\x65\x00\x77\x77\x77\x2e\x69\x6e\x6b\x73\x63\x61\
\x70\x65\x2e\x6f\x72\x67\x9b\xee\x3c\x1a\x00\x00\x20\x00\x49\x44\
\x41\x54\x78\x9c\xed\xdd\x79\x9c\x5c\x55\x9d\xff\xff\xd7\xe7\x56\
\x77\x08\x10\x30\x49\x77\x08\xa2\xe3\x06\x8a\x8a\x2c\x82\x0e\x8e\
\xca\x92\x05\x10\x10\x04\x24\x80\xac\xee\xb2\xa8\x88\x1b\xce\x4f\
\x9d\x69\x92\x80\xa0\x2c\x59\x64\xd5\x41\x46\xf6\x44\x49\x20\xec\
\x90\x84\xf5\xab\xe3\x80\x3b\x0a\x1a\x07\x17\x88\xa8\x80\x02\x61\
\x49\xd2\x5d\x9f\xdf\x1f\xa4\xb1\x3b\x95\xee\xbe\x37\x55\x75\xea\
\x9c\x5b\xef\xe7\xe3\xe1\x23\x9d\xcb\xa1\xde\x55\x9f\x47\x71\xde\
\x27\xb7\x3a\x2d\x88\x88\x88\x88\x88\x88\x88\x88\x88\x88\x88\x88\
\x88\x88\x88\x88\x88\x88\x88\x88\x88\x88\x88\x88\x88\x88\x88\x88\
\x88\x88\x88\x88\x88\x88\x88\x88\x88\x88\x88\x88\x88\x88\x88\x88\
\x88\x88\x88\x88\x88\x88\x88\x88\x88\x88\x88\x88\x88\x88\x88\x88\
\x88\x88\x88\xc8\xda\xac\xd5\x4f\x40\x44\x24\x94\x89\x3d\xbe\x59\
\x05\xb6\xaa\xc2\x56\x19\x6c\x05\x6c\x85\x33\xc1\x9c\x4d\x81\x8d\
\x80\x8d\x0c\xc6\x02\x2b\x71\x9e\x33\xf8\x07\xf0\x1c\xb0\x22\x33\
\x7e\x5f\xed\x63\x19\xc6\x32\xeb\x63\xd9\xa8\x15\xfc\x6e\xd9\x5c\
\x5b\xd9\xca\xd7\x23\x52\x0f\x1d\x00\x44\xa4\xb4\x26\xf6\xf8\xeb\
\x0c\xde\xed\xf0\x2e\x83\x3d\xcc\x79\x6d\xff\x3f\xeb\xdf\xfc\xcc\
\xff\xb9\xfe\xa5\x0d\xd1\x07\x6f\x8e\xb6\x8e\x6b\x40\x6f\xe6\xfc\
\xcc\xe1\x5e\x83\x7b\x3a\x3b\x59\xfa\x9b\x1e\x7b\xbc\xf1\xaf\x42\
\xa4\x39\x74\x00\x10\x91\xf2\x98\xe7\x95\x89\xbf\x62\x37\xe0\x50\
\xe0\x20\x83\xee\xfe\x7f\xb4\xae\xa2\x5f\xdf\xf2\xef\xbf\x36\xe8\
\xdf\x03\x37\xe7\x3e\x87\xab\x33\x63\xde\xef\x4e\xb5\x3f\xd5\xf5\
\x5a\x44\x9a\x4c\x07\x00\x11\x49\x5e\x77\x8f\xbf\xad\x02\xc7\x60\
\x1c\x8c\xb3\x39\xac\x55\xd8\xcd\x2f\xff\xb5\x1f\xcf\x81\xff\x07\
\x5c\xed\x7d\x7c\xf7\xff\xce\xb0\xa7\x0a\xbe\x24\x91\xa6\xd3\x01\
\x40\x44\xd2\xd4\xe3\xd9\x44\x98\x5c\xcd\x38\xd1\x9c\xf7\xe6\x2c\
\xe6\x21\xaf\x35\xb0\xfc\xd7\xbe\xb6\xc2\xe0\xe2\xde\x8c\xb3\x1f\
\x3e\xd5\xfe\x30\xe2\xeb\x12\x09\x44\x07\x00\x11\x49\xcb\x85\xde\
\xd9\xfd\x18\x1f\x34\xf8\x9c\xc1\xd6\xb0\xde\xc5\xdc\xd0\xf2\x1f\
\x29\x17\xa7\xd7\x8c\xef\x99\xf1\xb5\x87\x4e\xb3\x9f\x0f\xf5\xf2\
\x44\x42\xd1\x01\x40\x44\x92\x31\x71\x86\x4f\xad\x56\x39\x07\x78\
\xcb\x4b\x85\x0e\x29\x94\xff\xc0\x35\x55\x83\xcb\x3b\x33\xbe\xf0\
\xcb\xd3\xec\x2f\x88\xb4\x88\x0e\x00\x22\x12\xbd\x09\x33\xfc\xf5\
\xc0\xa9\x54\x99\x06\x03\x0a\x1d\x52\x2b\xff\x81\x19\xcf\x62\x9c\
\xd9\xfb\x2c\x5f\xd3\x5f\x27\x94\x56\xd0\x01\x40\x44\xe2\xd5\xe3\
\x1d\xdd\x15\xbe\x6c\xce\x97\x71\x3a\xa1\x34\xe5\x3f\xf0\xda\x43\
\x99\x71\xd4\x03\xa7\xdb\xff\x22\x12\x90\x0e\x00\x22\x12\xa5\xb1\
\x33\xfd\xd5\x1d\x55\x2e\x35\xd8\x65\xed\x12\x2e\x51\xf9\xf7\x67\
\xf4\x1a\x9c\xfa\xab\x87\x99\xc1\x7c\xeb\x43\x24\x00\x1d\x00\x44\
\x24\x3a\x13\x4e\xf1\x69\x6e\x5c\x68\x30\xae\x0d\xca\x7f\xe0\x6b\
\xfb\x41\x96\x71\xe4\x2f\x4e\xb7\xff\x43\xa4\xc9\x74\x00\x10\x91\
\x78\xf4\x78\x47\x77\xc6\xb9\xc0\xc7\x87\x28\xc8\xd2\x96\xff\x80\
\xc7\x7b\x32\x83\x83\x7e\xf1\x0d\xbb\x13\x91\x26\xd2\x01\x40\x44\
\xa2\x30\xa1\xc7\xc7\x78\xc6\x55\xc0\xbe\x6d\x5c\xfe\xfd\xd7\x56\
\xe1\x7c\xe4\x97\x67\xda\x65\x88\x34\x49\xd6\xea\x27\x20\x22\xd2\
\x7d\xaa\xbf\xdc\x33\xee\x40\xe5\xdf\x6f\x94\xc1\x77\xb7\xfb\xbc\
\xf7\x20\xd2\x24\xba\x03\x20\x22\x2d\xd5\xd5\xe3\x6f\xb4\x8c\x5b\
\x80\x57\xa9\xfc\x6b\x33\x32\xe3\xa2\x9f\x6d\xcc\x71\xf4\x58\x15\
\x91\x06\xd2\x01\x40\x44\x5a\xa6\x6b\x86\xbf\xc9\x9c\xdb\x81\x2d\
\x54\xfe\xc3\x66\x5c\x35\x7e\x13\x8e\xba\xa3\xc7\x7a\x11\x69\x10\
\x1d\x00\x44\xa4\x25\x26\xf4\xf8\x0e\x9e\x71\x2b\x30\x41\xe5\x9f\
\x23\xc3\x98\xdf\xf1\x34\x47\xdc\x7f\x91\xad\x46\xa4\x01\x74\x00\
\x10\x91\xe0\xba\x7b\x7c\x47\xcb\xb8\xd5\xa1\x4b\xe5\x9f\x2f\x63\
\xcd\xaf\xd7\xaf\x58\xc5\xc1\xfa\xc9\x81\xd2\x08\xfa\x26\x40\x11\
\x09\xaa\x7b\xa6\xbf\x8d\x8c\xdb\x54\xfe\xf9\x33\x06\x5c\x7b\xef\
\x26\x1d\x2c\xd8\xbd\xc7\x47\x23\x52\x27\xdd\x01\x10\x91\x60\x26\
\xcc\xf4\x77\x7b\x95\x1b\x80\x4d\x55\xfe\xf9\x32\x86\xc8\xbd\x65\
\xb4\x73\xe0\x0f\xce\xb1\xe7\x11\x59\x4f\xba\x03\x20\x22\x41\x4c\
\x98\xe9\xbb\x7a\x95\x1b\x51\xf9\xe7\xce\x18\x26\x77\xaf\x95\xc6\
\xcd\xdb\x1c\xef\x63\x10\x59\x4f\xba\x03\x20\x22\x4d\xd7\x3d\xc3\
\x77\xc7\x59\x04\x8c\x51\xf9\xe7\xcb\x18\x29\x77\xcd\x63\xdc\x33\
\x7a\x14\xfb\xdc\xfb\x75\x7b\x06\x91\x82\x74\x00\x10\x91\xa6\x9a\
\x70\x8a\xef\xed\xc6\x35\xc0\x68\x95\x7f\xbe\x8c\x5c\xe5\xff\xcf\
\x6b\xf7\x75\xc2\x5e\x3f\x38\xc7\x9e\x44\xa4\x00\x7d\x04\x20\x22\
\x4d\xd3\x7d\x8a\xef\xab\xf2\x6f\x6a\xf9\x83\xf3\xb6\xd5\xce\x6d\
\xff\x7a\x82\x77\x21\x52\x80\x0e\x00\x22\xd2\x14\x13\x4e\xf1\x69\
\x18\x0b\x50\xf9\xe7\xce\x58\x8f\xf2\xef\xff\x7a\x47\xef\xe4\xf6\
\x9d\x3e\xe7\xdd\x88\xe4\xa4\x8f\x00\x44\xa4\xe1\x26\x9c\xe2\x87\
\xba\x71\x19\xd0\xa1\xf2\xcf\x97\x51\x47\xf9\x0f\xcc\xf8\x75\x9f\
\x31\xe5\xfe\x59\xf6\x67\x44\x46\xa0\x3b\x00\x22\xd2\x50\xdd\xd3\
\xfd\x70\x95\x7f\x4b\xca\x1f\xe0\x4d\x15\x67\xe9\xbb\x3e\xe9\x5b\
\x20\x32\x02\x1d\x00\x44\xa4\x61\xba\x4f\xf1\x8f\x01\x97\xa2\xf2\
\xcf\x9d\xd1\xc0\xf2\xef\xbf\xbe\x75\x6f\xc6\xd2\x9d\x3f\xe5\xaf\
\x44\x64\x18\x3a\x00\x88\x48\x43\x74\xcf\xf0\x4f\x60\x5c\x00\x64\
\x2a\xff\x7c\x19\x4d\x28\xff\xfe\x5f\xdf\x60\xc6\x3d\x6f\x3f\xc9\
\x5f\x87\xc8\x10\x74\x00\x10\x91\xba\x75\x4f\xf7\xcf\xe2\x9c\x8f\
\xca\x3f\x77\x46\xd3\xca\xff\x9f\xd7\x5e\xdd\xd1\xc7\xd2\x7f\x3b\
\xc9\xb7\x42\x64\x1d\x74\x00\x10\x91\xba\x74\x4d\xf7\x2f\x02\x67\
\x01\xa6\xf2\xcf\x97\x11\xa0\xfc\xfb\xaf\xbd\x8a\x5e\xee\xde\xe5\
\x53\xfe\x66\x44\xd6\xa2\x03\x80\x88\xac\xb7\xae\x19\x7e\xb2\xc1\
\x19\xd0\x94\xf2\x52\xf9\x8f\x90\x3b\x68\xed\xd0\xb9\x9b\xf7\xc1\
\x92\x77\x7e\xda\xdf\x82\xc8\x00\x3a\x00\x88\xc8\x7a\xe9\x9e\xee\
\xa7\x98\x73\x3a\xa8\xfc\xf3\x66\xb4\xa0\xfc\xfb\x4d\x34\x67\xf1\
\x2e\xc7\xf9\x76\x88\xac\xa1\x03\x80\x88\x14\xd6\x75\x8a\xcf\x04\
\xfe\x03\x54\xfe\x79\x33\x5a\x58\xfe\xfd\x8f\xb7\x99\x57\xb8\xe3\
\x9d\xc7\xfb\xdb\x11\x61\xf0\x7b\x44\x44\x64\x78\xee\xd6\x3d\x83\
\xb3\x81\xcf\x80\xca\x3f\x6f\x46\x04\xe5\x3f\xf0\xda\x3f\x70\xde\
\x73\xcf\xb9\xf6\x3f\x48\x5b\xd3\x01\x40\x44\xf2\x71\xb7\x09\x33\
\x98\xe3\xf0\x49\x50\xf9\xe7\xcd\x88\xac\xfc\xfb\xaf\x3d\x95\xc1\
\xde\x77\x9e\x6b\x3f\x40\xda\x96\x0e\x00\x22\x32\xb2\x1e\xcf\xba\
\x32\xbe\x65\xf0\x61\x68\x79\x79\x0d\x99\xa1\xf2\xaf\xcd\x18\x26\
\xf7\x59\x8c\xfd\xef\xfa\xa6\x2d\x41\xda\x92\xbe\x07\x40\x44\x86\
\x37\xcf\x2b\x13\x2a\x5c\xac\xf2\x2f\x55\xf9\x03\x6c\x8c\xb3\x68\
\xf7\xe3\x7c\x2a\xd2\x96\x74\x07\x40\x44\x86\x36\xcf\x2b\xdd\x0f\
\x72\x09\x70\x24\x44\x55\x5e\x83\x1e\x4f\xe5\x5f\x9b\x51\xe0\xb5\
\xad\x04\xa6\xdd\x79\x9e\x2d\x42\xda\x8a\x0e\x00\x22\xb2\x6e\x3d\
\x3e\x6a\x42\xc6\x95\x0e\x07\x41\xb4\xe5\xa5\xf2\x5f\x47\x46\xd1\
\xd7\xe6\xc6\x2a\xab\x72\xe8\x1d\xe7\xdb\x42\xa4\x6d\xe8\x00\x20\
\x22\xb5\x7a\x7c\x54\x77\xc6\xd5\xc0\x01\x10\x77\x79\x0d\x97\xab\
\xf2\x1f\x3e\x63\xd0\x35\x63\x15\xce\x07\x96\x9e\x67\xd7\x20\x6d\
\x41\xdf\x03\x20\x22\x83\x6c\x35\xc7\x37\xe8\xce\xf8\x1e\x2a\xff\
\xf6\x29\x7f\x80\x2a\xa3\x70\xe6\x4d\x39\xce\x8f\x44\xda\x82\xee\
\x00\x88\xc8\x4b\xb6\xe8\xf1\x8d\x56\x65\x5c\x0b\x4c\x85\x44\xca\
\x2b\x82\x8c\xe4\xcb\x7f\xf0\xf5\x3e\x83\x8f\x2c\x3e\xdf\xfe\x1b\
\x29\x35\xdd\x01\x10\x11\x00\x26\x7e\xc3\x37\x5e\x95\xb1\x08\x95\
\x7f\x3b\x97\x3f\x40\x05\xe7\xe2\xa9\xc7\xfa\x87\x91\x52\xd3\x01\
\x40\x44\x18\x77\xba\xbf\xac\xfa\x3c\xb7\x01\x93\x21\x91\xf2\x8a\
\x20\xa3\x84\xe5\xdf\xbf\x36\x03\xbe\x3d\xf5\x58\xff\x24\x52\x5a\
\xfa\x08\x40\xa4\xcd\x8d\xed\xf1\xb1\x1d\x19\x37\x03\x3b\x43\x22\
\xe5\x15\x41\x46\x89\xcb\x7f\xe0\x35\x37\xe7\xa4\xdb\x2e\xb4\xd9\
\x48\xe9\xe8\x0e\x80\x48\x1b\x7b\xd9\xd7\x7c\x5c\x47\xc6\xad\xa8\
\xfc\x55\xfe\xeb\xbe\x66\xc0\xac\xa9\xc7\xfa\x97\x91\xd2\xd1\x1d\
\x00\x91\x36\x35\xb1\xc7\x37\xeb\xab\x70\x1b\xce\x76\x90\x48\x79\
\x45\x90\xd1\x46\xe5\x3f\xe8\xdf\x33\xf8\xcf\x5b\x2e\xb4\xe9\x48\
\x69\xe8\x00\x20\xd2\x86\x36\x3b\xd5\x27\x7a\x95\xdb\xdd\x79\x0b\
\x24\x52\x5e\x11\x64\xb4\x6b\xf9\xbf\xf4\x7c\x9c\x33\x6e\xf9\x96\
\x7d\x09\x29\x05\x1d\x00\x44\xda\x4c\xf7\xa9\xfe\x72\xfa\xb8\x1d\
\x78\x33\x24\x52\x5e\x11\x64\xb4\x7d\xf9\xaf\xf9\x32\x83\xaf\xdf\
\x74\x91\x9d\x8c\x24\x4f\x07\x00\x91\x36\x32\xae\xc7\x5f\x55\xc9\
\x58\x02\x6c\x09\x89\x94\x57\x04\x19\x2a\xff\x9a\x6b\x67\xdf\xfc\
\x2d\x3e\x3f\xf8\xdf\x90\xd4\xe8\x00\x20\xd2\x26\xc6\xf6\xf8\x6b\
\x3a\x32\x16\x03\xaf\x83\x44\xca\x2b\x82\x0c\x95\xff\x90\xd7\x2e\
\xd8\xf9\x15\x9c\xd0\xd3\x63\x55\x24\x49\x3a\x00\x88\xb4\x81\xee\
\x1e\x7f\x03\x2f\x96\xff\x2b\x21\x91\xf2\x8a\x20\x43\xe5\x3f\xfc\
\x73\xcc\xe0\x5b\x6f\x7f\x05\xc7\xea\x10\x90\x26\x1d\x00\x44\x4a\
\xae\xab\xc7\xdf\x68\x2f\x96\xff\x16\x90\x48\x79\x45\x90\xa1\xf2\
\xcf\xf7\x1c\x81\x2b\x9e\x7b\x25\xc7\xdc\xd1\x63\xbd\x48\x52\x74\
\x00\x10\x29\xb1\xae\x19\xfe\x26\x73\x16\x03\x2f\x87\x44\xca\x2b\
\x82\x0c\x95\x7f\xbe\xe7\x38\xe0\xeb\xab\x9e\xfd\x17\x8e\xd2\x21\
\x20\x2d\x3a\x00\x88\x94\xd4\x84\x1e\xdf\xc1\x33\x6e\x03\xba\x21\
\x91\xf2\x8a\x20\x43\xe5\x9f\xef\x39\x0e\x5c\x63\x2f\x3e\xde\xfc\
\xe5\x15\x8e\xb8\xff\x22\x5b\x8d\x24\x41\x07\x00\x91\x12\xea\x9e\
\xee\x3b\x19\xdc\xe2\xd0\x05\x89\x94\x57\x04\x19\x2a\xff\x7c\xcf\
\x71\xe0\x9a\x41\xd7\x9c\xeb\x7b\x37\xe6\xe0\x9b\xe6\xda\x4a\x24\
\x7a\xfa\x51\xc0\x22\x25\x33\x7e\xa6\xbf\x13\x58\xa2\xf2\x57\xf9\
\x07\x9f\x83\xf1\xde\x8e\xe7\x58\xb0\xfb\x07\x7d\x34\x12\x3d\x1d\
\x00\x44\x4a\x64\xdc\x4c\x7f\x77\x56\xe5\x66\x60\x53\x48\xa4\xbc\
\x22\xc8\x50\xf9\xe7\x7b\x8e\x03\xd7\x0c\x93\xbb\xf7\xa6\x19\x0b\
\xa7\x4d\xf3\x0d\x91\xa8\xd9\xc8\x4b\x44\x24\x05\xdd\xd3\x7d\x37\
\xe0\x7a\x60\x0c\x24\x52\x5e\x11\x64\xa8\xfc\xf3\x3d\xc7\x81\x6b\
\x72\xce\xe1\xae\x51\xa3\xd9\x77\xfe\x79\xb6\x02\x89\x92\xee\x00\
\x88\x94\xc0\xf8\x19\xfe\x1e\xe0\x26\x54\xfe\xad\x2e\xbd\x5c\xb9\
\x03\x1f\xaf\xa4\xe5\x0f\xb0\xeb\xea\xe7\xb9\x69\xef\x23\x7c\x53\
\x24\x4a\xba\x03\x20\x92\xb8\x09\x33\x7c\x1f\x77\xbe\x0f\x8c\x86\
\x44\xca\x2b\x82\x0c\x95\x7f\xbe\xe7\x38\x70\xcd\x7a\xce\xe1\xbe\
\xce\x8c\xbd\xe6\xff\x97\x3d\x89\x44\x45\x07\x00\x91\x84\x75\xcf\
\xf0\xf7\xe2\x7c\x0f\xd8\x00\x12\x29\xaf\x08\x32\x54\xfe\xf9\x9e\
\xe3\xc0\x35\x75\xce\xe1\xc7\xf4\xb1\xe7\x82\xef\xda\x13\x48\x34\
\xf4\x11\x80\x48\xa2\xc6\x4f\xf7\x43\x70\xae\x41\xe5\x1f\x6b\xe9\
\xa9\xfc\xff\x99\xb1\x63\x96\x71\xfb\x7e\x1f\xf7\x6e\x24\x1a\xba\
\x03\x20\x92\xa0\xee\xe9\x7e\x18\x70\x29\xd0\x01\x89\x94\x57\x04\
\x19\x2a\xff\x7c\xcf\x71\xe0\x9a\x86\xce\xc1\xf8\x35\xab\x99\x72\
\xcd\x65\xf6\x67\xa4\xe5\x74\x07\x40\x24\x31\xe3\x4f\xf1\x8f\x00\
\x97\xa3\xf2\x4f\xa3\xf4\x68\xc0\x6b\x2b\xb2\x36\xe6\x39\x38\x6f\
\xb2\x8c\xa5\xd3\x8e\xf6\x57\x20\x2d\xa7\x03\x80\x48\x42\xba\x4f\
\xf1\x8f\x65\xc6\x45\xac\xf9\x6f\x37\x89\xf2\x8a\x20\x43\xe5\x9f\
\xef\x39\x0e\x5c\xd3\xac\x39\x60\x6c\xed\xc6\xd2\x83\x8e\xf0\x57\
\x22\x2d\xa5\x03\x80\x48\x22\xba\xa7\xfb\xb1\x18\x17\xa2\xf2\x4f\
\xae\xf4\x54\xfe\x35\x8f\xf7\xfa\x4a\x85\x7b\xde\xff\x61\x7f\x1d\
\xd2\x32\x3a\x00\x88\x24\xa0\x7b\xba\x7f\x1e\x38\x9f\x35\xfb\x67\
\x12\xe5\x15\x41\x46\x0c\xa5\xa7\xf2\x1f\x22\x03\x5e\x9d\xf5\xb2\
\xe4\xa0\xc3\xfd\xd5\x48\x4b\xd8\xc8\x4b\x44\xa4\x95\xba\x66\xf8\
\xc9\xe6\x9c\xde\xff\xfb\x24\xca\x2b\x82\x8c\x18\x4a\x4f\xe5\x9f\
\x2b\x63\x99\x67\xec\x32\xff\x12\x7b\x0c\x09\x4a\x77\x00\x44\x22\
\xa6\xf2\x4f\xb7\xf4\x54\xfe\xb9\x33\xb6\xca\xaa\xdc\x3a\xed\x23\
\x3e\x1e\x09\x4a\x07\x00\x91\x48\x75\x9f\xe2\xd3\x55\xfe\xc5\x33\
\x62\x28\x3d\x95\x7f\xc1\x0c\x67\xdb\x6c\x35\x37\x4c\x9b\xe6\x63\
\x90\x60\x74\x00\x10\x89\x8d\xbb\x75\x9f\xe2\x67\x63\x7c\xb5\xff\
\x52\x12\xe5\x15\x41\x46\x0c\xa5\xa7\xf2\x5f\xcf\x0c\xe7\x1d\xd9\
\x68\x2e\x01\x1f\xb8\x44\x9a\x48\x07\x00\x91\x98\xb8\x5b\xd7\x0c\
\x66\x61\x9c\xd4\x7f\x29\x89\xf2\x8a\x20\x23\x86\xd2\x53\xf9\xd7\
\x97\x91\x39\xef\x3f\xfc\x48\x3e\x8d\x04\xa1\x93\x96\x48\x2c\xdc\
\xad\x6b\x3a\x73\xcd\x38\xa1\xff\x52\x12\xe5\x15\x41\x46\x0c\xa5\
\xa7\xf2\x6f\x58\xc6\xea\xcc\x99\x74\xf9\xe5\x76\x2f\xd2\x54\x3a\
\x00\x88\xc4\x60\x9e\x57\xba\x1e\xe4\xdb\x06\x1f\xec\xbf\x94\x44\
\x79\x45\x90\x11\x43\xe9\xa9\xfc\x1b\x9c\x61\xfc\xc9\x7b\xd9\xf1\
\xca\x2b\xed\x71\xa4\x69\xf4\x11\x80\x48\xab\xf5\x78\x47\xd7\x83\
\x7c\x57\xe5\x5f\x3c\x23\x86\xd2\x53\xf9\x37\x21\xa3\xca\xbf\x54\
\x2a\xcc\x45\x9a\x4a\x07\x00\x91\x56\x9a\xe7\x95\xae\x0a\x97\x18\
\x1c\xde\x7f\x29\x89\xf2\x8a\x20\x23\x86\xd2\x53\xf9\x37\x2f\xc3\
\x9d\xc3\x8e\x38\xc2\xf7\x46\x9a\xc6\x46\x5e\x22\x22\x4d\xd1\xe3\
\xa3\xba\x32\xae\x32\x38\xb0\xff\x52\x12\xe5\x15\x41\x46\x0c\xa5\
\xa7\xf2\x0f\x92\xf1\xdb\x8e\x4e\xb6\xbb\xe4\x12\x7b\x01\x69\x38\
\xdd\x01\x10\x69\x81\xad\xe6\xf8\x06\x5d\x19\xf3\x55\xfe\xc5\x33\
\x62\x28\x3d\x95\x7f\xb0\x8c\xd7\x57\x57\xf1\x05\xa4\x29\x74\x07\
\x40\x24\xb0\x2d\x7a\x7c\xa3\x95\x19\x0b\x0d\xf6\xe8\xbf\x96\x44\
\x79\x45\x90\x11\x41\x21\xa9\xfc\x03\x66\xac\xb9\xf6\xc2\xea\x2a\
\x5b\x5e\x75\x95\x2d\x47\x1a\x4a\x77\x00\x44\x02\x5a\x53\xfe\xd7\
\xa9\xfc\x8b\x67\x44\x54\x48\xb9\x32\xca\x3c\x87\x10\x19\x03\xae\
\x8d\xee\xcc\xf8\x3c\xd2\x70\xba\x03\x20\x12\xc8\xc4\x6f\xf8\xc6\
\xbd\xcf\xb3\xc8\x60\x52\xff\xb5\x24\xca\x2b\x82\x8c\xc8\x0a\x49\
\xe5\xdf\xe4\x8c\x9a\x6b\xf0\x9c\x57\x78\xed\xa5\x97\xda\x5f\x91\
\x86\xd1\x1d\x00\x91\x00\xc6\x9d\xee\x2f\xeb\x7d\x8e\xdb\x55\xfe\
\xc5\x33\xa2\x2c\x24\x95\x7f\xd8\x59\x3b\x1b\x65\xbd\x7c\x06\x69\
\x28\xdd\x01\x10\x69\xb2\x4d\x7b\x7c\x7c\x67\xc6\xad\x06\x3b\xf5\
\x5f\x6b\xf9\x86\x3a\x44\x86\xca\xbf\x36\x43\xe5\x1f\x2e\x63\x84\
\xdc\xa7\x37\xe8\xe5\x55\x17\xcd\xb7\xa7\x90\x86\xd0\x1d\x00\x91\
\x26\xda\xfc\x34\x9f\xd0\x91\xb1\x44\xe5\x5f\x3c\x23\x81\x42\x1a\
\xf4\x78\x65\x9e\x43\x88\x8c\x1c\xf3\xdb\x74\x55\x85\x43\x90\x86\
\xd1\x01\x40\xa4\x49\x26\xf6\xf8\x66\xab\x7b\x59\x9c\xc1\xf6\xfd\
\xd7\x22\xdb\x50\x55\xfe\xc3\x64\xa8\xfc\xc3\x65\x14\x98\xdf\x51\
\x48\xc3\xd8\xc8\x4b\x44\xa4\xa8\x09\x3d\xbe\x79\x35\xe3\x76\x83\
\x6d\xfa\xaf\x45\xba\xa1\xaa\xfc\xd7\x91\xa1\xf2\x0f\x97\x51\x70\
\x7e\x6e\x19\x5b\x5d\x7c\x85\xfd\x1f\x52\x37\xdd\x01\x10\x69\xb0\
\xf1\x33\xfd\x5f\xaa\x19\x77\xab\xfc\x8b\x67\x24\x58\x48\xeb\xb7\
\x36\x81\x39\x84\xc8\x58\x8f\xf9\x19\x55\x8e\x40\x1a\x42\x07\x00\
\x91\x06\x1a\xdb\xe3\xaf\xc9\xaa\xdc\x69\xb0\x55\xff\xb5\xc8\x37\
\xd4\x68\x32\x12\x2d\xa4\xe2\x6b\x13\x98\x43\x88\x8c\xf5\x9d\x9f\
\x3b\x87\x22\x0d\x61\x23\x2f\x11\x91\x3c\xc6\xf6\xf8\x6b\x3a\x32\
\x96\x00\xaf\xed\xbf\x96\xc2\x86\x1a\x43\x46\xca\x85\x54\xb6\x39\
\x84\xc8\xa8\x73\x7e\x5e\xad\xb2\xc5\x25\xf3\xed\x31\xa4\x2e\xba\
\x03\x20\xd2\x00\xdd\x33\x7c\xeb\x4a\xc6\x3d\xa8\xfc\x0b\x67\x24\
\x5d\x48\x45\xd6\x26\x30\x87\x10\x19\x0d\x98\x9f\x55\x32\x76\x47\
\xea\xa6\x03\x80\x48\x9d\xba\x4e\xf3\x37\xba\xb3\xc4\xe0\x15\xfd\
\xd7\x12\xdb\x50\x55\xfe\x39\x33\xca\x3c\x87\x10\x19\x8d\x9a\x9f\
\x0f\xf8\x81\x5a\xb2\xfe\x74\x00\x10\xa9\xc3\x84\x53\x7d\x07\x7a\
\xb9\xcb\x60\x8b\xfe\x6b\x29\x6e\xa8\xad\xc8\x48\xbe\x90\x4a\x34\
\x87\x10\x19\x8d\x7c\x1f\x99\x33\x19\xa9\x9b\x8d\xbc\x44\x44\xd6\
\xa5\x7b\xba\xef\xe4\x70\xab\xc1\xf8\xfe\x6b\xa9\x6e\xa8\x2a\xff\
\xe1\x33\x46\x7c\x6d\x45\xd6\x46\x36\x87\x10\x19\xcd\x78\x1f\xb9\
\xd3\xf5\x5f\xf3\xed\x49\x64\xbd\xe9\x0e\x80\xc8\x7a\x50\xf9\xaf\
\x7f\x46\xe9\x0a\xa9\xc8\xda\xc8\xe6\x10\x22\xa3\x69\xef\xa3\x8c\
\x37\x20\x75\xd1\x01\x40\xa4\xa0\x71\xd3\xfd\x5d\x0e\x4b\x54\xfe\
\xc5\x33\x4a\x57\x48\x45\xd6\x46\x36\x87\x10\x19\xcd\x7c\x1f\x65\
\xce\xd6\x48\x5d\x74\x00\x10\x29\x60\xc2\x74\xdf\x25\x83\x9b\x0c\
\x36\xed\xbf\x56\x86\x0d\x35\x44\x46\xe9\x0a\xa9\xc8\xda\xc8\xe6\
\x10\x22\xa3\xd9\xef\x23\x47\x07\x80\x7a\xe9\x00\x20\x92\x53\xf7\
\x0c\xdf\xbd\x0a\x37\x1a\x6c\xd2\x7f\xad\x0c\x1b\x6a\x88\x8c\xd2\
\x15\x52\x91\xb5\x91\xcd\x21\x44\x46\x90\xf7\x91\xeb\x23\x80\x7a\
\xe9\x00\x20\x92\xc3\xb8\x53\x7d\x6f\x77\x6e\x32\x18\xd3\x7f\xad\
\x0c\x1b\x6a\x88\x8c\xd2\x15\x52\x91\xb5\x91\xcd\x21\x44\x46\xc0\
\xf7\xd1\x16\x48\x5d\x74\x00\x10\x19\x41\xf7\xa9\xbe\x6f\xd6\xc7\
\x35\x06\xa3\xfb\xaf\x95\x61\x43\x0d\x91\x51\xba\x42\x2a\xb2\x36\
\xb2\x39\x84\xc8\x08\xfc\x3e\x1a\x83\xd4\x45\x07\x00\x91\x61\x8c\
\x9f\xe1\x07\x7b\x1f\x0b\x54\xfe\xc5\x33\x4a\x57\x48\x45\xd6\x46\
\x36\x87\x10\x19\x2d\x78\x1f\x6d\x82\xd4\x45\x07\x00\x91\x21\x8c\
\x9f\xe9\x87\x9a\x73\xa5\x41\x67\xff\xb5\x32\x6c\xa8\x21\x32\x4a\
\x57\x48\x45\xd6\x46\x36\x87\x10\x19\x2d\x7a\x1f\xe9\x00\x50\x27\
\x1d\x00\x44\xd6\xa1\x7b\xba\x1f\x6e\x55\x2e\x33\xe8\xe8\xbf\x56\
\x86\x0d\x35\x44\x46\xe9\x0a\xa9\xc8\xda\xc8\xe6\x10\x22\xa3\x85\
\xef\x23\x1d\x00\xea\xa4\x03\x80\xc8\x5a\xc6\x4f\xf7\x8f\x3a\x5c\
\xaa\xf2\x2f\x9e\x51\xba\x42\x2a\xb2\x36\xb2\x39\x84\xc8\x68\xf1\
\xfb\x68\xc0\xa3\xc8\xfa\xd0\x01\x40\x64\x80\xee\x19\xfe\x09\x83\
\x0b\x6d\xc0\x7f\x1b\x65\xd8\x50\x43\x64\x94\xae\x90\x8a\xac\x8d\
\x6c\x0e\x21\x32\x22\x78\x1f\x3d\x83\xd4\x45\x07\x00\x91\x35\xba\
\xa6\xfb\xf1\xee\x9c\xaf\xf2\x2f\x9e\x51\xba\x42\x2a\xb2\x36\xb2\
\x39\x84\xc8\x88\xe4\x7d\xa4\x03\x40\x9d\x74\x00\x10\x01\xba\x67\
\xf8\x17\x80\x73\x6d\xc0\xbe\x53\x86\x0d\x35\x44\x46\xe9\x0a\xa9\
\xc8\xda\xc8\xe6\x10\x22\x23\xa2\xf7\x91\x0e\x00\x75\xd2\x01\x40\
\xda\xde\xf8\x19\xfe\x55\x77\xbe\x5e\xb6\x0d\x35\x44\x46\xe9\x0a\
\xa9\xc8\xda\xc8\xe6\x10\x22\x23\xb2\xf7\x91\x0e\x00\x75\xd2\x01\
\x40\xda\x5a\xf7\x0c\xef\x31\x67\x7a\xd9\x36\xd4\x10\x19\xa5\x2b\
\xa4\x22\x6b\x23\x9b\x43\x88\x8c\x08\xdf\x47\x8f\x22\x75\xe9\x18\
\x79\x89\x48\x39\x75\xcd\xf0\x99\xee\x7c\xb9\x6c\x1b\x6a\x88\x8c\
\xd2\x15\x52\x91\xb5\x91\xcd\x21\x44\x46\x94\xef\x23\xe7\x21\xa4\
\x2e\x3a\x00\x48\xfb\x71\xb7\xee\x19\x9c\xed\xce\x67\xca\xb6\xa1\
\x86\xc8\x48\xba\x90\x86\xfa\x3a\xd1\x39\x84\xc8\x88\xf6\x7d\x94\
\xe9\x00\x50\x2f\x1d\x00\xa4\xbd\xb8\x5b\xd7\x4c\x66\x3b\x7c\xaa\
\x6c\x1b\x6a\x88\x8c\xa4\x0b\xa9\xc8\xda\x04\xe6\x10\x22\x23\xe6\
\xf9\x65\xba\x03\x50\x37\x1d\x00\xa4\x7d\xf4\x78\xd6\x3d\x93\x8b\
\xdc\xf9\x48\xd9\x36\xd4\x10\x19\x49\x17\x52\x91\xb5\x09\xcc\x21\
\x44\x46\xe4\xf3\xf3\x55\x15\x7e\x8b\xd4\x45\xdf\x04\x28\xed\x61\
\x9e\x57\xba\x2a\x5c\xac\xf2\x4f\xb7\xf4\x54\xfe\xe1\x32\xa2\x9f\
\x9f\xf3\xeb\x8b\xe6\xdb\x53\x48\x5d\x74\x07\x40\xca\x6f\x9e\x57\
\xba\x1e\xe2\x12\x9c\x23\xcb\xb6\xa1\x86\xc8\x48\xba\x90\x8a\xac\
\x4d\x60\x0e\x21\x32\x52\x98\x9f\x19\x4b\x90\xba\xe9\x00\x20\xe5\
\x76\xa1\x77\x76\x3d\xc4\x55\x38\x07\x95\x6d\x43\x0d\x91\x91\x74\
\x21\x15\x59\x9b\xc0\x1c\x42\x64\x24\x33\x3f\x67\x29\x52\x37\x1d\
\x00\xa4\xbc\x7a\x7c\x54\xd7\x5f\xb9\x1a\xe7\x80\xb2\x6d\xa8\x21\
\x32\x92\x2e\xa4\x22\x6b\x13\x98\x43\x88\x8c\x84\xe6\x57\x5d\xd9\
\xcb\x5d\x48\xdd\x74\x00\x90\x52\x7a\xe5\xd9\xbe\xe1\x0b\xcf\x72\
\x8d\x3b\xef\x29\xdb\x86\x1a\x22\x23\xe9\x42\x2a\xb2\x36\x81\x39\
\x84\xc8\x48\x6a\x7e\xc6\x4f\x2e\x5a\x64\x8f\x23\x75\xd3\x01\x40\
\x4a\x67\x8b\x1e\xdf\xe8\xf9\x67\xb9\x16\x67\x6a\xd9\x36\xd4\x10\
\x19\x49\x17\x52\x91\xb5\x09\xcc\x21\x44\x46\x6a\xf3\xcb\xaa\x5c\
\x85\x34\x84\xfe\x16\x80\x94\xca\xc4\x6f\xf8\xc6\x2b\x2b\x2c\x52\
\xf9\xc7\xb5\x69\xab\xfc\xf3\xe5\x86\xce\x48\x70\x7e\x55\x37\x1d\
\x00\x1a\x45\x77\x00\xa4\x34\xc6\x9d\xee\x2f\xeb\x7d\x81\x1b\x71\
\xde\x59\xb6\x0d\x35\x44\x46\xd2\x85\x54\x64\x6d\x02\x73\x08\x91\
\x91\xe2\xfc\x0c\x16\xcf\xb9\xc6\x1e\x41\x1a\x42\x07\x00\x29\x85\
\xb1\x3d\x3e\x36\x5b\xcd\xcd\x38\x3b\x97\x6d\x43\x0d\x91\x91\x74\
\x21\x15\x59\x9b\xc0\x1c\x42\x64\x24\x3b\x3f\xe3\x52\xa4\x61\x74\
\x00\x90\xe4\x6d\x72\x9a\x77\x55\xfa\xb8\x15\x67\xc7\xb2\x6d\xa8\
\x21\x32\x92\x2e\xa4\x22\x6b\x13\x98\x43\x88\x8c\x84\xe7\xf7\xc4\
\xa8\x15\x5c\x83\x34\x8c\x0e\x00\x92\xb4\x89\x3d\xbe\x59\x5f\x1f\
\xb7\xb9\xb3\x5d\xd9\x36\xd4\x10\x19\x49\x17\x52\x91\xb5\x09\xcc\
\x21\x44\x46\xca\xf3\xc3\x99\x75\xe6\xad\xf6\x2c\xd2\x30\x3a\x00\
\x48\xb2\x36\x3b\xd5\x27\xf6\x56\xb9\x1d\xe7\x2d\x65\xdb\x50\x43\
\x64\x24\x5d\x48\x45\xd6\x26\x30\x87\x10\x19\x29\xcf\x2f\x83\xa7\
\x0c\xbe\x89\x34\x94\x0e\x00\x92\xa4\x09\x3d\xbe\x79\x5f\x1f\x8b\
\x81\x37\x97\x6d\x43\x0d\x91\x91\x74\x21\x15\x59\x9b\xc0\x1c\x42\
\x64\xa4\x3e\x3f\x77\xe6\xcc\x5e\x68\xff\x40\x1a\x4a\x07\x00\x49\
\xce\xd8\x99\xfe\xea\xaa\xb3\x18\x67\xcb\xb2\x6d\xa8\x21\x32\x92\
\x2e\xa4\x22\x6b\x13\x98\x43\x88\x8c\x12\xcc\xef\xe9\x3e\x63\x36\
\xd2\x70\x3a\x00\x48\x52\xc6\xce\xf4\x57\x67\xb0\x04\xe7\x75\x65\
\xdb\x50\x43\x64\x24\x5d\x48\x45\xd6\x26\x30\x87\x10\x19\x25\x99\
\xdf\x7f\x9c\xbb\xd0\x9e\x40\x1a\x4e\x07\x00\x49\x46\xf7\x69\xfe\
\x06\xef\x63\x31\xce\x2b\xcb\xb6\xa1\x86\xc8\x48\xba\x90\x8a\xac\
\x4d\x60\x0e\x21\x32\xca\x30\x3f\x73\x7e\x31\xee\x1f\x9c\x8b\x34\
\x85\x0e\x00\x92\x84\xee\x19\xbe\xb5\xf7\xb1\x04\x67\x8b\xb2\x6d\
\xa8\x21\x32\x92\x2e\xa4\x22\x6b\x13\x98\x43\x88\x8c\x92\xcc\xaf\
\x6a\xc6\x27\x7a\xee\xb0\x5e\xa4\x29\xf4\xa3\x80\x25\x7a\xe3\xa6\
\xfb\xb6\x0e\x77\xa9\xfc\x93\xd8\xb4\x55\xfe\x2d\xce\x28\xcd\xfc\
\x8c\x6f\xcd\x5a\x60\x3f\x40\x9a\x46\x07\x00\x89\xda\x84\x53\x7d\
\x87\x8a\xb1\x04\x67\xb3\xb2\x6d\xa8\x21\x32\x92\x2e\xa4\x22\x6b\
\x13\x98\x43\x88\x8c\xb2\xcc\x0f\xf8\x4d\xf5\x05\xbe\x88\x34\x95\
\x0e\x00\x12\xad\xee\x53\x7d\xc7\x6a\x95\xdb\xdd\xe9\x2e\xdb\x86\
\x1a\x22\x23\xe9\x42\x2a\xb2\x36\x81\x39\x84\xc8\x28\xd1\xfc\x9e\
\x77\xe3\x90\xb9\x37\xd9\xd3\x48\x53\xe9\x00\x20\x51\xea\x9e\xe9\
\x6f\xf3\x2a\xb7\xe1\x74\x95\x6d\x43\x0d\x91\x91\x74\x21\x15\x59\
\x9b\xc0\x1c\x42\x64\x94\x69\x7e\x6e\x1c\x37\x77\x81\xfd\x0c\x69\
\x3a\x1d\x00\x24\x3a\x13\x66\xfa\xae\xee\x2c\xc1\x19\x5f\xb6\x0d\
\x35\x44\x46\xd2\x85\x54\x64\x6d\x02\x73\x08\x91\x51\xa6\xf9\xb9\
\xf1\xed\x39\x0b\xec\xbf\x91\x20\xf4\xb7\x00\x24\x2a\x13\x66\xfa\
\xae\x55\xe7\x06\x9c\x31\x65\xdb\x50\x43\x64\x24\x5d\x48\x45\xd6\
\x26\x30\x87\x10\x19\x25\x9b\xdf\x6d\xfe\x02\x9f\x44\x82\xa9\xb4\
\xfa\x09\x88\xf4\x1b\x7f\x8a\xef\x85\x71\x3d\xce\xc6\x65\xdb\x50\
\x43\x64\x24\x5d\x48\x45\xd6\x26\x30\x87\x10\x19\x25\x9b\xdf\x0f\
\x3a\x9f\x63\xdf\x59\xb7\xd8\xf3\x48\x30\x36\xf2\x12\x91\xe6\x1b\
\x77\xaa\xef\x9d\x55\xb9\x06\x67\x74\xd9\x36\xd4\x10\x19\x49\x17\
\x52\x91\xb5\x09\xcc\x21\x44\x46\xa9\xe6\x67\xfc\x7c\xd5\x2a\x76\
\x3f\xff\x06\xfb\x3b\x12\x94\xbe\x07\x40\x5a\xae\x6b\xa6\x1f\x98\
\x55\x59\xa8\xf2\x4f\x68\xd3\x5e\xeb\xf1\x54\xfe\xe1\x32\x4a\x36\
\xbf\x5f\x75\xc2\x1e\x2a\xff\xd6\xd0\x01\x40\x5a\x6a\xfc\x74\x3f\
\x04\xe7\x6a\x9c\x51\x65\xdb\x50\x43\x64\x24\x5d\x48\x45\xd6\x26\
\x30\x87\x10\x19\x25\x9b\xdf\xaf\x56\x77\x32\xe5\xcc\x05\xf6\x57\
\xa4\x25\x74\x00\x90\x96\xe9\x9e\xee\x87\x99\x71\x39\x4e\x67\xd9\
\x36\xd4\x10\x19\x49\x17\x52\x91\xb5\x09\xcc\x21\x44\x46\xc9\xe6\
\xf7\x93\x8e\x3e\x76\x3b\x6f\xbe\x3d\x86\xb4\x8c\x0e\x00\xd2\x12\
\xdd\x33\xfd\x08\x37\x2e\xc3\xe9\x28\xdb\x86\x1a\x22\x23\xe9\x42\
\x2a\xb2\x36\x81\x39\x84\xc8\x28\xd9\xfc\xee\xcf\x3a\x99\x7a\xd6\
\x22\x7b\x1c\x69\x29\x1b\x79\x89\x48\x63\x75\xcf\xf0\x8f\x39\x5c\
\x80\x93\x95\x6d\x43\x0d\x91\x91\x74\x21\x15\x59\x9b\xc0\x1c\x42\
\x64\x94\x6a\x7e\xce\xbd\xd5\x55\xec\xa3\x9f\xf2\x17\x07\xdd\x01\
\x90\xa0\xba\xa7\xfb\xb1\x0e\x17\xaa\xfc\x13\xda\xb4\xd7\x7a\x3c\
\x95\x7f\xb8\x8c\x32\xcd\xcf\xe1\xee\x0d\x9c\xbd\x55\xfe\xf1\xd0\
\x01\x40\x82\xe9\x9e\xe1\x9f\x73\xe3\x7c\x1c\x2b\xdb\x86\x1a\x22\
\x23\xe9\x42\x2a\xb2\x36\x81\x39\x84\xc8\x28\xd3\xfc\x0c\xee\xec\
\xed\x64\x9f\xaf\x5f\x67\xcf\x20\xd1\xd0\x01\x40\x82\xe8\x9a\xe9\
\x5f\x74\x38\xb3\x8c\x1b\x6a\x88\x8c\xa4\x0b\xa9\xc8\xda\x04\xe6\
\x10\x22\xa3\x54\xf3\x73\x6e\xb6\x4e\xf6\x3e\x6f\xbe\xad\x40\xa2\
\x62\x23\x2f\x11\xa9\x4f\xd7\x0c\x3f\x19\x38\xbd\x8c\x1b\x6a\x88\
\x8c\xa4\x0b\xa9\xc8\xda\x04\xe6\x10\x22\xa3\x54\xf3\x73\x6e\x78\
\x6a\x1c\x07\x5f\x72\x89\xbd\x80\x44\x47\x07\x00\x69\xaa\xee\x19\
\x3e\xdd\xe1\xab\x65\xdc\x50\x43\x64\x24\x5d\x48\x45\xd6\x26\x30\
\x87\x10\x19\x65\x9a\x9f\xc3\x22\x5f\xc9\xb4\xb9\x37\xd9\x4a\x24\
\x4a\x3a\x00\x48\x73\xb8\x5b\xf7\x4c\xce\x72\x38\xa9\x8c\x1b\x6a\
\x88\x8c\xd2\x15\x52\x91\xb5\x09\xcf\x21\x44\x46\xec\xf3\x33\x98\
\x37\xf6\x1f\x1c\xd1\x73\x87\xf5\x22\xd1\xd2\xf7\x00\x48\xe3\xb9\
\x5b\xd7\x4c\xce\x51\xf9\xaf\x7f\x46\x6a\xa5\xa7\xf2\x0f\x97\x91\
\xc0\xfc\xae\x54\xf9\xa7\x41\x07\x00\x69\xac\x17\xcb\x7f\x2e\x70\
\x62\x2a\x9b\xb6\xca\xbf\x36\x43\xe5\x9f\x2f\x37\x74\x46\xec\xf3\
\x73\xe3\xdb\xe3\x76\xe0\x48\x95\x7f\x1a\x6c\xe4\x25\x22\x39\xcd\
\xf3\x4a\xd7\x43\x7c\x0b\xf8\x50\x2a\x9b\xb6\xca\xbf\x36\x43\xe5\
\x9f\x2f\x37\x74\x46\xec\xf3\x33\xb8\x68\xec\x0e\x1c\xd7\xd3\x63\
\x55\x24\x09\x3a\x00\x48\x63\xbc\x58\xfe\x17\x03\x47\xa7\xb2\x69\
\xab\xfc\x6b\x33\x54\xfe\xf9\x72\x43\x67\x24\x30\xbf\xf3\x67\x2f\
\xe4\x84\xc1\xab\x24\x76\xfa\x08\x40\xea\xf7\x62\xf9\xff\x37\x2a\
\xff\xf5\xce\x48\xad\xf4\x54\xfe\xe1\x32\xa2\x9f\x9f\xf3\x8d\xd9\
\x0b\xed\x78\x95\x7f\x7a\x6c\xe4\x25\x22\xc3\xe8\xf1\x51\x5d\x19\
\x57\x61\x1c\x98\xca\xa6\xad\xf2\xaf\xcd\x50\xf9\xe7\xcb\x0d\x9d\
\x11\xfd\xfc\x8c\x33\x66\x2f\xb0\x2f\x21\x49\xd2\x1d\x00\x59\x7f\
\x2f\x96\xff\x3c\x95\xff\xfa\x67\xa4\x56\x7a\x2a\xff\x70\x19\xb1\
\xcf\xcf\xa1\x47\xe5\x9f\xb6\x4a\xab\x9f\x80\xa4\xe9\x95\x67\xfb\
\x86\x9d\xbd\x5c\x87\xb1\x6f\x2a\x9b\xb6\xca\xbf\x36\x43\xe5\x9f\
\x2f\x37\x74\x46\x02\xf3\xfb\xea\x9c\x85\x36\x03\x49\x9a\x8d\xbc\
\x44\x64\xb0\x2d\x7a\x7c\xa3\x95\x15\xae\x05\xa6\xa6\xb2\x69\xab\
\xfc\x6b\x33\x54\xfe\xf9\x72\x43\x67\x44\x3e\x3f\x37\xf8\xec\xac\
\x85\x36\x0b\x49\x9e\xee\x00\x48\x21\x13\xbf\xe1\x1b\xaf\x76\xae\
\x07\xa6\xa4\xb2\x69\xab\xfc\x6b\x33\x54\xfe\xf9\x72\x43\x67\x44\
\x3e\x3f\x77\x38\x71\xf6\x42\x9b\x83\x94\x82\x8d\xbc\x44\xe4\x45\
\xe3\x4e\xf7\x97\x65\xab\xb9\x09\xf8\xb7\x54\x36\x6d\x95\x7f\x6d\
\x86\xca\x3f\x5f\x6e\xe8\x8c\xc8\xe7\xe7\x38\x9f\x9c\x7d\xad\x9d\
\x87\x94\x86\x0e\x00\x92\xcb\xd8\x1e\x1f\x5b\xa9\x70\x33\xb0\x73\
\x2a\x9b\xb6\xca\xbf\x36\x43\xe5\x9f\x2f\x37\x74\x46\xe4\xf3\xeb\
\x33\xf8\xe8\xac\x85\x76\x09\x52\x2a\xfa\x08\x40\x46\xf4\xb2\xaf\
\xf9\xb8\x0e\xb8\x0d\xf8\xd7\x54\x36\x6d\x95\x7f\x6d\x86\xca\x3f\
\x5f\x6e\xe8\x8c\xc8\xe7\xd7\xe7\xf0\xa1\xd9\x0b\xed\xbb\x48\xe9\
\xe8\x00\x20\xc3\x9a\xd8\xe3\x9b\x01\x4b\x81\xb7\xa6\xb2\x69\xab\
\xfc\x6b\x33\x54\xfe\xf9\x72\x43\x67\x44\x3e\xbf\xd5\xc0\x61\x73\
\x16\xda\x55\x48\x29\xd9\xc8\x4b\xa4\x5d\x4d\xe8\xf1\xcd\xab\x15\
\x6e\x07\xb6\x49\x65\xd3\x56\xf9\xd7\x66\xa8\xfc\xf3\xe5\x86\xce\
\x88\x7c\x7e\xab\x0c\x0e\x9d\xb5\xd0\x16\x22\xa5\xa5\x03\x80\xac\
\xd3\xf8\x99\xfe\x2f\xe6\x2c\x06\x5e\x9f\xca\xa6\xad\xf2\xaf\xcd\
\x50\xf9\xe7\xcb\x0d\x9d\x11\xf9\xfc\x56\x52\xe5\x90\xd9\xd7\xd9\
\x75\x48\xa9\x75\xb4\xfa\x09\x48\x7c\xc6\xf5\xf8\xab\xcc\x59\x02\
\x6c\x99\xca\xa6\xad\xf2\xaf\xcd\x50\xf9\xe7\xcb\x0d\x9d\x11\xf9\
\xfc\x9e\xc3\x38\x60\xf6\x75\x76\x1b\x52\x7a\xfa\x51\xc0\x32\xc8\
\xd8\x1e\x7f\x4d\xa5\xc2\x1d\xa8\xfc\xd7\x3b\x23\xb5\xd2\x53\xf9\
\x87\xcb\x88\x7c\x7e\xcf\x9a\xb1\xdf\xec\x05\x2a\xff\x76\xa1\x6f\
\x02\x94\x97\x74\x9f\xe6\x6f\x30\xb8\x13\x78\x55\x2a\x9b\xb6\xca\
\xbf\x36\x43\xe5\x9f\x2f\x37\x74\x46\xe4\xf3\x5b\x61\xb0\xdf\xac\
\x85\xb6\x14\x69\x1b\x36\xf2\x12\x69\x07\x5d\xa7\xf9\x1b\xe9\x63\
\x31\xb0\x45\x2a\x9b\xb6\xca\xbf\x36\x43\xe5\x9f\x2f\x37\x74\x46\
\xe4\xf3\xfb\x47\x35\x63\xef\xb9\xd7\xd8\x0f\x91\xb6\xa2\x8f\x00\
\x84\xf1\xa7\xf9\x9b\xe9\x63\x29\x2a\xff\xf5\xce\x48\xad\xf4\x54\
\xfe\xe1\x32\x22\x9f\xdf\xdf\x33\xd8\x4b\xe5\xdf\x9e\x6c\xe4\x25\
\x52\x66\x63\xa7\xfb\x5b\x3b\x8c\x5b\x1d\xba\x53\xd9\xb4\x55\xfe\
\xb5\x19\x2a\xff\x7c\xb9\xa1\x33\x22\x9f\xdf\x5f\xa9\xb2\xc7\xec\
\xeb\xec\xe7\x48\x5b\xd2\xdf\x02\x68\x63\xdd\xd3\x7d\x27\x7f\xb1\
\xfc\xc7\xa7\xb2\x69\xab\xfc\x6b\x33\x54\xfe\xf9\x72\x43\x67\x44\
\x3e\xbf\xbf\xb8\x31\x75\xce\x75\xf6\x4b\xa4\x6d\xe9\x9b\x00\xdb\
\xd4\xb8\xe9\xfe\x2e\x33\x6e\x05\xc6\xa6\xb2\x69\xab\xfc\x6b\x33\
\x54\xfe\xf9\x72\x43\x67\x44\x3d\x3f\xe7\xb1\x2a\x4c\x99\xbb\xd0\
\x1e\x40\xda\x9a\xbe\x07\xa0\x0d\x8d\x9b\xee\xbb\x64\xc6\x4d\xc0\
\xa6\xa9\x6c\xda\x2a\xff\xda\x0c\x95\x7f\xbe\xdc\xd0\x19\x91\xcf\
\xef\x8f\x99\xb3\xcb\xdc\x6b\xed\x57\x48\xdb\xd3\x01\xa0\xcd\x8c\
\x9d\xee\xbb\x65\xc6\x8d\xc0\x26\xa9\x6c\xda\x2a\xff\xda\x0c\x95\
\x7f\xbe\xdc\xd0\x19\x31\xcf\x2f\x83\x3f\x64\x15\x26\x9d\x73\x9d\
\x2d\x43\x84\xc1\xef\x25\x29\xb9\xf1\x33\xfc\x3d\x06\xd7\x00\x1b\
\xa6\xb2\x69\xab\xfc\x6b\x33\x54\xfe\xf9\x72\x43\x67\x44\x3e\xbf\
\xdf\x56\x33\x26\xcf\xbd\xc6\x1e\x41\x64\x0d\xdd\x01\x68\x13\xe3\
\x4e\xf5\x7d\x0d\x16\xa0\xf2\x5f\xef\x8c\xd4\x4a\x4f\xe5\x1f\x2e\
\x23\xf2\xf9\x3d\x94\xf5\x32\x49\xe5\x2f\x6b\xd3\x01\xa0\x0d\x8c\
\x9f\xe1\x07\x67\x55\x16\x00\xa3\x53\xd9\xb4\x55\xfe\xb5\x19\x2a\
\xff\x7c\xb9\xa1\x33\x22\x9f\xdf\xaf\x2d\x63\xd2\x39\xd7\xdb\xa3\
\x88\xac\x45\x07\x80\x92\x1b\x3f\xd3\x0f\x35\xb8\x12\xe8\x4c\x65\
\xd3\x56\xf9\xd7\x66\xa8\xfc\xf3\xe5\x86\xce\x88\x7c\x7e\x3f\xed\
\xe8\x63\xd7\x59\xd7\xd8\x9f\x11\x59\x07\xfd\x1c\x80\x12\x1b\x37\
\xd3\x3f\x60\xce\x77\x81\x8e\x54\x36\x6d\x95\x7f\x6d\x86\xca\x3f\
\x5f\x6e\xe8\x8c\xc8\xe7\xf7\xe3\x5e\x63\xcf\xd9\x8b\xec\x09\x44\
\x86\xa0\x3b\x00\x25\x35\x7e\xba\x7f\x34\x73\x2e\x43\xe5\xbf\xde\
\x19\xa9\x95\x9e\xca\x3f\x5c\x46\xe4\xf3\xbb\x2f\xeb\x64\x8f\x73\
\x17\xa8\xfc\x65\x78\x36\xf2\x12\x49\xcd\xf8\xe9\xfe\x71\x33\xce\
\x07\xb2\x54\x36\x6d\x95\x7f\x6d\x86\xca\x3f\x5f\x6e\xe8\x8c\xc8\
\xe7\x77\x4f\x75\x25\xfb\xce\xbd\xc9\x9e\x46\x64\x04\xba\x03\x50\
\x32\xe3\x66\xf8\x71\x66\x5c\x80\xca\x7f\xbd\x33\x52\x2b\x3d\x95\
\x7f\xb8\x8c\xa8\xe7\x67\xdc\xb5\xba\x93\xbd\x55\xfe\x92\x97\x0e\
\x00\x25\x32\x6e\x86\x7f\x21\x83\xf3\x00\x4b\x65\xd3\x56\xf9\xd7\
\x66\xa8\xfc\xf3\xe5\x86\xce\x88\x7c\x7e\xb7\x64\x1d\xbc\xe7\xbc\
\xf9\xb6\x02\x91\x9c\x6c\xe4\x25\x92\x82\x71\x33\xfc\xe4\x0c\x4e\
\x07\x92\xd9\xb4\x55\xfe\xb5\x19\x2a\xff\x7c\xb9\xa1\x33\x22\x9f\
\xdf\x4d\x4f\x8d\xe5\xa0\x4b\x2e\xb1\x17\x10\x29\x40\x07\x80\x12\
\x18\x3f\xc3\x7b\x0c\xfe\x13\x48\x66\xd3\x56\xf9\xd7\x66\xa8\xfc\
\xf3\xe5\x86\xce\x88\x7c\x7e\xd7\x57\x57\x72\xf0\xdc\x9b\x6c\x25\
\x22\x05\xe9\x23\x80\xc4\x8d\x9f\xee\x33\x54\xfe\xf5\x65\xa4\x56\
\x7a\x2a\xff\x70\x19\x91\xcf\x6f\xfe\xf3\x9b\x71\x90\xca\x5f\xd6\
\x97\x7e\x0e\x40\xaa\xdc\x6d\xfc\x0c\xce\x36\xe3\x33\x2f\xfe\x3e\
\x8d\x4d\xbb\x59\x1b\x6a\x88\x8c\x24\xe6\x57\x64\x6d\xc2\x73\x08\
\x91\x11\xf5\xfc\x9c\xab\xc6\x3d\xc5\x51\xb3\x17\x5a\x2f\x22\xeb\
\xc9\x46\x5e\x22\xd1\x71\xb7\x71\x33\x99\x9d\xc1\xa7\x5e\xfc\x7d\
\x1a\x9b\xb6\xca\xbf\x36\x43\xe5\x9f\x2f\x37\x74\x46\xcc\xf3\xc3\
\xb9\xfc\xcf\xa3\x38\x66\xfe\x7c\xeb\x43\xa4\x0e\xfa\x08\x20\x35\
\xee\xd6\x75\x2a\xdf\x54\xf9\x87\xcb\x48\x62\x7e\x45\xd6\x26\x3c\
\x87\x10\x19\x51\xcf\xcf\xf9\xd6\xf8\xb7\x72\xb4\xca\x5f\x1a\xc1\
\x46\x5e\x22\xd1\x98\xe7\x95\xf1\x0f\xf1\x5f\x06\xc7\x00\xc9\x6c\
\xda\x2a\xff\xda\x0c\x95\x7f\xbe\xdc\xd0\x19\x51\xcf\xcf\xb9\x60\
\xf6\xb5\x1c\x3f\x78\x85\xc8\xfa\xd3\x1d\x80\x54\xcc\xf3\xca\xb8\
\x87\xf8\x8e\xca\x3f\x5c\x46\x12\xf3\x2b\xb2\x36\xe1\x39\x84\xc8\
\x88\x7c\x7e\x67\xcd\xbe\xd6\x8e\x53\xf9\x4b\x23\xd9\xc8\x4b\xa4\
\xe5\x2e\xf4\xce\xf1\x7f\xe1\x4a\x33\xde\x0f\x24\xb3\x69\xab\xfc\
\x6b\x33\x54\xfe\xf9\x72\x43\x67\xc4\x3c\xbf\x0c\xbe\x3e\x6b\xa1\
\x9d\x8c\x48\x83\xe9\x00\x10\xbb\x1e\x1f\x35\xae\xc2\xd5\x19\x1c\
\x00\x24\xb3\x69\xab\xfc\x6b\x33\x54\xfe\xf9\x72\x43\x67\x44\x3d\
\x3f\xe3\x8c\xd9\x0b\xec\x4b\x88\x34\x81\x3e\x02\x88\xd9\x1c\xdf\
\x60\x5c\x85\xf9\x2a\xff\x70\x19\x49\xcc\xaf\xc8\xda\x84\xe7\x10\
\x22\x23\xe6\xf9\x01\xff\xa1\xf2\x97\x66\xb2\x91\x97\x48\x2b\x6c\
\xd1\xe3\x1b\xbd\xd0\xc1\x42\x73\xf6\x00\x92\xd9\xb4\x55\xfe\xb5\
\x19\x2a\xff\x7c\xb9\xa1\x33\x22\x9e\x9f\x9b\xf3\xb9\xd9\xd7\xda\
\x39\x88\x34\x51\xa5\xd5\x4f\x40\x6a\x4d\xfc\x86\x6f\xbc\xaa\xca\
\x22\x83\xa9\x40\x32\x9b\xb6\xca\xbf\x36\x43\xe5\x9f\x2f\x37\x74\
\x46\xc4\xf3\x73\xe0\xa4\x39\xd7\xda\x2c\x44\x9a\xcc\x46\x5e\x22\
\x21\x4d\xe8\xf1\x31\xbd\x15\x16\x65\xb0\x3b\x90\xcc\xa6\xad\xf2\
\xaf\xcd\x50\xf9\xe7\xcb\x0d\x9d\x11\xf1\xfc\x3c\x33\x3e\x35\x6b\
\x81\x9d\x8b\x48\x00\x3a\x00\x44\x64\x6c\x8f\x8f\xcd\x2a\xdc\x64\
\xf0\x0e\x20\x99\x4d\x5b\xe5\x5f\x9b\xa1\xf2\xcf\x97\x1b\x3a\x23\
\xe2\xf9\xf5\xe1\x7c\x6c\xce\xb5\xf6\x1d\x44\x02\xd1\x47\x00\x91\
\x78\xd9\xd7\x7c\x5c\x05\x6e\x31\xd8\x19\x48\x66\xd3\x56\xf9\xd7\
\x66\xa8\xfc\xf3\xe5\x86\xce\x88\x78\x7e\x7d\xe6\x7c\x78\xce\xb5\
\xf6\xdf\x88\x04\xa4\x03\x40\x04\x26\xf6\xf8\x66\x0e\x4b\x0c\x76\
\x04\x92\xd9\xb4\x55\xfe\xb5\x19\x2a\xff\x7c\xb9\xa1\x33\x22\x9e\
\x5f\x5f\x66\x1c\x33\x7b\xa1\x5d\x86\x48\x60\x36\xf2\x12\x69\xa6\
\xcd\x4e\xf5\x89\xbd\x55\x6e\x37\x78\x0b\x90\xcc\xa6\xad\xf2\xaf\
\xcd\x50\xf9\xe7\xcb\x0d\x9d\x11\xf1\xfc\x56\xe1\x1c\x36\xe7\x5a\
\x5b\x80\x48\x0b\xe8\x0e\x40\x0b\x4d\xe8\xf1\xcd\xfb\x60\x89\x19\
\xdb\x00\xc9\x6c\xda\x2a\xff\xda\x0c\x95\x7f\xbe\xdc\x81\x8f\x67\
\x81\x32\xd6\xbe\x36\x54\x46\xf0\xf2\x37\x0e\x99\xb3\xd0\x16\x22\
\xd2\x22\x36\xf2\x12\x69\x86\xae\x99\xfe\x0a\x9c\x3b\x81\x2d\x81\
\xa4\x36\xed\xe1\x72\x55\xfe\xc3\x67\xa8\xfc\xf3\xe5\xc6\xfc\x5e\
\x6d\xc0\xfc\x9e\x77\x38\x60\xee\x42\xbb\x15\x91\x16\xd2\x4f\x02\
\x6c\x81\x4d\x7a\xbc\xdb\xab\xdc\x8a\xca\x3f\x58\x46\x12\xf3\x2b\
\xb2\xb6\xcc\x73\x88\xf8\xbd\xda\x80\xf9\x3d\x07\xec\xa7\xf2\x97\
\x18\x74\xb4\xfa\x09\xb4\x9b\xf1\x3d\xbe\x29\x2f\xfe\x55\xbf\x37\
\x03\xa5\xdc\xb4\x55\xfe\xb5\x19\x2a\xff\x7c\xb9\x31\xbf\x57\x1b\
\x30\xbf\x67\xa9\xb2\xdf\x9c\xeb\x6c\x29\x22\x11\xd0\x1d\x80\x80\
\x5e\x79\xb6\x6f\x68\x15\xae\x33\x78\x1b\x50\xca\x4d\x5b\xe5\x5f\
\x9b\xa1\xf2\xcf\x97\x1b\xf3\x7b\xb5\xde\xf9\x99\xf3\x54\x66\xec\
\xa1\xf2\x97\x98\xe8\x0e\x40\x40\xcf\x3d\xcb\xc5\x06\xbb\x01\xa5\
\xdc\xb4\x55\xfe\xb5\x19\x2a\xff\x7c\xb9\x31\xbf\x57\x1b\x30\xbf\
\x27\xb3\x2a\x7b\x9d\x73\x9d\xdd\x87\x48\x44\x74\x00\x08\xa4\x6b\
\x86\x9f\x00\x1c\x06\x94\x76\xd3\x1e\x2e\xb7\x11\x19\xa5\x2b\xbd\
\x22\x6b\x13\x9e\x03\x43\x5c\x6b\x93\xf2\xff\x7b\x45\xe5\x2f\x91\
\xaa\xd9\xbf\xa5\xf1\xc6\x4e\xf7\xed\x2b\xc6\x0f\x80\x0d\x53\xd9\
\xb4\xdb\xfc\x4f\x6c\x2a\xff\x61\x32\x8a\x96\x7f\xcb\x67\xdd\xa2\
\xf9\x99\xf3\xd7\xcc\x99\x7a\xce\xb5\xf6\x0b\x44\x22\xa4\x03\x40\
\x93\x8d\xed\xf1\xb1\x59\x07\xf7\x9b\xf3\xba\x54\x36\xed\x66\x6d\
\xa8\x21\x32\x92\x98\x5f\x91\xb5\x09\xcf\x21\x44\x46\xb4\xf3\xab\
\xf2\x58\xa5\xca\xd4\x73\x16\xd9\x03\x88\x44\x4a\x1f\x01\x34\x59\
\xa5\xc2\x1c\x4a\x5a\xfe\x0c\x71\x2d\xd9\x4d\x5b\xe5\x3f\x6c\x86\
\xca\xbf\x36\x63\x5d\xd7\xdc\xf9\x53\x87\x33\xf9\x9c\x45\xb6\x0c\
\x91\x88\xd5\xec\xe5\xd2\x38\x13\xa6\xfb\x2e\x55\xe3\x4e\x1c\x4b\
\x61\xd3\x2e\x5a\xfe\x65\xda\xb4\x55\xfe\xc3\x67\xa8\xfc\x6b\x33\
\x86\xc8\xfd\x83\xc3\x94\xb9\x0b\xed\x77\x88\x44\x4e\x77\x00\x9a\
\xa5\xc7\x47\x55\xe1\x02\x95\x7f\x12\x9b\xb6\xca\x7f\x98\x0c\x95\
\x7f\x6d\xc6\x10\xb9\xbf\xaf\xf6\x31\xf9\x9b\x8b\xec\x61\x44\x12\
\xa0\x9f\x03\xd0\x24\x5d\x15\x3e\x07\xbc\x39\x85\x4d\x5b\xe5\x5f\
\x9b\xa1\xf2\xcf\x97\x1b\x3a\x23\xe2\xf9\x3d\x54\xe9\xe5\xdd\x2a\
\x7f\x49\x89\x8d\xbc\x44\x8a\x9a\xd0\xe3\x9b\x57\x33\x7e\x67\xb0\
\x51\xff\xb5\x58\x37\x6d\x95\x7f\x6d\x86\xca\x3f\x5f\x6e\xe8\x8c\
\x58\xe7\xe7\xf0\x40\x5f\x07\x53\xcf\x9b\x6f\x8f\x21\x92\x10\xdd\
\x01\x68\x82\x3e\xe3\xb3\x2a\xff\xe2\x19\xa9\x95\x9e\xca\x3f\x5c\
\x46\xc4\xf3\xfb\x19\x1d\x4c\x52\xf9\x4b\x8a\x6c\xe4\x25\x52\xc4\
\xa6\x3d\x64\x02\x1f\x15\x00\x00\x20\x00\x49\x44\x41\x54\x3e\x7e\
\x54\xc6\xef\x81\x4d\x20\xde\x4d\x5b\xe5\x5f\x9b\xa1\xf2\xcf\x97\
\x1b\x3a\x23\xe2\xf9\xfd\xa4\xb3\x8f\x3d\xcf\x5a\x64\x8f\x23\x92\
\x20\xdd\x01\x68\xb0\x51\x19\x27\xa2\xf2\x8f\x79\xd3\x56\xf9\x0f\
\x93\xa1\xf2\xaf\xcd\x18\x22\xf7\xfe\x4a\x27\x53\x55\xfe\x92\x32\
\x1b\x79\x89\xe4\xd5\x7d\x86\x6f\xc2\x4a\xfe\x00\x8c\x8b\x75\xd3\
\x56\xf9\xd7\x66\xa8\xfc\xf3\xe5\x86\xce\x88\x78\x7e\xf7\xf8\x4a\
\xf6\x9d\x7b\x93\x3d\x8d\x48\xc2\x74\x07\xa0\x81\x6c\x25\xd3\x50\
\xf9\xe7\xce\x48\xad\xf4\x54\xfe\xe1\x32\x22\x9e\xdf\xdd\xa3\xab\
\xec\xa3\xf2\x97\x32\xd0\x01\xa0\x81\x1c\x8e\x8a\x75\xd3\x2e\xba\
\xa1\x96\x6c\xd3\x56\xf9\x0f\x93\xa1\xf2\xaf\xcd\x58\xe7\x77\xfb\
\x3b\x77\xf4\x76\xb2\xcf\xd7\xaf\xb3\x67\x10\x29\x01\x1b\x79\x89\
\xe4\x31\x76\xa6\xbf\xba\xb3\xca\xff\xe1\x2f\x1e\xaa\x62\xda\xb4\
\x9b\xb5\xa1\x86\xc8\x48\x62\x7e\x45\xd6\x26\x3c\x87\x10\x19\xd1\
\xce\xaf\xca\xcd\x95\x51\x1c\x74\xce\x7c\x7b\x1e\x91\x92\xd0\x4f\
\x02\x6c\x90\xce\x2a\x47\xa9\xfc\x23\xdb\xb4\x55\xfe\xc3\x66\xa8\
\xfc\x6b\x33\xd6\x79\xad\xca\x0d\x4f\x8d\xe3\xe0\x4b\x2e\xb1\x17\
\x10\x29\x11\x7d\x04\xd0\x28\xce\x21\x10\xd7\xa6\xad\xf2\xaf\xcd\
\x50\xf9\xe7\xcb\x0d\x9d\x11\xed\xfc\xe0\x7b\xcf\x4f\xe4\x40\x95\
\xbf\x94\x91\x8d\xbc\x44\x46\x32\xb1\xc7\x37\xab\x1a\x8f\xd9\x9a\
\x79\x96\x79\x43\x0d\x91\x91\xc4\xfc\x8a\xac\x4d\x78\x0e\x21\x32\
\x62\x9d\x9f\x3b\x57\x77\xfd\x83\x23\x7b\xee\xb0\x5e\x44\x4a\x48\
\x77\x00\x1a\xa0\x2f\x63\xb2\xca\xbf\x31\x19\x49\xcc\xaf\xc8\xda\
\x84\xe7\x10\x22\x23\xe2\xf9\x5d\xa1\xf2\x97\xb2\xd3\x01\xa0\x01\
\xb2\x2a\x93\xa0\xdc\x1b\x6a\x88\x8c\x24\xe6\x57\x64\x6d\xc2\x73\
\x08\x91\x11\xed\xfc\xe0\xdb\xe3\x77\xe0\x28\x95\xbf\x94\x9d\x0e\
\x00\x8d\x60\x4c\x4e\x6d\x43\x65\x88\x6b\xc9\x6e\xda\x2a\xff\x61\
\x33\x54\xfe\xb5\x19\xeb\xbc\x06\x17\x8e\xdf\x9e\x4f\xf4\xf4\x58\
\x15\x91\x92\xab\xe9\x03\x29\xe6\x15\xa7\x79\x57\xef\x6a\x1e\x4f\
\x69\x43\x0d\x91\x91\x5a\xe9\xa9\xfc\xc3\x65\x44\x3b\x3f\x38\x67\
\xce\x02\x3e\x37\xf8\x9f\x8a\x94\x97\xee\x00\xd4\x69\xf5\x2a\xb6\
\x4e\x69\x43\x0d\x91\x91\x5a\xe9\xa9\xfc\xc3\x65\xc4\x3a\x3f\xab\
\xf2\x8d\x39\x0b\xec\xb3\x2a\x7f\x69\x27\x3a\x00\xd4\x29\x33\xb6\
\x86\x34\x36\xd4\x10\x19\xa9\x95\x9e\xca\x3f\x5c\x46\xac\xf3\x33\
\x38\x63\xf6\xb5\xf6\x45\x44\xda\x8c\x0e\x00\x75\x72\x67\xeb\x54\
\x36\xd4\x32\x6d\xda\x2a\xff\xe1\x33\x54\xfe\xb5\x19\x43\xe4\xf6\
\xcc\x5e\x60\x5f\x42\xa4\x0d\xe9\x27\x01\xd6\x6f\xeb\xfe\x2f\xca\
\xb0\xa1\x86\xc8\x48\xa2\x90\x8a\xac\x4d\x78\x0e\x21\x32\xa2\x9d\
\x1f\x7c\x65\xce\x42\x3b\x15\x91\x36\xa5\x03\x40\x9d\x0c\xb6\x80\
\x72\x6c\xa8\x21\x32\x92\x28\xa4\x22\x6b\x13\x9e\x43\x88\x8c\x48\
\xe7\xe7\xee\x7c\x76\xee\x42\x9b\x85\x48\x1b\xd3\x01\xa0\x7e\x63\
\xca\xb0\xa1\x86\xc8\x48\xa2\x90\x8a\xac\x4d\x78\x0e\x21\x32\x22\
\x9d\x9f\xe3\x9c\x38\x77\xa1\xcd\x45\xa4\xcd\xe9\x00\x50\x27\x83\
\x4d\x06\x7c\xfd\xe2\xaf\x89\x6d\xa8\x21\x32\x92\x28\xa4\x22\x6b\
\x13\x9e\x43\x88\x8c\x48\xe7\x57\x75\xf8\xd8\xdc\x85\x76\x31\x22\
\xa2\x03\x40\xdd\xfc\xc5\x03\x40\xaa\x1b\x6a\x88\x8c\x24\x0a\xa9\
\xc8\xda\x84\xe7\x10\x22\x23\xd2\xf9\xf5\x01\x1f\x99\xbb\xc0\xfe\
\x1b\x11\x01\x74\x00\x68\x84\x31\xa9\x6e\xa8\x21\x32\x92\x28\xa4\
\x22\x6b\x13\x9e\x43\x88\x8c\x48\xe7\xd7\x67\xce\x07\x67\x2f\xb4\
\xcb\x10\x91\x97\xe8\xaf\x01\xd6\x29\xd5\x0d\x35\x44\x46\x12\x85\
\x54\x64\x6d\xc2\x73\x08\x91\x11\xf3\xfc\xd6\x8a\x11\x11\x74\x00\
\x68\x84\x15\x31\x6c\xa8\x0c\x71\x2d\xe5\x4d\x5b\xe5\x3f\x74\x86\
\xca\xbf\x36\x63\x98\xdc\x8a\xc1\x77\x3e\x7d\xa0\x1f\x83\x88\xbc\
\x44\x07\x80\x3a\x99\xf3\xcc\x4b\x5f\xf7\x7f\xd1\x82\x0d\xb5\x84\
\x9b\x76\x4d\x86\xca\x3f\x5f\x6e\xe8\x8c\x44\xe6\x57\xc9\x9c\xef\
\x9c\xf4\x3e\x3f\x1e\x11\x01\x74\x00\x68\x84\x15\x90\xc6\x86\x1a\
\x22\x23\x89\x42\x2a\xb2\x36\xe1\x39\x84\xc8\x48\x6c\x7e\x06\x7c\
\xf3\x33\x07\xf8\xa7\x10\x11\x1d\x00\x1a\xe0\x99\x14\x36\xd4\x10\
\x19\x49\x14\x52\x91\xb5\x09\xcf\x21\x44\x46\xa2\xf3\x33\x73\x66\
\x7f\xf6\x00\xff\x0c\x22\x6d\x4e\x07\x80\x3a\x99\xb3\x1c\x88\x7a\
\x43\x0d\x91\x91\x44\x21\x15\x59\x9b\xf0\x1c\x42\x64\x24\x3e\x3f\
\xc3\x39\xe7\xb3\xef\xf3\x2f\x23\xd2\xc6\x74\x00\xa8\x97\xf1\x50\
\xcc\x1b\x6a\x88\x8c\x24\x0a\xa9\xc8\xda\x84\xe7\x10\x22\x23\xf9\
\xf9\xf5\x5f\x77\x66\x7e\x76\x7f\xff\x4f\x44\xda\x94\x0e\x00\x75\
\x32\xe7\x37\xb1\x6e\xa8\x21\x32\x92\x28\xa4\x22\x6b\x13\x9e\x43\
\x88\x8c\xe4\xe7\x57\xfb\x1c\x7b\x3e\xff\x3e\x3f\x1d\x91\x36\xa4\
\x03\x40\x9d\x0c\x1e\x1a\xf0\x75\x34\x1b\x6a\x88\x8c\x24\x0a\xa9\
\xc8\xda\x84\xe7\x10\x22\x23\xf9\xf9\x0d\x75\xbd\xca\xc9\x9f\xdf\
\xdf\xbf\x8e\x48\x9b\xd1\x01\xa0\x4e\x7d\xbd\x3c\x08\x71\x6d\xa8\
\x21\x32\x92\x28\xa4\x22\x6b\x13\x9e\x43\x88\x8c\xe4\xe7\x37\xc2\
\x5a\x73\xbe\xf0\xc5\xfd\xfd\x2c\xf0\x81\x4b\x44\x4a\x4d\x6f\xf6\
\x06\x78\xd5\x57\x7d\x19\xce\x96\x31\x6c\xa8\x21\x32\x92\x28\xa4\
\x22\x6b\x13\x9e\x43\x88\x8c\xe4\xe7\x57\x60\xad\x57\xb9\x70\xe3\
\xb7\x73\x7c\x4f\x8f\x55\x11\x29\x39\xdd\x01\x68\x84\x2a\x4b\x63\
\xd8\x50\x43\x64\x24\x51\x48\x45\xd6\x26\x3c\x87\x10\x19\xc9\xcf\
\xaf\xc8\x5a\x07\x33\x3e\xf1\xdc\x7d\x5c\xd8\xd3\xe3\xda\x1b\xa5\
\xf4\xf4\x26\x6f\x00\xcb\x58\xfa\xd2\xd7\xa0\xf2\xcf\x91\x3b\xf0\
\xf1\x54\xfe\xf9\x72\x43\x67\x24\x3f\xbf\x22\x6b\x07\x3c\x1f\x83\
\x8f\x3e\x7f\x1f\x97\xf6\xec\xee\xfa\x3f\x4b\x93\x52\xd3\x01\xa0\
\x01\xb2\x3e\x16\xd3\xff\xe1\xa1\xca\x5f\xe5\x9f\x33\x77\xe0\xe3\
\xa9\xfc\x6b\x33\x5a\x51\xfe\x03\x9e\xcf\xe1\x2f\x6c\xc4\x65\x3a\
\x04\x48\x99\xe9\x00\xd0\x00\x0f\x9f\x66\x7f\x31\xf8\x95\xca\x5f\
\xe5\xaf\xf2\x1f\x3a\x23\xa1\xf2\x7f\xf1\x57\xe3\xd0\x55\x1b\x73\
\xc5\xc7\x77\xf2\x4e\x44\x4a\x48\x07\x80\x06\xb1\x2a\x57\x83\xca\
\x7f\xb8\xdc\x81\x8f\xa7\xf2\xcf\x97\x1b\x3a\x23\xf9\xf9\x15\x59\
\x9b\x63\x0e\x0e\xd3\xba\x27\xb2\xa0\x67\x77\x1f\x8d\x48\xc9\xe8\
\x00\xd0\x28\xc6\x77\xed\xa5\x2d\x45\xe5\x3f\x5c\x86\xca\x3f\x5f\
\x6e\xe8\x8c\xe4\xe7\x57\x64\x6d\xb1\x39\xec\xbb\x6a\x23\xae\x39\
\x69\x9a\x6f\x88\x48\x89\xe8\x00\xd0\x20\x0f\x9f\x6a\x7f\x00\xee\
\x06\x95\xff\x70\x19\x2a\xff\x7c\xb9\xa1\x33\x92\x9f\x5f\x91\xb5\
\xeb\x37\x87\xbd\x37\x5a\xc1\x8d\x3d\xbb\xfb\x18\x44\x4a\x42\x07\
\x80\x46\x72\x2e\x55\xf9\x0f\x9d\xa1\xf2\xcf\x97\x1b\x3a\x23\xf9\
\xf9\x15\x59\x5b\xdf\x7b\x6e\xf7\xde\x0d\xb9\xe1\x8b\xfb\xfb\x26\
\x88\x94\x80\x0e\x00\x0d\x54\x19\xc5\x3c\xe0\x29\x95\x7f\x6d\x86\
\xca\x3f\x5f\x6e\xe8\x8c\xe4\xe7\x57\x64\x6d\x63\xe6\xb0\xeb\x06\
\xbd\x3a\x04\x48\x39\xe8\x00\xd0\x40\xcb\x7a\xec\x69\x83\x6f\xf6\
\xff\x5e\xe5\x9f\x2f\x77\xe0\xe3\xa9\xfc\xc3\x65\x24\x3f\xbf\x22\
\x6b\x1b\x39\x07\x67\x97\xd1\xab\x58\xd2\xb3\x97\x8f\x47\x24\x61\
\x3a\x00\x34\x58\xa7\x73\x0e\xb0\x42\xe5\x9f\x2f\x77\xe0\xe3\xa9\
\xfc\xc3\x65\x24\x3f\xbf\x22\x6b\x9b\x30\x07\xe0\x6d\x55\xe3\xb6\
\x7f\x9f\xe2\x5d\x88\x24\x4a\x07\x80\x06\x7b\xf0\x6b\xf6\x84\x55\
\xb9\xb0\xff\xf7\x2a\xff\x7c\x19\x2a\xff\x70\x19\xc9\xcf\xaf\xc8\
\xda\xe6\xce\x61\xc7\x51\x1d\xdc\xfe\xef\x7b\xfb\x04\x44\x12\xa4\
\x03\x40\x13\x74\x66\x9c\x05\x3c\xaf\xf2\xcf\x97\xa1\xf2\x0f\x97\
\x91\xfc\xfc\x8a\xac\x0d\x31\x07\xd8\x61\x54\x95\x25\xa7\x4e\xf1\
\x89\x88\x24\x46\x07\x80\x26\xf8\xf5\x69\xf6\x67\x83\xd3\x00\x95\
\xff\x08\x19\x2a\xff\x70\x19\xc9\xcf\xaf\xc8\xda\xb0\x73\x78\xcb\
\xea\x0e\xee\x9c\xf9\x5e\x7f\x05\x22\x09\xd1\x01\xa0\x49\x46\x6d\
\xc0\xd7\x71\x7e\xad\xf2\x1f\x3a\x43\xe5\x1f\x2e\x23\xf9\xf9\x15\
\x59\xdb\x9a\x39\x6c\xdd\xb7\x8a\xbb\x67\xec\xe9\xaf\x45\x24\x11\
\x3a\x00\x34\xc9\x03\x3d\xb6\xca\x8d\xe3\x60\xcd\xff\x49\x10\xc4\
\xb4\x59\xc5\x5f\x48\x45\xd6\x26\x3c\x87\x10\x19\xc9\xcf\xaf\xc8\
\xda\xd6\xce\xe1\xb5\xee\x2c\x9d\xb1\xb7\x6f\x89\x48\x02\x74\x00\
\x68\xa2\x65\x5f\xb3\x3b\x0d\xae\x00\x62\xdc\xac\xe2\x2d\xa4\x22\
\x6b\x13\x9e\x43\x88\x8c\xe4\xe7\x57\x64\x6d\x0c\x73\x30\x5e\xed\
\x7d\x2c\x99\x31\x59\x87\x00\x89\x9f\x0e\x00\x4d\x36\x0a\x3e\x85\
\xf3\x70\x94\x9b\xd5\x30\x19\x2a\xff\x7c\xb9\x03\x1f\xaf\xe8\x1c\
\x5a\x3e\xeb\xd8\xe7\x57\x64\x6d\x5c\x73\x78\x15\x1d\xdc\x33\x7d\
\x2f\xdf\x06\x91\x88\xe9\x00\xd0\x64\xbf\x38\xdd\xfe\xee\xc6\xa1\
\xc0\x2a\x88\x72\xb3\xaa\xc9\x50\xf9\xe7\xcb\x1d\xf8\x78\x45\xe6\
\xc0\x10\xd7\x12\x2f\xbd\x9a\x8c\x36\x2d\xff\xfe\xc7\xd8\x3c\xab\
\xb2\x78\xfa\x54\xdf\x16\x91\x48\xe9\x00\x10\xc0\x6f\x4e\xb7\xff\
\x75\xe7\x0b\xd1\x6e\x56\x03\xd7\xaa\xfc\x73\xe5\x0e\x7c\xbc\xa2\
\xe5\xdf\xf2\x59\xc7\x3e\xbf\x22\x6b\xe3\x9e\xc3\xc4\x0a\x2c\x3e\
\x7d\x2f\xdf\x1e\x91\x08\xd9\xc8\x4b\xa4\x51\xde\x74\xb2\xcf\xc3\
\x99\x16\xe9\x66\xa5\xf2\xcf\x99\x3b\xf0\xf1\x54\xfe\xb5\x19\x2a\
\xff\x9a\x6b\x4f\x50\x65\xcf\x2f\x2f\xb1\x1f\x23\x12\x11\xdd\x01\
\x08\xe8\x99\x55\x1c\x63\x70\x57\xff\xef\x23\xdd\xac\x54\xfe\x39\
\x33\x54\xfe\xb5\x19\x2a\xff\x75\x5e\xeb\xb2\x8c\xc5\x33\xa7\xfa\
\x3b\x10\x89\x88\x8d\xbc\x44\x1a\x69\xab\x4f\xf9\xa6\x1b\x6c\xc8\
\x12\x9c\x9d\x20\xca\xcd\x6a\xd8\x0c\x95\x7f\xbe\xdc\x81\x8f\x57\
\xe4\xb5\x85\xc8\x88\x72\x7e\x45\xd6\xa6\x3b\x87\x15\x18\xfb\xfd\
\xfb\xed\x76\x07\x22\x11\xd0\x1d\x80\xc0\x96\xcd\xb5\xa7\x47\x55\
\xd8\x1b\x78\x30\xf2\xcd\xaa\x26\x43\xe5\x9f\x2f\x77\xed\xc7\x1b\
\x2e\xb7\x0d\x4a\xaf\x26\xa3\x4d\xcb\x1f\x60\x0c\xce\xf5\x5f\x9b\
\xec\x93\x11\x89\x80\x8d\xbc\x44\x9a\x61\x9b\x93\xfd\x55\x56\xe5\
\x2e\xe0\xd5\x91\x6e\x56\x83\x1e\x4f\xe5\x9f\x2f\x37\x74\x46\xf2\
\xf3\x2b\xb2\xb6\x3c\x73\x78\xce\x9c\xfd\x4f\x5e\x6a\x8b\x11\x69\
\x21\xdd\x01\x68\x91\x07\xce\xb0\x3f\x7a\xc6\xae\xe6\x2c\xeb\xbf\
\x16\xe9\x66\xa5\xf2\xcf\x99\x1b\x3a\x23\xf9\xf9\x15\x59\x5b\xa2\
\x39\x00\x1b\x61\xdc\x70\xc6\x24\xdf\x1f\x91\x16\xb2\x91\x97\x48\
\x33\x6d\xf3\x05\xdf\x3c\x73\x16\x1b\xbc\x19\x88\x6e\xb3\x52\xf9\
\xe7\xcb\x1d\xf8\x78\x45\x5e\x5b\x88\x8c\x28\xe7\x57\x64\x6d\x89\
\xe6\xb0\x56\xc6\x2a\xaf\x72\xe8\xc9\x77\xd8\x42\x44\x5a\x40\x07\
\x80\x08\xbc\xe5\x44\x9f\x98\x8d\xe2\x36\xaa\x6c\x1b\xd3\x66\xa5\
\xf2\xcf\x97\x1b\x3a\x23\xf9\xf9\x15\x59\x5b\xa2\x39\x0c\x91\xb1\
\x1a\xf8\xc0\x17\x97\xda\xf7\x11\x09\x4c\x1f\x01\x44\xe0\x97\xb3\
\xed\x2f\x95\x17\x98\x62\xf0\x33\x88\x63\xb3\x52\xf9\xe7\xcb\x0d\
\x9d\x91\xfc\xfc\x8a\xac\x2d\xd1\x1c\x86\xc9\xe8\x34\xb8\xfa\xcc\
\xc9\x7e\x14\x22\x81\xe9\x00\x10\x89\x9f\xcc\xb5\xbf\x55\x3b\x99\
\x64\xf0\x23\x20\xae\x4d\x5b\xe5\x1f\x45\x46\xf2\xf3\x2b\xb2\xb6\
\x44\x73\xc8\x91\x51\xa1\xca\x77\xce\xda\xdd\x3f\x88\x48\x40\x3a\
\x00\x44\xe4\x17\xa7\xdb\xdf\xe9\x63\x2f\x77\x7e\x18\xcd\xa6\xad\
\xf2\xcf\x35\x87\x96\xcf\x3a\xf6\xf9\x15\x59\x5b\xa2\x39\x14\xc8\
\xa8\x38\x5c\x7c\xf6\x24\x3f\x1e\x91\x40\x6c\xe4\x25\x12\xda\x36\
\xc7\xfb\x98\x51\x1b\xb0\x08\x63\xf7\x98\x4b\x6f\xb8\xdc\x42\x6b\
\x23\xdb\xb4\x9b\x55\x48\x21\x32\xa2\x9c\x5f\x91\xb5\x25\x9a\xc3\
\x7a\x66\x78\xe6\x9c\x78\xd2\x9d\x36\x17\x91\x26\xd3\x1d\x80\x08\
\x3d\x70\x9e\xad\xe8\xab\xf0\x5e\x73\x96\x24\x59\x7a\x45\xd6\x46\
\xb6\x69\x17\x99\x03\x43\x5c\x6b\xe7\xd2\x53\xf9\xd7\x9d\x61\x0e\
\xb3\xcf\xda\xdd\x3f\x83\x48\x93\xe9\x00\x10\xa9\x9f\x9f\x69\xcf\
\xda\xb3\xec\xe7\xce\x6d\x31\x95\x9e\xca\x3f\x5c\x46\xf2\xf3\x2b\
\xb2\xb6\x44\x73\x68\x40\x86\x65\xce\x39\xb3\x76\xf7\xaf\x20\xd2\
\x44\x3a\x00\x44\xec\xfe\x8b\xec\xb9\x67\xfa\xd8\xcf\x9d\xeb\x92\
\x28\xa4\x22\x6b\x23\xdb\xb4\x55\xfe\xb5\x19\x2a\xff\x7c\xb9\xcd\
\xca\xf0\x2a\x33\x66\xef\xea\xff\x89\x48\x93\xe8\x00\x10\xb9\x65\
\x73\x6d\xe5\xca\xb1\x4c\xc3\x59\x08\x11\x17\x52\x91\xb5\x91\x6d\
\xda\x45\xe7\xd0\xf2\x59\xc7\x3e\xbf\x22\x6b\x4b\x34\x87\x66\x64\
\x38\xf4\xcc\xda\xd5\x4f\x47\xa4\x09\x6c\xe4\x25\x12\x83\x9d\x3e\
\xee\x9d\xd9\xc6\x5c\x89\xf3\x7e\x50\xf9\x0f\x97\xa1\x3f\xf9\xd7\
\x66\xa8\xfc\xf3\xe5\x0e\x5a\xdb\xe2\xf2\x1f\x78\xdd\x9d\x6f\x7c\
\xe6\x6e\xfb\x22\x22\x0d\xa4\x3b\x00\x89\xb8\xff\x22\x5b\xfd\x9a\
\x47\x38\xd4\xe0\xd2\xa8\x0a\xa9\xc8\xda\xc8\x36\x6d\x95\x7f\x6d\
\x86\xca\x3f\x5f\x6e\xe8\x8c\x0c\xbe\x30\x67\x17\x3f\xcf\xf1\x81\
\xff\x58\xa4\x2e\x7a\x33\x25\x66\xda\x34\xaf\xfc\x71\x0b\xbe\xed\
\xf0\xc1\x96\x17\x52\x91\xb5\x91\x6d\xda\x2a\xff\xda\x0c\x95\x7f\
\xbe\xdc\xd0\x19\x03\xaf\x65\xce\x85\x8f\xdf\xc3\xf1\x3d\x58\x15\
\x91\x3a\xe9\x00\x90\x24\xb7\x9d\x4f\xe4\x9b\xc0\xf1\x2a\xff\x7c\
\xb9\x03\x1f\xaf\x59\x85\x14\x22\x23\xca\xf9\x15\x59\x5b\xa2\x39\
\x84\xc8\x58\xd7\x35\x77\xbe\xfd\xe4\xbd\x7c\x42\x87\x00\xa9\x97\
\x0e\x00\xc9\x72\x7b\xc7\xa7\x99\x0d\x7c\x0a\x54\xfe\xc3\xe5\x0e\
\x7c\x3c\x95\x7f\x6d\x86\xca\x3f\x5f\x6e\xe8\x8c\x11\x72\xaf\x78\
\xbc\x83\x63\x7a\xee\xb0\x5e\x44\xd6\x93\xbe\x07\x20\x59\xe6\x3f\
\x9c\xc3\x89\x6e\xcc\x52\xf9\xe7\xcb\x28\x32\x07\x86\xb8\xd6\xce\
\xa5\xa7\xf2\x0f\x97\x91\x63\x7e\x87\x4f\x58\xcd\x65\x3d\xbb\x7b\
\x07\x22\xeb\xc9\x46\x5e\x22\xb1\x7b\xc7\x89\x3e\xc3\xaa\x7c\x45\
\xe5\x3f\x74\x46\xb3\x0a\x29\x44\x46\x94\xf3\x2b\xb2\xb6\x44\x73\
\x08\x91\x51\x64\x7e\x99\xf1\xbd\xec\x79\x0e\xff\xc4\xfd\xb6\x1a\
\x91\x82\x74\x00\x28\x89\x77\x7e\xda\x7b\x70\xfe\x13\x54\xfe\x6b\
\x67\xa8\xfc\x6b\x33\x54\xfe\xf9\x72\x43\x67\xac\xd7\xfc\x8c\x1b\
\x36\xec\xe0\xe0\x0f\xdd\x61\x2f\x20\x52\x80\x0e\x00\x25\xf2\xce\
\x4f\xf9\xc9\x06\xa7\xab\xfc\x55\xfe\xc3\x65\xa8\xfc\xf3\xe5\x86\
\xce\xa8\x67\x7e\x6e\xdc\xfc\x42\x95\x83\x3e\xfb\x03\x7b\x1e\x91\
\x9c\x74\x00\x28\x99\x77\x7d\xd2\x3f\x6f\xf0\x8d\xfe\xdf\xab\xfc\
\xe3\xc9\x48\x7e\x7e\x45\xd6\x96\x68\x0e\x21\x32\x1a\x32\x3f\xe7\
\x8e\xbe\x0d\xd8\xef\x84\x3b\x6c\x05\x22\x39\xe8\x00\x50\x42\xbb\
\x9c\xe0\xc7\xb9\x71\xae\x81\xa9\xfc\xe3\xc8\x48\x7e\x7e\x45\xd6\
\x96\x68\x0e\x21\x32\x1a\x3c\xbf\xbb\x3b\x33\xf6\xfd\xc8\xbd\xf6\
\x0c\x22\x23\xd0\xdf\x02\x28\xa1\xbb\xcf\xb5\xf3\x81\x63\x71\xaa\
\xa0\xf2\x1f\x69\x43\x8d\x60\xd3\x8e\x7b\x7e\x45\xd6\x96\x68\x0e\
\x21\x32\x9a\x30\xbf\x5d\xfa\xaa\xdc\x34\x67\x67\xdf\x14\x91\x11\
\xd8\xc8\x4b\x24\x55\xbb\x9c\xe0\x1f\x35\xb8\x90\x35\x07\x3d\x95\
\xff\xe0\xc7\x2b\xf2\xda\x42\x64\x44\x39\xbf\x22\x6b\x4b\x34\x87\
\x10\x19\x4d\x9d\x9f\x71\x7f\xe6\xec\xf9\xd1\x1f\xd8\x93\x88\x0c\
\x41\x07\x80\x92\xdb\xed\x78\xff\x80\x1b\xdf\x35\xa7\x03\x54\xfe\
\x51\x6f\xda\x39\x33\x54\xfe\xf9\x72\x07\xad\x6d\xa7\xf2\xff\xe7\
\xb5\x1f\x8f\xaa\xb2\xe7\x31\x3f\xb2\x27\x10\x59\x07\x7d\x04\x50\
\x72\x77\x9e\x67\x57\x02\x47\x00\xbd\x2a\xff\x70\x19\xc9\xcf\xaf\
\xc8\xda\x12\xcd\x21\x44\x46\xc0\xf9\xed\xb8\xca\xb8\xfd\xe2\x5d\
\x7c\x02\x22\xeb\x60\x23\x2f\x91\x32\xd8\xfd\x78\x3f\x18\xb8\x02\
\xe8\x6c\xe7\xf2\x2f\xf2\xda\x42\x64\x44\x39\xbf\x22\x6b\x4b\x34\
\x87\x10\x19\xad\x98\x9f\x39\x0f\xd2\xc1\x94\x8f\xdc\x6b\xcb\x11\
\x19\x40\x07\x80\x36\x32\xe9\x38\xdf\x17\xf8\x1e\x30\x1a\xca\xb1\
\x69\xab\xfc\x6b\x33\x54\xfe\xf9\x72\x43\x67\xb4\x78\x7e\x0f\x75\
\x64\x4c\x39\xe6\x07\xf6\x28\x22\x6b\xe8\x00\xd0\x66\x76\x3f\xde\
\xdf\x63\xce\x35\x06\x1b\xf6\x5f\x4b\x75\xd3\x56\xf9\xd7\x66\xa8\
\xfc\xf3\xe5\x86\xce\x88\x64\x7e\xbf\xef\x73\x26\x7f\xec\x47\xf6\
\x30\x22\xe8\x00\xd0\x96\x26\x1d\xe7\xbb\x19\x5c\x0f\x8c\x49\x75\
\xd3\x2e\xb2\xa1\x86\xc8\x48\x7e\x7e\x45\xd6\x96\x68\x0e\x21\x32\
\x22\x9b\xdf\x1f\xb2\x3e\xa6\x7c\xf0\x7e\xfb\x1d\xd2\xf6\x74\x00\
\x68\x53\x53\x8e\xf3\x5d\x70\x6e\x00\x36\x49\x6d\xd3\x6e\xd6\x86\
\x1a\x22\x23\xca\xf9\x15\x59\x5b\xa2\x39\x84\xc8\x88\x74\x7e\x7f\
\xea\xab\x30\xf9\xa3\x3f\xb0\x65\x48\x5b\xd3\x01\xa0\x8d\xed\x71\
\xac\xbf\xcb\xe1\x46\x60\x53\x48\x63\xd3\x56\xf9\xd7\x66\xa8\xfc\
\xf3\xe5\x86\xce\x88\x7c\x7e\x8f\x01\x53\x3f\xf8\xbf\xf6\x00\xd2\
\xb6\xf4\xd7\x00\xdb\xd8\x6d\x17\xd8\xbd\x99\x31\x19\x78\x32\x85\
\x4d\x5b\xe5\x5f\x9b\xa1\xf2\xcf\x97\x1b\x3a\x23\x81\xf9\x6d\x0e\
\x2c\xfe\xce\x4e\xbe\x2d\xd2\xb6\x6c\xe4\x25\x52\x76\x53\x8f\xf5\
\xb7\x9a\x73\x2b\xd0\x1d\xeb\xa6\x5d\x64\x43\x0d\x91\x91\x5a\xe9\
\xa9\xfc\xc3\x65\x24\x36\xbf\xbf\x65\xc6\x1e\x47\xfd\xc8\x7e\x86\
\xb4\x1d\x1d\x00\x04\x80\x29\x9f\xf0\x37\x57\x60\x31\xb0\x79\x6c\
\x9b\x76\xb3\x36\xd4\x10\x19\x51\xce\xaf\xc8\xda\x12\xcd\x21\x44\
\x46\x72\xf3\x7b\xf1\x97\xbf\xbb\xf3\x9e\x63\xee\xb3\x1f\x21\x6d\
\x45\x1f\x01\x08\x00\x8b\x2f\xb4\x5f\xe1\x4c\xc2\x59\x1e\xd3\xa6\
\xad\xf2\xaf\xcd\x50\xf9\xe7\xcb\x0d\x9d\x91\xdc\xfc\xfa\xd7\x3a\
\xe3\x32\xb8\xf5\xb2\x1d\xfd\x1d\x48\x5b\xd1\x01\x40\x5e\x72\xeb\
\x45\xf6\x60\x87\x33\xc9\xe1\xd1\x32\x6f\xa8\x21\x32\xa2\x9c\x5f\
\x91\xb5\x25\x9a\x43\x88\x8c\xe4\xe6\x57\xbb\xf6\x65\x9e\x71\xdb\
\xa5\x6f\xf3\xdd\x91\xb6\xa1\x03\x80\x0c\x72\xe3\xb7\xec\x37\x59\
\xc6\xbb\x81\x87\xcb\xb8\xa1\x86\xc8\x88\xb2\x90\x8a\xac\x2d\xd1\
\x1c\x42\x64\x24\x37\xbf\xa1\xd7\x8e\x31\xe7\xfa\xcb\xde\xea\x53\
\x90\xb6\x60\x23\x2f\x91\x76\x34\xf5\xe3\xfe\xaa\x4e\x67\x09\xb0\
\x25\x94\x63\x43\x0d\x91\x11\x65\x21\x15\x59\x5b\xa2\x39\x84\xc8\
\x48\x6e\x7e\xf9\xd6\x3e\x67\xc6\x01\x87\xdf\x67\xb7\x21\xa5\xa6\
\x3b\x00\xb2\x4e\xb7\x5f\x64\x7f\xec\xeb\x65\x12\xf0\xdb\x32\x6c\
\xa8\x21\x32\xa2\x2c\xa4\x22\x6b\x4b\x34\x87\x10\x19\xc9\xcd\x2f\
\xff\xda\x8d\xa8\xb2\xe8\xca\xb7\xfa\xfe\x48\xa9\xe9\x00\x20\x43\
\xba\xf5\x3b\xf6\x27\xeb\x64\x57\x73\x1e\x80\x74\x37\xd4\x10\x19\
\x51\x16\x52\x91\xb5\x25\x9a\x43\x88\x8c\xe4\xe6\x57\x64\xed\x8b\
\xd7\x36\x70\x63\xfe\x15\x3b\xf9\x01\x48\x69\xd9\xc8\x4b\xa4\xdd\
\xed\x79\xac\x6f\xd6\xd9\xcb\xed\xc0\xb6\xa9\x6d\xa8\x21\x32\xa2\
\x2c\xa4\x22\x6b\x4b\x34\x87\x10\x19\xc9\xcd\xaf\xc8\xda\xda\x6b\
\xab\xdd\xf9\xc0\xe1\x3f\xb1\xef\x23\xa5\xa3\x3b\x00\x32\xa2\x5b\
\x2f\xb0\xbf\xd2\xc9\x6e\x19\xdc\xd7\xea\x0d\x95\x21\xae\x95\x6e\
\xd3\x56\xf9\xe7\xca\x0d\x9d\x91\xdc\xfc\x8a\xac\x5d\xf7\x73\xec\
\xcc\xe0\xea\x2b\xdf\xea\x47\x21\xa5\x63\x23\x2f\x11\x79\xd1\x01\
\x1f\xf4\xb1\x7d\x15\x6e\x06\x76\xee\xbf\x16\xeb\x86\x1a\x22\x23\
\xca\x42\x2a\xb2\xb6\x44\x73\x08\x91\x91\xdc\xfc\x8a\xac\x1d\x79\
\x0e\x7d\x99\xf3\xd1\x43\x7e\x6a\x97\x20\xa5\xa1\x3b\x00\x92\xdb\
\xc2\x4b\xec\x1f\xa3\x2b\xec\x05\xfc\x00\xe2\xdd\x50\x43\x64\x44\
\x59\x48\x45\xd6\x96\x68\x0e\x21\x32\x92\x9b\x5f\x91\xb5\xf9\xe6\
\x50\x71\xb8\x78\xfe\x0e\x7e\x3c\x52\x1a\x36\xf2\x12\x91\xc1\xf6\
\x3c\xca\x37\x1e\xdd\xc9\x22\x60\x12\xc4\xb5\xa1\x86\xc8\x88\xb2\
\x90\x8a\xac\x2d\xd1\x1c\x42\x64\x24\x37\xbf\x22\x6b\x8b\xcf\xc1\
\xcd\x38\x71\xda\x4f\x6c\x2e\x92\x3c\xdd\x01\x90\xc2\x6e\xbd\xd4\
\x9e\xf5\x0e\xde\x6b\xb0\x38\xa6\x0d\x35\x44\x46\x94\x85\x54\x64\
\x6d\x89\xe6\x10\x22\x23\xb9\xf9\x15\x59\xbb\x7e\x73\x30\x9c\xd9\
\xf3\x77\xf0\xcf\x20\xc9\xd3\x01\x40\xd6\xcb\xa2\x8b\xec\xb9\x6a\
\x07\xfb\x03\xb7\xc6\xb0\xa1\x86\xc8\x88\xb2\x90\x8a\xac\x2d\xd1\
\x1c\x42\x64\x24\x37\xbf\x22\x6b\xeb\x9b\x83\xe1\x9c\xf3\xfd\xed\
\xfd\x2b\x48\xd2\x6c\xe4\x25\x22\x43\x9b\x36\xcd\x47\xad\x1e\xc3\
\x3c\xe0\x7d\x2a\xff\x7c\xb9\x83\xd6\xaa\xfc\x73\xe5\x86\xce\x48\
\x6e\x7e\x45\xd6\x36\x70\x0e\xe6\xf4\xbc\xff\xe7\x76\x0a\x92\x24\
\x1d\x00\xa4\x6e\xd3\xa6\xf9\xa8\xde\x31\x5c\x05\x1c\xa8\xf2\x1f\
\x3e\x77\xd0\x5a\x95\x7f\xae\xdc\xd0\x19\xc9\xcd\xaf\xc8\xda\x66\
\xcc\xc1\x38\xe3\xfd\x3f\xb3\x2f\x21\xc9\xd1\x47\x00\x52\xb7\xf9\
\xf3\x6d\x55\xc7\x0a\xa6\xe1\x5c\xae\xf2\xcf\x97\xa1\xf2\xcf\x97\
\x1b\x3a\x23\xb9\xf9\x15\x59\xdb\xac\x39\x38\x27\x5f\xb3\x9d\x7f\
\x1d\x49\x8e\x8d\xbc\x44\x24\x9f\x69\xd3\xbc\xd2\x37\x86\x8b\x71\
\x8e\x56\xf9\x0f\x9d\xa1\xf2\xcf\x97\x1b\x3a\x23\xb9\xf9\x15\x59\
\x1b\x62\x0e\x55\xce\x3f\xe0\x97\x9c\x60\x83\xd2\x24\x66\x3a\x00\
\x48\x43\x4d\x9b\xe6\x95\xbe\x8d\xf8\x96\xc1\x87\x54\xfe\xb5\x19\
\x2a\xff\x7c\xb9\xa1\x33\x92\x9b\x5f\x91\xb5\x61\xe7\x70\xd1\xcf\
\x7e\xc1\x71\x3d\x58\x15\x89\x9e\x0e\x00\xd2\x04\x6e\x07\x1f\xc3\
\x5c\xe0\x04\x50\xf9\xab\xfc\xd7\x5a\xab\xf2\x2f\x6b\xf9\xf7\xff\
\x7b\xdf\xfe\xe9\x2f\xf9\x84\x0e\x01\xf1\xd3\x01\x40\x9a\xc4\xed\
\xfd\x1f\xe4\x9c\xcc\x39\x51\xe5\xaf\xf2\x57\xf9\x0f\x9d\x51\xaa\
\xf2\xef\x7f\x3c\xe3\xca\x4d\xbb\x38\x7a\xd2\x1d\xd6\x8b\x44\x4b\
\x07\x00\x69\x22\xb7\x83\x8f\xe2\x2c\x33\x4e\x52\xf9\xe7\xcb\x50\
\xf9\x87\xcb\x48\x6e\x7e\x45\xd6\xc6\x31\x87\xab\x37\xe9\xe6\x48\
\x1d\x02\xe2\xa5\xbf\x05\x20\x4d\x64\xfe\xbd\x4b\xed\xb3\x06\x33\
\xfe\x79\x65\xcd\xaf\x83\x56\x0d\xf8\xba\xff\x8b\xb2\x6c\xda\x2a\
\xff\x5c\xb9\xa1\x33\x92\x9b\x5f\x91\xb5\xf1\xcc\xe1\xd0\xa7\xff\
\xc6\x95\xf7\xed\xe4\x9d\x48\x94\x6c\xe4\x25\x22\xf5\x3b\xe4\x68\
\x3f\xd9\x9c\xd3\x41\xe5\xaf\xf2\x6f\x6d\x46\x72\xf3\x2b\xb2\x36\
\xce\x39\xdc\x30\xe6\x59\x0e\x9e\xf4\x7b\x7b\x01\x89\x8a\x0e\x00\
\x12\xcc\x61\x47\xfa\xc9\xd8\x8b\x87\x00\x88\x76\xb3\x1a\x32\x43\
\xe5\x9f\x2f\x77\xd0\x5a\x95\x7f\xbb\x97\x7f\xff\xf5\x9b\x9f\x7b\
\x8a\x83\x0e\x79\xc4\x9e\x47\xa2\xa1\x03\x80\x04\xf5\x81\xa3\xfc\
\x73\x0e\x67\x46\xbe\x59\xa9\xfc\x87\xc8\x88\xa1\x90\x42\x64\x44\
\x31\xbf\x22\x6b\x13\x98\x83\x19\x77\x6e\x04\xef\x9d\xf4\x80\xad\
\x40\xa2\xa0\x03\x80\x04\x77\xd8\x51\x7e\xac\x39\xe7\x01\x16\xeb\
\x66\x35\x70\x8d\xca\x3f\x5f\xee\xa0\xb5\xfa\x93\xbf\xca\x7f\xdd\
\x19\x77\xf7\xf6\xb1\xef\xfb\x1e\xb2\x67\x90\x96\xd3\x01\x40\x5a\
\xe2\xb0\x23\xfc\x63\x99\x71\x01\x90\x45\xbc\x59\xa9\xfc\x73\xe6\
\x0e\x5a\xab\xf2\x57\xf9\x0f\x91\xb1\xe6\xd7\x7b\x59\xc5\x3e\xfb\
\x2c\xb3\xa7\x91\x96\xd2\x01\x40\x5a\xe6\xf0\x23\xfd\x08\x9c\xff\
\x36\xa8\xf4\x5f\x8b\x6e\xb3\x52\xf9\xab\xfc\xd7\x91\xa1\xf2\xcf\
\x97\x3b\xe8\xf9\x0e\xbe\x76\xbf\x65\xec\xf9\x9e\x07\xec\x49\xa4\
\x65\x74\x00\x90\x96\x3a\xfc\x70\x3f\xcc\x8c\x4b\x81\x8e\x88\x37\
\xab\x61\x33\x54\xfe\xf9\x72\x07\x3e\x5e\x91\xd7\x16\x22\x23\x8a\
\xf9\x15\x59\x5b\x8e\x39\xfc\xa4\xd3\xd9\x63\xea\x83\xf6\x04\xd2\
\x12\x3a\x00\x48\xcb\x1d\x7e\xb8\x1f\x96\x19\x97\xe2\x6b\x0e\x01\
\x6b\x44\xb6\x59\xa9\xfc\x87\xc9\xd0\x9f\xfc\x6b\x33\x54\xfe\x39\
\x72\x9d\x9f\xd2\xc1\x14\xdd\x09\x68\x0d\xfd\x20\x20\x69\xb9\x2b\
\xae\xb0\xab\x1c\x0e\x34\x58\xd9\x7f\x2d\xca\xcd\x6a\xad\xc7\x53\
\xf9\xe7\xcb\x0d\x9d\x91\xdc\xfc\x8a\xac\x2d\xdb\x1c\x8c\x1d\xac\
\xca\x4d\xd7\x6e\xed\x9b\x20\xc1\xe9\x00\x20\x51\xb8\xfc\x72\xbb\
\x1e\x38\x08\x78\x21\xda\xcd\x6a\xe0\x5a\x95\x7f\xae\xdc\xd0\x19\
\xc9\xcd\xaf\xc8\xda\xb2\xce\xc1\xf9\xd7\xd1\xb0\x70\xe9\x6b\x7c\
\x34\x12\x94\x0e\x00\x12\x8d\x4b\xaf\xb0\x1b\x81\x03\x70\x9e\x87\
\x48\x37\xab\x1c\xb9\x03\x1f\x4f\xe5\x1f\x2e\x23\xb9\xf9\x15\x59\
\x5b\xe2\x39\xac\x79\xbc\xc9\xab\x36\xe0\xaa\xa5\xbb\x7b\x07\x12\
\x8c\x0e\x00\x12\x95\x4b\xaf\xb0\x5b\xcc\xd9\xcf\x8c\xe7\xfa\xaf\
\xc5\xb4\x59\xa9\xfc\xf3\xe5\x0e\x7c\x3c\x0b\x94\xb1\xf6\xb5\xa1\
\x32\xa2\x99\x9f\xe6\x30\xe8\xf1\x32\x78\xdf\xea\x3f\x73\x16\x12\
\x8c\x8d\xbc\x44\x24\xbc\xa3\x3f\xe0\xef\x36\xb8\xd1\x9c\x4d\x20\
\x8e\xcd\x4a\xe5\x9f\x2f\x37\x74\x46\x72\xf3\x2b\xb2\xb6\xc4\x73\
\x18\x32\xc3\x38\x72\xea\x43\x76\x39\xd2\x74\x3a\x00\x48\xb4\x3e\
\x7c\x98\xbf\xad\x0a\xb7\x18\x8c\xef\xbf\x96\x42\xe9\xa9\xfc\xc3\
\x65\x24\x37\xbf\x22\x6b\x4b\x3c\x87\x11\x32\x56\xf4\xc1\xdb\xf7\
\xfa\x8d\x3d\x88\x34\x95\x3e\x02\x90\x68\x5d\x7c\x95\xdd\x67\xce\
\x1e\xc0\x13\x90\x46\xe9\xa9\xfc\xc3\x65\x24\x37\xbf\x22\x6b\x4b\
\x3c\x87\x1c\x19\x63\x3a\x60\xde\xa2\x2d\x7c\x23\xa4\xa9\x74\x00\
\x90\xa8\x7d\xe7\x6a\xfb\x31\xce\x9e\xb6\xe6\x10\x00\xf1\x96\x9e\
\xca\xff\x9f\xd7\x54\x7a\x75\xac\x2d\xf1\x1c\x0a\x64\x6c\xbb\xd1\
\x18\x66\x22\x4d\x65\x23\x2f\x11\x69\xbd\x8f\x1e\xea\x6f\xaa\x3a\
\x8b\xcd\x78\x39\x10\x65\xe9\xad\xf7\xda\xc8\x37\x6d\xfd\xc9\xbf\
\x36\x43\xe5\x9f\x2f\xb7\xce\x8c\xbe\x8a\xf3\xf6\xdd\x96\xd9\x4f\
\x90\xa6\xd0\x1d\x00\x49\xc2\xb7\xaf\xb6\x5f\x77\x54\x98\x0c\x2c\
\x8f\xad\xf4\x54\xfe\xe1\x32\x92\x9b\x5f\x91\xb5\x25\x9e\xc3\x7a\
\x66\x54\xaa\xc6\x85\x3d\xb8\x7a\xaa\x49\x34\x58\x49\xc6\x45\x57\
\xda\x83\x19\x4c\x32\x78\x04\x22\x2d\xa4\x22\x6b\x23\xdf\xb4\x55\
\xfe\xb5\x19\x2a\xff\x7c\xb9\x0d\xcc\x78\xfb\xae\x5b\xf2\x51\xa4\
\x29\x6c\xe4\x25\x22\x71\xf9\xf8\xa1\xbe\xa5\xc3\x62\x9c\x57\x47\
\x55\x48\x45\xd6\x46\xbe\x69\x37\xab\x90\x42\x64\x44\x31\xbf\x22\
\x6b\x4b\x3c\x87\x06\x65\x3c\xb9\xba\xca\xeb\xf6\xf8\x3f\x7b\x0a\
\x69\x28\xdd\x01\x90\xe4\x5c\x74\xb5\xfd\xce\xaa\xec\x8a\xb3\x2c\
\x9a\xd2\x2b\xb2\x36\xf2\x4d\x5b\xe5\x5f\x9b\x51\xf8\xb5\x69\x0e\
\x8d\xcc\x18\xdf\x99\x71\x02\xd2\x70\x36\xf2\x12\x91\x38\x1d\x3f\
\xcd\x37\xef\x85\xc5\xc0\x9b\x55\xfe\x43\x67\x34\x6b\x0e\x21\x32\
\x92\x9b\x5f\x91\xb5\x25\x9e\x43\x13\x32\x9e\xa8\x8e\xe6\x35\x93\
\x1e\xb0\x15\x48\xc3\xe8\x0e\x80\x24\xeb\xbc\xf9\xf6\x58\xb5\x83\
\xc9\x06\xbf\x54\xf9\xab\xfc\x87\xcb\x55\xf9\xd7\x66\x24\x54\xfe\
\x00\x5d\xb6\x92\x8f\x23\x0d\x65\x23\x2f\x11\x89\xdb\xb1\x07\xfa\
\x66\x5e\xe1\x76\x83\x6d\x41\xe5\x1f\x53\x21\x85\xc8\x88\x62\x7e\
\x45\xd6\x96\x78\x0e\x4d\xce\xf8\xf3\x0a\xe3\xb5\xfb\x2c\xb3\x95\
\x48\x43\xe8\x0e\x80\x24\xef\x82\x05\xf6\xd7\x6c\x14\xbb\x61\xfc\
\xaf\xca\x3f\x5f\xee\xa0\xb5\x2a\xff\xfa\xe7\xa7\x39\x84\xc8\x78\
\xf9\x98\x3e\xf6\x43\x1a\x46\x07\x00\x29\x85\xf3\xaf\xb0\xbf\x8f\
\x5e\xcd\x9e\x38\xff\x03\x2a\xff\x66\xdd\xf6\x1f\x2e\xb7\x11\x19\
\xc9\xcd\x6f\xed\xc7\x1a\x6e\x6d\x89\xe7\x10\xec\xbd\x9a\x71\x14\
\xd2\x30\x36\xf2\x12\x91\x74\x7c\x7c\x9a\xbf\xac\xa3\xca\x8d\xc0\
\x3b\x41\xe5\x3f\x5c\x86\x3e\xf3\xaf\xcd\x28\x5c\xfe\x9a\x43\xe8\
\xf7\x6a\x6f\xa7\xf3\xca\x77\x3c\x6c\x7f\x41\xea\xa6\x3b\x00\x52\
\x2a\x17\xcd\xb7\xa7\x36\xda\x88\x3d\xcd\x58\xa2\xf2\x1f\x3a\xa3\
\xe8\x1c\x54\x7a\x75\xac\x2d\xf1\x1c\x5a\xf0\x5e\xed\xe8\xcb\x38\
\x04\x69\x08\x1d\x00\xa4\x74\xce\xbc\xd4\x9e\xdd\x70\x43\xf6\x07\
\x96\x80\xca\x7f\xed\x0c\x7d\xe6\x5f\x9b\x51\xf8\xb5\x69\x0e\x2d\
\x7b\xaf\x56\xfb\x38\x0c\x69\x08\x1b\x79\x89\x48\x9a\x3e\xb5\xb7\
\x6f\x50\xdd\x90\xf9\x06\xfb\xa9\xfc\xf3\xe5\x86\xce\x48\x6e\x7e\
\x45\xd6\x96\x78\x0e\x2d\x7e\xaf\xf6\x56\x2a\x74\xbd\x63\x99\x3d\
\x8d\xd4\x45\x77\x00\xa4\xb4\xe6\xde\x64\x2b\x27\x54\x38\xd8\x60\
\x61\xff\x35\x95\x7f\x3c\x19\xc9\xcd\xaf\xc8\xda\x12\xcf\x21\x82\
\xf7\x6a\x47\x5f\x95\x5d\x90\xba\xe9\x00\x20\xa5\xd6\x33\xdf\x56\
\x75\x55\x38\x14\xb8\x46\xe5\x1f\x4f\x46\x72\xf3\x2b\xb2\xb6\xc4\
\x73\x88\xe5\xbd\x9a\x39\x93\x90\xba\xe9\x00\x20\xa5\xd7\x33\xdf\
\x56\x3d\xd6\xc1\x21\xc0\x65\x2a\xff\xe1\x33\x2c\x50\xc6\xda\xd7\
\x86\xca\x88\x62\x7e\x45\xd6\x96\x78\x0e\x31\xbd\x57\xdd\x99\x8c\
\xd4\xcd\x46\x5e\x22\x52\x0e\xd3\xa6\x79\x65\x8b\xd5\x5c\x02\x1c\
\x09\x2a\xff\xb5\x33\x8a\xbc\xb6\x10\x19\xd1\xce\xaf\xc8\xda\x92\
\xcc\x21\xc2\xf7\x6a\xb5\x73\x15\x9b\xbc\x6d\xb9\x3d\x87\xac\x37\
\xdd\x01\x90\xb6\x31\x7f\xbe\xf5\x8d\xdb\x81\x63\x1c\x2e\x56\xf9\
\xd7\x3e\xde\x70\xb9\x8d\xc8\x48\x6e\x7e\x6b\x3f\xd6\x70\x6b\x4b\
\x3c\x87\xd8\xde\xab\x6b\xae\x65\xbd\x1b\xb0\x15\x52\x17\x1b\x79\
\x89\x48\xd9\xb8\x9d\x74\x00\x73\x70\x3e\xd9\x7f\xa5\x6c\x9b\xb6\
\x3e\xf3\xaf\xcd\x28\x5c\xfe\x9a\x43\x74\xef\xd5\x81\xd7\x32\xe3\
\x90\x9d\x1f\xb6\xf9\xc8\x7a\xd3\x1d\x00\x69\x43\xe6\xe7\x2c\xe4\
\xd3\xee\xcc\x82\xf2\x6d\xda\xfa\xcc\xbf\x36\x43\xe5\x9f\x2f\x37\
\x74\x46\x3d\xf3\xab\x56\xd9\x1a\xa9\x8b\x0e\x00\xd2\xa6\xcc\x67\
\x5d\x67\x27\x19\x9c\x0a\x94\x66\xd3\xd6\x67\xfe\xb5\x19\x85\x5f\
\x9b\xe6\x90\xc4\x7b\xd5\xd0\x01\xa0\x5e\x3a\x00\x48\x5b\x3b\xfb\
\x5a\xfb\x0a\xce\xd7\xca\xb0\x69\xeb\x33\xff\xda\x8c\x42\xaf\x6d\
\xed\xc7\x1a\x6e\x6d\x89\xe7\x10\xdb\x7b\x75\xa8\xdc\x0c\x5e\x89\
\xd4\x45\x07\x00\x69\x7b\x67\x5f\x67\xff\x9f\x39\x5f\x82\x74\x37\
\x6d\x7d\xe6\x5f\x9b\x51\xb8\xfc\x35\x87\xe8\xde\xab\xc3\xe5\x3a\
\x6c\x82\xd4\x45\x07\x00\x11\xe0\xcc\x45\x76\x86\xc1\x17\x53\xdc\
\xb4\xf5\x99\x7f\x6d\x46\xe1\xd7\xa6\x39\x44\xf9\x5e\x1d\x2e\x17\
\x1d\x00\xea\xa6\x03\x80\xc8\x1a\x67\x5e\x67\xdf\xc8\xe0\x04\xd6\
\x6c\x35\x29\x6c\xda\xfa\xcc\xbf\x36\xa3\xee\xd7\x56\x64\x6d\x49\
\xe6\x90\xe8\x7b\x55\x07\x80\x3a\xe9\x00\x20\x32\xc0\xd7\x17\xd9\
\x79\x0e\xc7\x19\x54\x63\xdf\xb4\xf5\x99\x7f\x6d\x46\xa1\xd7\xb6\
\xf6\x63\x0d\xb7\xb6\xc4\x73\x88\xed\xbd\x9a\x77\x7e\xae\x3b\x00\
\x75\xd3\x01\x40\x64\x2d\x67\x2e\xb2\x0b\xa9\x72\x1c\x50\x8d\x75\
\xd3\xd6\x67\xfe\xb5\x19\x85\xcb\x5f\x73\x88\xee\xbd\x5a\x64\x7e\
\xd9\xe0\xcb\xb2\x1e\x74\x00\x10\x59\x87\xaf\xdf\x60\x17\x99\x71\
\x14\xd0\x0b\x71\x6d\xda\xfa\xcc\xbf\x36\x43\xe5\x9f\x2f\x37\x74\
\x46\x93\xe7\xf7\x0c\x52\x17\x1d\x00\x44\x86\x70\xc6\x22\xbb\xc2\
\xe0\x48\xf3\x35\x87\x80\x01\xff\xac\x6c\x1b\x6a\x88\x8c\x68\xe6\
\xa7\x39\x24\xfd\x5e\x1d\xf0\x5c\x74\x00\xa8\x93\x0e\x00\x22\xc3\
\x38\xfd\x7a\xbb\xda\x8c\x0f\x18\xac\xee\xbf\x56\xb6\x0d\x35\x44\
\x46\xb4\x85\x54\x64\x6d\x49\xe6\x90\xf2\x7b\x75\xe0\x35\x5c\x07\
\x80\x7a\xe9\x00\x20\x32\x82\xaf\x5d\x6f\xdf\x33\x38\x10\x78\x21\
\x85\x0d\x95\x21\xae\xc5\xb0\x69\xeb\x1b\xfe\xf2\x65\xa8\xfc\x6b\
\x33\xd6\xbe\x66\xba\x03\x50\x37\x1d\x00\x44\x72\x38\xed\x06\xbb\
\xc1\xe0\x60\xe0\x05\x88\x7b\x43\x8d\x79\xd3\x1e\x2e\xa3\xa9\xe5\
\xaf\x39\x44\xf9\x5e\x1d\x2e\x77\xe0\xe3\x0d\x91\xfb\x67\xa4\x2e\
\x3a\x00\x88\xe4\x74\xda\x0d\x76\x43\x96\xb1\xb7\x19\x2b\x80\xa4\
\x37\xd4\x10\x19\xd1\x14\x92\xe6\x90\xf4\x7b\x75\xa8\x5c\x8c\x87\
\x90\xba\xe8\x00\x20\x52\xc0\xcc\xeb\xed\x0e\x9c\x7d\x71\x9e\x49\
\x75\x43\x0d\x91\x11\x6d\x21\x15\x59\x5b\x92\x39\x94\xb1\xfc\xed\
\xc5\xdf\xeb\x00\x50\x27\x1d\x00\x44\x0a\x3a\xf5\x46\xbb\x2b\x83\
\xbd\x81\xa7\x63\xd8\x50\x19\xe2\x5a\x8c\x9b\xf6\xda\x19\x4d\x9b\
\xdf\xda\x8f\x35\xdc\xda\x12\xcf\xa1\xac\xe5\x0f\x50\xed\xd3\x01\
\xa0\x5e\x3a\x00\x88\xac\x87\x19\x37\xd9\xbd\x0e\x7b\x01\x4f\xb5\
\x7a\x43\x4d\x69\xd3\xd6\x67\xfe\xb5\x19\x2a\xff\xda\x8c\x1c\xaf\
\xcd\xc7\xac\xe2\xb7\x48\x5d\x74\x00\x10\x59\x4f\xa7\xde\x64\x3f\
\xac\x54\x99\x6c\xf0\x44\xff\xb5\x58\x37\xd4\x10\x19\xd1\x14\x92\
\xe6\x50\xf6\xf2\xc7\xe0\xd7\x6f\x7c\xdc\xf4\xb7\x00\xea\xa4\x03\
\x80\x48\x1d\x7a\x6e\xb1\x1f\x67\x19\x53\x81\xbf\xc5\xba\xa1\x86\
\xc8\x88\xb6\x90\x8a\xac\x2d\xc9\x1c\xda\xa0\xfc\x01\x96\x20\x75\
\xd3\x01\x40\xa4\x4e\x3d\x37\xda\x4f\xab\x15\x76\xc3\x59\x0e\x71\
\x6d\xa8\x21\x32\xa2\x2d\xa4\x22\x6b\x4b\x32\x87\x36\x29\x7f\x32\
\x58\x8a\xd4\x4d\x07\x00\x91\x06\x98\x79\x83\xfd\xba\xcf\x98\x6c\
\xce\xa3\x10\xc7\x86\x1a\x22\x23\x8a\x42\x5a\xfb\xb1\x86\x5b\x5b\
\xe2\x39\xb4\x4b\xf9\x1b\x54\x7b\xab\xdc\x85\xd4\x4d\x07\x00\x91\
\x06\x99\x79\xb3\x3d\x54\x71\x26\x19\xfc\xa9\xd5\x1b\x6a\x88\x8c\
\x68\x0a\x49\x73\x68\xa7\xf2\xc7\xe0\x27\x6f\x5b\x6e\x8f\x23\x75\
\xd3\x01\x40\xa4\x81\xbe\x7a\x9b\xfd\xb6\x52\x61\x17\xe0\x77\x2a\
\xff\x7c\xb9\x83\x9e\xef\x08\xb9\x83\xd6\xae\x2b\xb7\xc8\xda\x92\
\xcc\xa1\x9d\xca\x1f\xc0\xab\xcc\x43\x1a\x42\x07\x00\x91\x06\xfb\
\xca\x8d\xf6\x87\x0a\x4c\x02\x96\x81\xca\x7f\xb8\xdc\x41\xcf\x77\
\x84\xdc\x41\x6b\x55\xfe\xc1\x32\x22\x9b\x5f\x35\x33\xae\x40\x1a\
\x42\x07\x00\x91\x26\xf8\xca\xad\xf6\xa7\x6a\x07\xbb\x98\xf3\x40\
\xff\xb5\xf5\xd9\x50\x19\xe2\x5a\x62\x9b\x76\x63\x0b\x69\xed\xc7\
\x1a\x6e\x6d\x89\xe7\xd0\x86\xe5\x8f\xc1\xe2\xed\x1f\xb5\x47\x90\
\x86\xd0\x01\x40\xa4\x49\x7a\x6e\xb4\xc7\xb2\x2a\x53\x80\x5f\xac\
\xef\x86\x5a\x92\x4d\x7b\xd8\x8c\xc2\xaf\x4d\x73\x68\xd7\xf2\x07\
\xb8\x14\x69\x18\x1d\x00\x44\x9a\xe8\xcb\x8b\xed\x2f\x7d\xc6\x54\
\x8c\x9f\xeb\xb6\x7f\x6d\x46\xdd\xaf\xad\xc8\xda\x92\xcc\xa1\x8d\
\xcb\xff\x49\xeb\xe5\x1a\xa4\x61\x74\x00\x10\x69\xb2\x9e\x5b\xed\
\xaf\x95\x4e\x76\xc7\xf8\x11\xa8\xfc\x55\xfe\x6b\x3d\xdf\x11\x72\
\x43\x67\x44\x3b\x3f\x67\xf6\xf6\x7f\xb1\x67\x91\x86\xd1\x01\x40\
\x24\x80\x7f\xbf\xc1\xfe\x5e\x71\xf6\xcc\xe0\x87\x80\xca\x7f\x84\
\xdc\x41\x6b\x55\xfe\xc1\x32\xa2\x9d\x9f\xf1\x74\xd6\xc1\x5c\xa4\
\xa1\x74\x00\x10\x09\xe4\x4b\xb7\xdb\x53\x1d\x19\x53\x71\xee\x50\
\xf9\xe7\xcb\xa8\x79\xac\xe1\xd6\x96\x78\x0e\x6d\x5d\xfe\x2f\xfe\
\x7b\xdf\xdc\xee\x8f\xf6\x77\xa4\xa1\x74\x00\x10\x09\xe8\x0b\xb7\
\xda\xb3\xab\xfa\xd8\x0f\xe7\x4e\x50\xf9\x0f\x97\xa1\x6f\xf8\x0b\
\x97\x11\xf9\xfc\x56\xf4\xf5\x31\x0b\x69\x38\x1d\x00\x44\x02\xeb\
\xb9\xc3\x56\xac\xdc\x98\x7d\x0c\x6e\x53\xf9\x17\x78\x6d\x45\xd6\
\x96\x64\x0e\x2a\x7f\xc0\x99\xbe\xe3\x63\xf6\x37\xa4\xe1\x74\x00\
\x10\x69\x81\x9e\x45\xf6\xdc\x46\xa3\xd8\xcf\xe0\xba\xfe\x6b\x25\
\xdb\xb4\x07\x3f\xdf\x11\x72\x07\xad\x55\xf9\x07\xcb\x48\x60\x7e\
\x0f\xac\x7e\xb9\xfe\xf4\xdf\x2c\x3a\x00\x88\xb4\xc8\xa7\x6f\xb2\
\x95\xcf\x77\x31\xcd\x61\x41\xc9\x36\xed\xc1\xcf\x77\x84\xdc\x9a\
\xb5\xeb\xfa\xba\xcd\xe6\xa0\xf2\x07\x1c\xaf\x66\x7c\xf2\x6d\xf7\
\xdb\x6a\xa4\x29\x6c\xe4\x25\x22\xd2\x4c\x17\xee\xe4\x9d\x4f\x6d\
\xca\x95\xc0\xfb\x4b\xb0\x69\x0f\x7e\xbe\x23\xe4\x0e\x5a\xab\x3f\
\xf9\x07\xcb\x48\x61\x7e\x0e\xdf\xd9\x61\xb9\x7d\x18\x69\x1a\xdd\
\x01\x10\x69\xb1\x4f\xdc\x6f\xab\x5f\xd3\xcd\xa1\x36\xe0\xa7\x9c\
\xa5\xba\x69\x0f\x7a\xbe\x23\xe4\x0e\x5a\xab\xf2\x0f\x96\x91\xc8\
\xfc\xfe\xd0\x99\xf1\x79\xa4\xa9\x74\x00\x10\x89\xc0\x21\xf3\xad\
\xef\xd5\xdd\x7c\xc8\x8c\x4b\x12\xde\xb4\x55\xfe\x2a\xff\x46\xbc\
\xb6\x95\xe6\xbc\x7f\x9b\x47\xec\x49\xa4\xa9\x6c\xe4\x25\x22\x12\
\x8a\xe3\x76\xd6\x6e\x7c\x13\xe3\xf8\xc4\x36\x6d\x95\xbf\xca\xbf\
\x21\xaf\x2d\x33\x8e\xdb\xf6\x51\xbb\x00\x69\x3a\x1d\x00\x44\x22\
\xe3\xb8\x9d\x3d\x89\x73\x71\x8e\x4b\x65\xd3\x56\xf9\xaf\xf5\x7c\
\x47\xc8\x0d\x9d\x91\xd0\xfc\xae\xd8\x6e\xb9\x1d\x81\x04\xa1\x8f\
\x00\x44\x22\x63\x98\x7f\x76\x29\x27\x64\xd5\x7f\xfe\xf5\xa7\xc8\
\x37\xed\x5c\xb9\x83\xd6\xaa\xfc\x83\x65\x24\x34\xbf\xff\xe7\x7d\
\x7c\x1c\x09\x46\x07\x00\x91\x08\x19\xe6\x27\xdd\x65\x27\xe1\xcc\
\x8c\x7c\xd3\xce\x95\x3b\x68\xad\xca\x3f\x58\x46\x42\xf3\xfb\x59\
\xdf\x28\xf6\xd5\xff\xd9\x4f\x58\x36\xf2\x12\x11\x69\xa5\x59\xbb\
\xfa\xc9\x0e\xa7\x47\xb8\x69\xe7\xca\x1d\xb4\x56\xe5\x1f\x2c\x23\
\x95\xf9\x65\xf0\x5b\x7a\xd9\x65\xdb\xbf\xda\x5f\x90\xa0\x74\x07\
\x40\x24\x72\x9f\xb9\xcb\xce\x30\xf8\x6a\xff\xef\x63\xd8\xb4\x55\
\xfe\x6b\x3d\xdf\x11\x72\x43\x67\x24\x34\xbf\xdf\x03\x53\x54\xfe\
\xad\xa1\x3b\x00\x22\x89\x98\xbd\xab\x7f\x1e\xf8\x46\x04\x9b\x76\
\xae\xdc\x41\x6b\x55\xfe\xc1\x32\x12\x9a\xdf\xef\xbd\x8f\xc9\xdb\
\xff\xc5\x1e\x46\x5a\x42\x07\x00\x91\x84\xcc\xd9\xc5\x8f\x03\xce\
\x65\xcd\x7f\xbb\x29\x94\x9e\xca\x3f\x5c\x46\x42\xf3\xfb\x8d\x1b\
\x53\xb6\x7f\xd4\x1e\x41\x5a\x46\x1f\x01\x88\x24\xe4\xd3\x77\xdb\
\xf9\xee\x1c\x0b\x54\x53\x28\x3d\x95\x7f\xb8\x8c\x84\xe6\xf7\x60\
\x6f\x85\x49\x2a\xff\xd6\xd3\x1d\x00\x91\x04\xcd\xdd\xd5\x3f\x42\
\x95\x8b\x80\x2c\xd6\xd2\x53\xf9\x87\xcb\x48\x68\x7e\xbf\xaa\xac\
\x66\xca\x36\x7f\xb3\xc7\x90\x96\xd3\x1d\x00\x91\x04\x7d\xea\x2e\
\xfb\x2f\x87\x23\x0d\x7a\xfb\xaf\xc5\x54\x7a\x2a\xff\x70\x19\x09\
\xcd\xef\x27\xab\x60\x37\x95\x7f\x3c\x74\x07\x40\x24\x61\xdf\x7c\
\x97\x1f\x82\x71\x99\x39\x9d\x10\x71\x21\x15\x59\x1b\x67\x79\xe5\
\xca\x0d\x9d\x91\xd0\xfc\xee\xaf\x64\xec\xa9\x9f\xef\x1f\x17\x1d\
\x00\x44\x12\x77\xee\xbb\x7d\x3f\x9c\xf9\x06\x1b\xf4\x5f\x8b\xaa\
\x90\x8a\xac\x8d\xb3\xbc\x72\xe5\x86\xce\x48\x65\x7e\xc0\xbd\x1b\
\xbd\xc0\x3e\xaf\x7f\xd2\x9e\x46\xa2\xa2\x03\x80\x48\x09\x5c\xf0\
\x2e\xdf\xa7\x0a\xdf\x07\x46\x47\x55\x48\x45\xd6\x46\x58\x5e\x2a\
\xff\xa1\x33\x72\xbe\xb6\xbb\x47\xad\x62\xdf\x37\x3e\x6e\xcf\x20\
\xd1\xd1\xf7\x00\x88\x94\xc0\xb1\xf7\xda\x8d\x6e\x1c\x68\xce\xf3\
\xfd\xd7\x5a\x5e\x48\x45\xd6\xc6\x59\x5e\xb9\x72\x43\x67\x24\x33\
\x3f\xe3\xce\xca\x6a\xf6\x51\xf9\xc7\x4b\x07\x00\x91\x92\x38\xe1\
\x1e\xbb\xd9\x9d\xbd\x81\x15\x2d\x2f\xa4\x22\x6b\x63\x2c\xaf\x9c\
\xb9\xa1\x33\x12\x9a\xdf\xcd\x2b\x8c\xbd\xb7\xf9\x9b\xad\x40\xa2\
\x65\x23\x2f\x11\x91\x94\x9c\xf7\x2e\xdf\x25\x73\x6e\xc0\xd9\x44\
\xe5\x8f\xca\x7f\x84\x8c\x86\xbf\x36\xe7\xc6\x4d\x36\xe0\xd9\x21\
\xd5\x9c\x00\x00\x07\xb0\x49\x44\x41\x54\xfd\xaf\xfd\xbd\xbd\x80\
\x44\x4d\x77\x00\x44\x4a\xe6\xf8\x7b\xed\x6e\xaf\xb2\xb7\xc1\xd3\
\xa0\xf2\x57\xf9\x0f\x9d\xd1\xe8\xd7\x96\xc1\xa2\x0d\x37\xe6\x20\
\x95\x7f\x1a\x74\x00\x10\x29\xa1\xe3\x7e\x68\xf7\x66\x55\x26\x67\
\xf0\x04\xa0\xf2\x1f\x21\x77\xd0\xf3\x1d\x21\x37\x74\x46\x42\xf3\
\x9b\xb7\xf2\xe5\xbc\xff\xf5\xcb\x6c\x25\x92\x04\x1b\x79\x89\x88\
\xa4\xea\xdb\xff\xe6\x6f\xad\x3a\xb7\x1a\x74\xf7\x5f\x53\xf9\x0f\
\x9d\xa1\xf2\xaf\xcd\xc8\xf9\xda\xae\x7c\x62\x39\x47\x4f\xc2\x7a\
\x91\x64\xe8\x00\x20\x52\x72\x17\xef\xec\x6f\xee\xcb\xb8\x1d\xe7\
\xe5\x2a\xff\xa1\x33\x54\xfe\xb5\x19\x79\x5e\x1b\xf0\x5f\xdb\x2d\
\xe7\xe3\x86\x55\x91\xa4\xe8\x23\x00\x91\x92\xfb\xf0\xff\xd8\xaf\
\xaa\x30\xd9\x60\xb9\xca\x5f\xe5\x3f\x5c\x6e\xe1\xd7\x66\x5c\xa4\
\xf2\x4f\x97\xee\x00\x88\xb4\x89\x8b\xfe\xd5\xdf\x90\x19\x8b\x0d\
\x5e\x09\x2a\x7f\x95\xff\xd0\x19\x79\x5e\x5b\x06\xe7\xbf\x65\x39\
\x27\xd8\xa0\x47\x93\x94\xe8\x0e\x80\x48\x9b\xf8\xf8\x8f\xec\x37\
\x15\x63\x17\xe0\x61\x95\x7f\xbe\xdc\xd0\x19\xa9\xcc\x0f\x38\x73\
\xdb\xe5\x76\xbc\xca\x3f\x6d\xba\x03\x20\xd2\x66\xbe\xbb\x93\xbf\
\xaa\xb7\xc2\x12\x60\x4b\x95\x7f\x3c\x19\x09\xcd\xef\x8c\xed\x96\
\xdb\x97\x90\xe4\xe9\x0e\x80\x48\x9b\x39\xfa\x7e\xfb\x23\xce\x24\
\x83\xdf\xf6\x5f\x53\xf9\xb7\x36\x23\xa1\xf9\xa9\xfc\x4b\x44\x07\
\x00\x91\x36\xf4\xe1\xff\xb5\x3f\xf5\x1a\xbb\x18\xfc\x52\xe5\xdf\
\xda\x8c\x64\xe6\x67\x7c\x55\xe5\x5f\x2e\xfa\x08\x40\xa4\x8d\x7d\
\xf7\x9d\xbe\x59\x75\x35\xb7\x03\xdb\xaa\xfc\xc3\x67\x24\x32\x3f\
\x37\xe3\x73\xdb\x3d\x6a\xe7\x20\xa5\xa2\x03\x80\x48\x9b\xbb\xfc\
\xdd\x3e\xae\x6f\x25\xb7\x38\xbc\x5d\xe5\x1f\x2e\x23\x91\xf9\x79\
\x06\x9f\xd9\x76\xb9\xcd\x41\x4a\x47\x07\x00\x11\xe1\x3b\x3b\xf8\
\xd8\x4a\x07\x37\x03\x3b\x43\x69\xca\x4b\xe5\x3f\x4c\x46\x9e\xf2\
\x07\x3e\xb9\xfd\x72\x3b\x0f\x29\x25\x1d\x00\x44\x04\x80\x79\x3b\
\xf9\xcb\x5e\x30\x6e\x32\xf8\xb7\xfe\x6b\x09\x97\x97\xca\x7f\x98\
\x8c\x1c\xaf\xad\xcf\x8c\x8f\x6e\xf7\xa8\x5d\x82\x94\x96\xbe\x09\
\x50\x44\x00\x38\xe4\x7e\x7b\x8a\x55\xec\xe1\xb0\x14\x92\x2e\x2f\
\x95\xff\x30\x19\x79\xca\x3f\x73\x3e\xa4\xf2\x2f\x3f\x1d\x00\x44\
\xe4\x25\x47\xff\xdc\x9e\x7d\xde\x79\xaf\x55\xb9\xbd\xff\x5a\x62\
\xe5\xa5\xf2\x1f\x26\x23\xc7\x6b\xeb\x35\xe7\x98\x6d\xff\x6c\x97\
\x22\xa5\xa7\x8f\x00\x44\xa4\xc6\xbc\x7f\xf3\x0d\x57\xad\x62\xa1\
\xc1\x9e\x90\x4c\x79\xa9\xfc\x87\xc9\xc8\xf1\xda\x56\x65\xce\x61\
\xdb\xfe\xd9\x16\x20\x6d\x41\x07\x00\x11\x59\xa7\x79\xdb\xf8\xa8\
\xd5\xa3\x99\x67\xce\xfb\xfa\xaf\x45\x5c\x5e\x2a\xff\x61\x32\x72\
\xbc\xb6\x95\xc0\x21\xdb\x2f\xb7\xeb\x90\xb6\xa1\x03\x80\x88\x0c\
\x69\xde\x36\x3e\xaa\x6f\x03\xae\x74\x38\x28\xe2\xf2\x52\xf9\x0f\
\x93\x91\xe3\xb5\x3d\x97\xc1\x01\xdb\x2e\xb7\xdb\x90\xb6\xa2\xef\
\x01\x10\x91\x21\x1d\xf2\x80\xad\xaa\x6c\xc9\x21\x06\x97\x01\x31\
\x96\x97\xca\x7f\x98\x8c\x3c\xe5\x8f\xb1\xbf\xca\xbf\x3d\xe9\x0e\
\x80\x88\x8c\x68\xde\x34\xaf\xf4\x2e\xe3\xe2\x0c\x8e\xee\xbf\x16\
\x41\x79\xa9\xfc\x87\xc9\xc8\xf1\xda\x9e\xad\x18\xfb\xbd\xe5\x51\
\x5b\x8a\xb4\x25\x1d\x00\x44\x24\x97\x79\xd3\xbc\x52\xfd\x2d\xdf\
\xc2\xf8\x50\x04\xe5\xa5\xf2\x1f\x26\x23\xc7\x6b\x7b\x0a\xe3\x3d\
\xdb\x3f\x6a\x3f\x44\xda\x96\x0e\x00\x22\x92\x9b\xe3\x76\xf5\x5b\
\x99\x63\xce\x27\x55\xfe\xb5\x19\x89\x94\xff\x3f\x3c\x63\xaf\x1d\
\x1e\xb1\x1f\x21\x6d\x4d\x07\x00\x11\x29\xc4\x71\x9b\xbf\x03\xe7\
\x00\x27\x82\xca\x3f\xb1\xf2\xff\x5b\xc5\xd8\xe3\x2d\x8f\xda\xcf\
\x90\xb6\xa7\x6f\x02\x14\x91\x42\x0c\xf3\x43\x7e\x6a\x9f\x31\x38\
\x4d\xe5\x9f\x2f\x77\xe0\xe3\xb5\xb0\xfc\xff\x6a\x19\x53\x54\xfe\
\xd2\x4f\x77\x00\x44\x64\xbd\x7d\x6f\x7b\x3f\xc5\xe1\x3f\x54\xfe\
\xf9\x32\x5a\x58\xfe\x8f\x79\x95\xa9\x3b\x3c\x66\x0f\x20\xb2\x86\
\x0e\x00\x22\x52\x97\xf9\xdb\xfb\xc9\x06\xa7\x83\xca\x7f\xb8\x8c\
\x16\x96\xff\x9f\x3a\x32\x26\x6f\xf3\x88\x2d\x43\x64\x00\x1d\x00\
\x44\xa4\x6e\xdf\xdf\xc1\xbf\x48\x95\x33\x20\x8e\x62\x56\xf9\xbf\
\x94\xf1\x87\xac\xc2\x94\x6d\xff\x64\xbf\x43\x64\x2d\x3a\x00\x88\
\x48\x43\x7c\x7f\x7b\xff\x9c\x39\x67\xf6\xff\x5e\xe5\x9f\x2f\x77\
\xe0\xe3\x35\xf8\xb5\xfd\x9e\x3e\x26\x6f\xff\x17\x7b\x18\x91\x75\
\xd0\x01\x40\x44\x1a\xe6\x9a\xed\xfd\x58\x9c\xf3\xcc\xff\xb9\xb7\
\xa8\xfc\xf3\x65\x34\xf8\xb5\x3d\xe4\x19\x53\x76\x78\xc4\x1e\x45\
\x64\x08\x3a\x00\x88\x48\x43\x5d\xb3\xad\x7f\xcc\xe0\x02\x20\x53\
\xf9\xe7\xcb\x68\xf0\x6b\x7b\xb0\xaf\xc2\x94\x1d\xff\x64\xcb\x11\
\x19\x86\x0e\x00\x22\xd2\x70\x0b\xb7\xf5\xc3\x81\xef\x02\x15\x95\
\xff\xf0\x19\x0d\x7e\x6d\x3f\xed\xab\xb2\xe7\x8e\x8f\xd9\xdf\x10\
\x19\x81\x0e\x00\x22\xd2\x14\xd7\x6e\xe7\x87\x79\x95\x4b\x0d\x3a\
\x40\xe5\x1f\xa0\xfc\x7f\x32\xca\xd8\xe3\x4d\x8f\xda\x13\x88\xe4\
\xa0\x03\x80\x88\x34\xcd\xb5\xdb\xfa\x34\x9c\xcb\x0d\x3a\x01\x95\
\x3f\x4d\x2b\xff\xfb\x3b\x32\xf6\xdc\xe6\x11\x7b\x12\x91\x9c\x74\
\x00\x10\x91\xa6\xba\xee\x2d\xfe\x5e\xe0\x7b\x38\x1b\xa8\xfc\xf3\
\xe5\x16\x7c\x6d\xf7\x6e\xf4\x02\xfb\xbc\xfe\x49\x7b\x1a\x91\x02\
\xf4\xa3\x80\x45\xa4\xa9\xf6\xff\xa5\x5d\x4f\x95\x03\x0d\x5e\xe8\
\xbf\xa6\xf2\xcf\x97\x91\xe3\xb5\xdd\xbd\xc1\x2a\xf6\x56\xf9\xcb\
\xfa\xd0\x01\x40\x44\x9a\x6e\xff\x5f\xd9\x4d\x06\x07\x00\xcf\xab\
\xfc\xf3\x65\x8c\x98\xeb\xdc\xd1\xb1\x9a\x7d\xde\xf8\xb8\x3d\x83\
\xc8\x7a\xd0\x01\x40\x44\x82\x78\xef\x03\x76\x4b\x56\xe5\x3d\x38\
\x2b\x40\xe5\x3f\x5c\x46\x8e\xd7\x76\xf3\x8a\x0a\xfb\x6c\xf3\x37\
\x5b\x81\xc8\x7a\xd2\xf7\x00\x88\x48\x50\x8b\xb6\xf1\x77\x67\xce\
\x0d\xc0\xa6\x2a\xff\xda\x8c\x1c\xb9\x37\x6c\x32\x8a\x83\x5f\xfb\
\x7b\x7b\x01\x91\x3a\xe8\x0e\x80\x88\x04\xb5\xdf\x03\x76\x0f\x19\
\x53\x0c\x9e\x54\xf9\x53\xec\xb5\x39\xdf\x5b\xf5\x72\x0e\x54\xf9\
\x4b\x23\xe8\x0e\x80\x88\xb4\xc4\xcd\x6f\xf2\x1d\xab\x70\xab\x41\
\x57\xff\x35\x95\xff\xb0\x19\x57\x3f\xb9\x9c\x23\x27\x61\xbd\x88\
\x34\x80\xee\x00\x88\x48\x4b\xbc\xe7\xd7\xf6\x63\xcf\x98\x0a\x3c\
\x0e\x2a\xff\xe1\x72\x81\x2b\x54\xfe\xd2\x68\xba\x03\x20\x22\x2d\
\x75\xc3\x1b\x7d\xdb\x0a\xdc\x0c\x6c\x01\x2a\xff\x9a\x0c\xe7\x82\
\xed\xfe\xcc\x09\x86\x55\x11\x69\x20\xdd\x01\x10\x91\x96\xda\xf7\
\x41\xfb\x45\xe6\xbc\x1d\xe7\xa7\x2a\xff\x41\x19\x0e\x9c\xb2\xfd\
\x9f\xed\x38\x95\xbf\x34\x83\xee\x00\x88\x48\x14\x96\x6e\xe3\x63\
\x56\x55\x99\x47\x95\xbd\x55\xfe\xac\x34\xf8\xf0\x76\xcb\xed\x0a\
\x44\x9a\x44\x07\x00\x11\x89\xc6\x7d\x3b\x79\xe7\x93\x2b\xb8\x10\
\xf8\x50\x1b\x97\xff\xe3\x55\x38\xe0\xad\xcb\xed\x5e\x44\x9a\x48\
\x07\x00\x11\x89\xce\x6d\x6f\xf0\xa3\x31\xce\xc5\x19\xd3\x66\xe5\
\xbf\x14\xe3\xe8\xed\x1f\xb5\x47\x10\x69\x32\x1d\x00\x44\x24\x4a\
\x37\xbd\xd1\x5f\x33\xaa\xca\x65\x0e\xef\x82\xd2\x97\x7f\x2f\xce\
\xa9\xdb\x2d\x67\xba\x3e\xef\x97\x50\x74\x00\x10\x91\x68\xdd\xb7\
\x93\x77\xfe\x7d\x05\xff\x99\x39\x27\xe3\x74\x40\x29\xcb\xff\xd7\
\x38\x47\x6e\xbf\xdc\x7e\x8c\x48\x40\x3a\x00\x88\x48\xf4\x96\x6c\
\xed\x5b\x57\xab\x9c\x95\xc1\xbe\x50\x9a\xf2\xff\x47\x66\x9c\xbe\
\xe1\x68\x66\xbd\x7e\x99\xad\x44\x24\x30\x1d\x00\x44\x24\x19\x4b\
\xdf\xe0\x53\x71\x66\xe1\x6c\x03\xc9\x96\x7f\x15\xb8\xdc\x7a\xf9\
\xfc\xf6\x7f\xb1\xbf\x22\xd2\x22\x3a\x00\x88\x48\x52\xee\xdb\xc9\
\x3b\x9f\x79\x9a\x0f\x9b\xf3\x39\xe0\xf5\x90\x4c\xf9\xaf\xc6\x99\
\x47\x07\x5f\xdb\xe1\x8f\xf6\xc0\x30\x2f\x51\x24\x08\x1d\x00\x44\
\x24\x49\x8e\x67\x77\x6e\xc5\xbe\x99\xf3\x69\x87\xa9\x10\x6d\xf9\
\x3f\x63\xce\x77\x7a\xe1\xac\xb7\x2d\xb7\x3f\xe6\x79\x6d\x22\x21\
\xe8\x00\x20\x22\xc9\xbb\xfb\xf5\xbe\xb3\x3b\xc7\xe0\xbc\xdf\x9c\
\xcd\xfa\xaf\xb7\xb0\xfc\xab\x0e\xf7\x5a\x95\xab\x57\xbe\xc0\xa5\
\xef\x78\xd2\x9e\x5e\x8f\x97\x25\xd2\x54\x3a\x00\x88\x48\x69\xcc\
\xc3\x2b\x2f\x7f\x1d\x93\xcc\x38\x14\xe7\x00\xa0\x3b\x60\xf9\x57\
\x81\x1f\x99\x73\x75\x06\xdf\xd3\xdf\xe5\x97\xd8\xe9\x00\x20\x22\
\xa5\x75\xf7\xab\xfc\x75\x95\x0a\xef\x5e\xf3\xb3\x04\xf6\x34\x78\
\x4d\x03\xcb\xbf\x17\xf8\x99\x39\xf7\x9a\x73\xcf\x2a\x58\xb2\xf3\
\xa3\xf6\x44\x13\x5e\x86\x48\x53\xe8\x00\x20\x22\x6d\xe3\x87\xaf\
\xf5\x89\x18\xaf\xf7\x2a\x5b\xe2\x6c\x65\xc6\x56\x38\xdd\xc0\x58\
\x83\x8d\x78\xf1\x7f\x2f\x33\x67\x15\xf0\xac\xc1\xdf\x1d\x9e\x33\
\x78\xc6\x9c\xdf\x3b\x2c\x03\x7e\x57\x31\x96\x6d\x32\x8a\xdf\xe9\
\xaf\xef\x89\x88\x88\x88\x88\x88\x88\x88\x88\x88\x88\x88\x88\x88\
\x88\x88\x88\x88\x88\x88\x88\x88\x88\x88\x88\x88\x88\x88\x88\x88\
\x88\x88\x88\x88\x88\x88\x88\x88\x88\x88\x88\x88\x88\x88\x88\x88\
\x88\x88\x88\x88\x88\x88\x88\x88\x88\x88\x88\x88\x88\x88\x88\x88\
\x88\x88\x94\xcb\xff\x0f\x24\x53\x84\xae\x79\x3b\x18\x4e\x00\x00\
\x00\x00\x49\x45\x4e\x44\xae\x42\x60\x82\
\x00\x00\x1a\xf2\
\x89\
\x50\x4e\x47\x0d\x0a\x1a\x0a\x00\x00\x00\x0d\x49\x48\x44\x52\x00\
\x00\x02\x00\x00\x00\x02\x00\x08\x06\x00\x00\x00\xf4\x78\xd4\xfa\
\x00\x00\x00\x09\x70\x48\x59\x73\x00\x00\x0e\xc3\x00\x00\x0e\xc3\
\x01\xc7\x6f\xa8\x64\x00\x00\x00\x19\x74\x45\x58\x74\x53\x6f\x66\
\x74\x77\x61\x72\x65\x00\x77\x77\x77\x2e\x69\x6e\x6b\x73\x63\x61\
\x70\x65\x2e\x6f\x72\x67\x9b\xee\x3c\x1a\x00\x00\x1a\x7f\x49\x44\
\x41\x54\x78\x9c\xed\xdd\x5f\x70\xdd\x67\x9d\xdf\xf1\xef\xf3\x93\
\x14\xff\x89\xe3\xb8\x69\x0c\x0e\xf1\xee\x24\xb4\xc9\x2c\x04\x12\
\x42\x88\x64\x25\xd0\x75\xd2\x99\x0e\x83\xb7\x74\x97\x0e\x2d\x57\
\xb4\xb4\xb3\xd3\x99\xde\x50\xfe\x38\xb6\xd3\x4e\xea\x29\x74\xc8\
\x1f\x66\xcb\x5d\x3b\x3b\x9d\xfe\xb9\x28\xec\x36\x5b\x3a\x40\xfe\
\x32\x24\x31\x0b\x91\x64\x87\x96\x00\x93\xee\x05\x2c\x49\x97\x00\
\x0e\xa6\x6d\x08\x89\x51\x6c\xe9\xf7\xf4\xc2\x4a\x49\xd2\x44\x96\
\xa5\x73\xce\xf3\xfb\x9d\xe7\xf5\xba\xcd\xf8\x3c\x9f\x51\x64\x3d\
\x6f\x1f\x1d\x1d\x45\x00\x00\x00\x00\x00\x00\x00\x00\x00\x00\x00\
\x00\x00\x00\x00\x00\x00\x00\x00\x00\x00\x00\x00\x00\x00\x00\x00\
\x00\x00\x00\x00\x00\xaf\x96\x4a\x0f\x60\x8d\x2e\x9a\xd9\x1e\x53\
\xcd\xbe\xa6\x49\x37\xe7\x9c\xaf\x89\x88\xcb\x22\x62\x47\x44\x4c\
\x95\x1d\x46\xe5\x4e\x47\xc4\xb3\x11\xf1\x54\xca\xf9\xf1\x36\x9a\
\x87\x63\x39\xdd\x1b\x3f\x7f\xf4\x97\xa5\x87\x01\xab\x13\x00\x5d\
\x77\xe9\xf4\x95\xcd\xf2\xc4\x81\x1c\xf1\xa1\x88\xd8\x5a\x7a\x0e\
\xac\xc1\xc9\x94\xe2\x0b\xed\x52\x7b\x47\x9c\x38\xfa\xfd\xd2\x63\
\x80\xd7\x26\x00\xba\x6a\xf7\xec\x96\x66\x29\x7f\x2a\x47\xfa\x68\
\x44\x4c\x96\x9e\x03\xeb\x70\x3a\x45\x7c\xae\xdd\xbc\xe9\xb6\x78\
\xea\xc8\x62\xe9\x31\xc0\x2b\x09\x80\x2e\xda\x39\x73\x45\x9a\x68\
\xbe\x18\x11\x6f\x2b\x3d\x05\x36\x2e\x2f\xe4\xa5\xa9\x0f\xc4\xcf\
\xbf\xf1\xd3\xd2\x4b\x80\x5f\x13\x00\x5d\xf3\xa6\xd9\x6b\x53\x1b\
\x0f\x46\xc4\xce\xd2\x53\x60\x80\x9e\xce\x6d\xbb\x2f\x7e\x76\xf4\
\xbb\xa5\x87\x00\x67\x08\x80\x2e\x39\xf3\x2f\xff\x47\xc3\xe5\xcf\
\x78\x7a\x3a\x2f\x2f\x5d\x1f\x27\x1e\x3b\x5e\x7a\x08\x10\xd1\x94\
\x1e\xc0\x8a\xcb\xf6\x6e\x4e\x93\xe9\xee\x70\xf9\x33\xbe\x76\xa7\
\x89\xa9\x7b\x62\xf7\xec\x96\xd2\x43\x00\x01\xd0\x19\xcd\xe2\xe2\
\xa7\x23\xa7\x6b\x4a\xef\x80\xe1\xca\xd7\x35\x4b\x71\xb0\xf4\x0a\
\xc0\xb7\x00\xba\xe1\xd2\xe9\x2b\xd3\xf2\xc4\x13\xe1\xd5\xfe\xd4\
\xe1\xf9\xbc\xbc\x74\x85\x6f\x05\x40\x59\x9e\x01\xe8\x80\x66\x79\
\xe2\x40\xb8\xfc\xa9\xc7\xb6\x66\x62\xea\xb6\xd2\x23\x22\x22\x0e\
\xcd\xce\xfd\x56\xe9\x0d\x50\x8a\x00\x28\xed\xa2\x99\xed\x2b\x6f\
\xf2\x03\xd5\xc8\x91\x3f\x1c\x17\xdf\x78\x41\xe9\x1d\x6d\x6e\x8e\
\x1c\xb8\xfe\xd8\x55\xa5\x77\x40\x09\x02\xa0\xb4\xa9\x66\x5f\x78\
\x87\x3f\xea\x73\x7e\x4c\x2c\xbf\xaf\xf4\x88\x88\x78\x63\x4c\xb4\
\x0f\x89\x00\x6a\x24\x00\x0a\x6b\x9a\x74\x73\xe9\x0d\x50\x42\x13\
\x9d\xf9\xdc\x17\x01\x54\x49\x00\x14\xb6\xf2\x8b\x7d\xa0\x3a\x39\
\xe5\xab\x4b\x6f\x78\x19\x11\x40\x75\x04\x40\x71\xe9\xf2\xd2\x0b\
\xa0\x8c\xf4\xe6\xd2\x0b\x5e\x45\x04\x50\x15\x01\x50\x5c\xde\x5e\
\x7a\x01\x14\x72\x61\xe9\x01\xaf\x41\x04\x50\x0d\x01\x50\xde\x79\
\xa5\x07\x00\xaf\x20\x02\xa8\x82\x00\x00\x4a\xf9\x45\xe9\x01\xab\
\x10\x01\x8c\x3d\x01\x00\x14\x92\x7f\x58\x7a\xc1\x59\x88\x00\xc6\
\x9a\x00\x00\x8a\x48\x39\x7d\xa7\xf4\x86\x35\x10\x01\x8c\x2d\x01\
\x00\x14\xd1\xa6\x78\xa8\xf4\x86\x35\x12\x01\x8c\x25\x01\x00\x94\
\xf0\x42\x2c\x6f\xba\xbf\xf4\x88\x73\x20\x02\x18\x3b\x02\x00\x18\
\xb9\x94\xf3\xe7\xe3\xc4\x91\xe7\x4b\xef\x38\x47\x22\x80\xb1\x22\
\x00\x80\x51\x3b\xd5\xc6\xe4\xed\xa5\x47\xac\x93\x08\x60\x6c\x08\
\x00\x60\xa4\x52\x8a\x3f\x88\x67\xbe\xd9\xf5\x9f\x00\x58\x8d\x08\
\x60\x2c\x08\x00\x60\x94\xe6\xdb\xf3\x77\x1c\x2e\x3d\x62\x00\x44\
\x00\xbd\x27\x00\x80\x51\xf9\x49\x9e\x8c\x0f\xc6\x0f\xee\x7f\xb1\
\xf4\x90\x01\x11\x01\xf4\x9a\x00\x00\x46\x20\xfd\x28\xe7\x78\x6f\
\x3c\x3d\xff\xe3\xd2\x4b\x06\x4c\x04\xd0\x5b\x02\x00\x18\xb6\xf9\
\xbc\x7c\x7a\x3a\x9e\x99\xff\x5e\xe9\x21\x43\x22\x02\xe8\x25\x01\
\x00\x0c\xcb\xa9\x94\xe2\x33\x79\xdb\x8e\x9b\xe2\xc4\x63\xc7\x4b\
\x8f\x19\x32\x11\x40\xef\x08\x00\x60\xd0\x5e\x48\x39\xfe\x30\xe7\
\x89\xb7\xb4\x3f\x9d\xbf\x75\x8c\xbe\xe7\x7f\x36\x22\x80\x5e\x11\
\x00\xc0\x46\x9c\x8a\x88\x9f\x45\xc4\xd1\x14\xf1\x6f\x72\xe4\xbf\
\x9b\x97\x37\xed\x6a\x9f\x99\xff\x47\x3d\xff\x51\xbf\xf5\x12\x01\
\xf4\xc6\x64\xe9\x01\x94\x95\x8f\xcf\xa7\xd2\x1b\x18\x0f\xb9\xf4\
\x80\xee\x78\x29\x02\xfe\xfa\x1d\x8f\x4d\x3f\x51\x7a\x0c\xbc\x1e\
\xcf\x00\x00\x0c\x9e\x67\x02\xe8\x3c\x01\x00\x30\x1c\x22\x80\x4e\
\x13\x00\x00\xc3\x23\x02\xe8\x2c\x01\x00\x30\x5c\x22\x80\x4e\x12\
\x00\x00\xc3\x27\x02\xe8\x1c\x01\x00\x30\x1a\x22\x80\x4e\x11\x00\
\x00\xa3\x23\x02\xe8\x0c\x01\x00\x30\x5a\x22\x80\x4e\x10\x00\x00\
\xa3\x27\x02\x28\x4e\x00\x00\x94\x21\x02\x28\x4a\x00\x00\x94\x23\
\x02\x28\x46\x00\x00\x94\x25\x02\x28\x42\x00\x00\x94\x27\x02\x18\
\x39\x01\x00\xd0\x0d\x22\x80\x91\x12\x00\x00\xdd\x21\x02\x18\x19\
\x01\x00\xd0\x2d\x22\x80\x91\x10\x00\x00\xdd\x23\x02\x18\x3a\x01\
\x00\xd0\x4d\x22\x80\xa1\x12\x00\x00\xdd\x25\x02\x18\x1a\x01\x00\
\xd0\x6d\x22\x80\xa1\x10\x00\x00\xdd\x27\x02\x18\x38\x01\x00\xd0\
\x0f\x22\x80\x81\x12\x00\x00\xfd\x21\x02\x18\x18\x01\x00\xd0\x2f\
\x22\x80\x81\x10\x00\x00\xfd\x23\x02\xd8\x30\x01\x00\xd0\x4f\x22\
\x80\x0d\x11\x00\x00\xfd\x25\x02\x58\x37\x01\x00\xd0\x6f\x22\x80\
\x75\x11\x00\x00\xfd\x27\x02\x38\x67\x02\x00\x60\x3c\x88\x00\xce\
\x89\x00\x00\x18\x1f\x22\x80\x35\x13\x00\x00\xe3\x45\x04\xb0\x26\
\x02\x00\x60\xfc\x88\x00\xce\x4a\x00\x00\x8c\x27\x11\xc0\xaa\x04\
\x00\xc0\xf8\x12\x01\xbc\x2e\x01\x00\x30\xde\x44\x00\xaf\x49\x00\
\x00\x8c\x3f\x11\xc0\xff\x47\x00\x00\xd4\x41\x04\xf0\x0a\x02\x00\
\xa0\x1e\x22\x80\xff\x47\x00\x00\xd4\x45\x04\x10\x11\x02\x00\xa0\
\x46\x22\x00\x01\x00\x50\x29\x11\x50\x39\x01\x00\x50\x2f\x11\x50\
\x31\x01\x00\x50\x37\x11\x50\x29\x01\x00\x80\x08\xa8\x90\x00\x00\
\x20\x42\x04\x54\x47\x00\x00\xf0\x12\x11\x50\x11\x01\x00\xc0\xcb\
\x89\x80\x4a\x08\x00\x00\x5e\x4d\x04\x54\x40\x00\x00\xf0\x5a\x44\
\xc0\x98\x13\x00\x00\xbc\x1e\x11\x30\xc6\x04\x00\x00\xab\x11\x01\
\x63\x4a\x00\x00\x70\x36\x22\x60\x0c\x09\x00\x00\xd6\x42\x04\x8c\
\x19\x01\x00\xc0\x5a\x89\x80\x31\x22\x00\x00\x38\x17\x22\x60\x4c\
\x08\x00\x00\xce\x95\x08\x18\x03\x02\x00\x80\xf5\x10\x01\x3d\x27\
\x00\x00\x58\x2f\x11\xd0\x63\x02\x00\x80\x8d\x10\x01\x3d\x25\x00\
\x00\xd8\x28\x11\xd0\x43\x02\x00\x80\x41\x10\x01\x3d\x23\x00\x00\
\x18\x14\x11\xd0\x23\xa9\xf4\x80\xda\xa5\x5d\xb3\xb9\xe4\xf9\xf9\
\xf8\xbc\xcf\x01\x80\x0a\x79\x06\x00\x00\x2a\x24\x00\x00\xa0\x42\
\x02\x00\x00\x2a\x24\x00\x00\xa0\x42\x02\x00\x00\x2a\x24\x00\x00\
\xa0\x42\x02\x00\x00\x2a\x24\x00\x00\xa0\x42\x02\x00\x00\x2a\x24\
\x00\x00\xa0\x42\x02\x00\x00\x2a\x24\x00\x00\xa0\x42\x02\x00\x00\
\x2a\x24\x00\x00\xa0\x42\x02\x00\x00\x2a\x24\x00\x00\xa0\x42\x02\
\x00\x00\x2a\x24\x00\x00\xa0\x42\x02\x00\x00\x2a\x24\x00\x00\xa0\
\x42\x02\x00\x00\x2a\x24\x00\x00\xa0\x42\x02\x00\x00\x2a\x24\x00\
\x00\xa0\x42\x02\x00\x00\x2a\x24\x00\x00\xa0\x42\x02\x00\x00\x2a\
\x24\x00\x00\xa0\x42\x02\x00\x00\x2a\x24\x00\x00\xa0\x42\x02\x00\
\x00\x2a\x34\x59\x7a\x00\x00\x1d\x77\xd1\xcc\xf6\x98\x6a\xf6\x35\
\x4d\xba\x39\xe7\x7c\x4d\x44\x5c\x16\x11\x3b\x56\xfe\xeb\xb3\x11\
\xf1\x54\xca\xf9\xf1\x36\x9a\x87\x63\x39\xdd\x1b\x3f\x7f\xf4\x97\
\xc5\xb6\xb2\x66\xa9\xf4\x80\xda\xa5\x5d\xb3\xb9\xe4\xf9\xf9\xf8\
\xbc\xcf\x01\xe0\xb5\x5d\x3a\x7d\x65\xb3\x3c\x71\x20\x47\x7c\x28\
\x22\xb6\xae\xf1\x4f\x9d\x4c\x29\xbe\xd0\x2e\xb5\x77\xc4\x89\xa3\
\xdf\x1f\xe6\x3c\x36\xc6\x17\xff\xc2\x04\x00\xd0\x39\xbb\x67\xb7\
\x34\x4b\xf9\x53\x39\xd2\x47\x63\xfd\xcf\x14\x9f\x4e\x11\x9f\x6b\
\x37\x6f\xba\x2d\x9e\x3a\xb2\x38\xc8\x79\x0c\x86\xd7\x00\x00\xf0\
\x6b\x3b\x67\xae\x48\x4b\x71\x2c\x47\xfa\x44\x6c\xec\xdb\xc4\x53\
\x39\x62\x7f\x5a\x5c\x7c\x24\x2e\x7e\xcf\x25\x83\x9a\xc7\xe0\x08\
\x00\x00\xce\x78\xd3\xec\xb5\x69\xa2\x79\x34\x22\xde\x36\xb8\x07\
\x4d\x7b\xd2\xe4\xd2\xb1\x78\xc3\xcc\xd5\x83\x7b\x4c\x06\x41\x00\
\x00\x70\xe6\x5f\xfe\x6d\x3c\x18\x11\x3b\x87\xf0\xe8\xbb\x53\xd3\
\xdc\x1b\x3b\xaf\xdf\x35\x84\xc7\x66\x9d\x04\x00\x40\xed\x2e\xdb\
\xbb\x39\x4d\xa6\xbb\x63\x38\x97\xff\x4b\x76\xa7\x89\xa9\x7b\x62\
\xf7\xec\x96\x21\x9e\xc1\x39\x10\x00\x00\x95\x6b\x16\x17\x3f\x1d\
\x39\x5d\x33\xfc\x93\xf2\x75\xcd\x52\x1c\x1c\xfe\x39\xac\x85\x00\
\x00\xa8\xd9\xa5\xd3\x57\xae\xbc\xda\x7f\x24\x72\xc4\xc7\x7d\x2b\
\xa0\x1b\x04\x00\x40\xc5\x9a\xe5\x89\x03\x31\xda\x37\x85\xdb\xd6\
\x4c\x4c\xdd\x36\xc2\xf3\x78\x1d\x02\x00\xa0\x56\x17\xcd\x6c\x5f\
\x79\x93\x9f\x91\xca\x91\x3f\x1c\x17\xdf\x78\xc1\xa8\xcf\xe5\x95\
\x04\x00\x40\xad\xa6\x9a\x7d\xb1\xf6\x77\xf8\x1b\xa4\xf3\x63\x62\
\xf9\x7d\x05\xce\xe5\x65\x04\x00\x40\xa5\x9a\x26\xdd\x5c\xec\xec\
\x28\x77\x36\x67\x08\x00\x80\x4a\xad\xfc\x62\x9f\x32\x67\xa7\xec\
\x8d\x81\x0a\x13\x00\x00\xd5\x4a\x97\x17\x3c\xfb\xcd\xe5\xce\x26\
\x42\x00\x00\x54\x2c\x6f\x2f\x78\xf8\x85\x05\xcf\x26\x04\x00\x40\
\xcd\xce\x2b\x78\xf6\xa6\x82\x67\x13\x02\x00\x00\xaa\x24\x00\x00\
\xa0\x42\x02\x00\x00\x2a\x24\x00\x00\xa0\x42\x02\x00\x00\x2a\x24\
\x00\x00\xa0\x42\x02\x00\x00\x2a\x24\x00\x00\xa0\x42\x02\x00\x00\
\x2a\x24\x00\x00\xa0\x42\x02\x00\x00\x2a\x24\x00\x00\xa0\x42\x02\
\x00\x00\x2a\x24\x00\x00\xa0\x42\x02\x00\x00\x2a\x24\x00\x00\xa0\
\x42\x02\x00\x00\x2a\x24\x00\x00\xa0\x42\x02\x00\x00\x2a\x24\x00\
\x00\xa0\x42\x02\x00\x00\x2a\x24\x00\x00\xa0\x42\x02\x00\x00\x2a\
\x34\x59\x7a\x00\x30\x7c\x87\x67\x16\xb6\x2f\x36\x69\x5f\x9b\xe3\
\xe6\x14\xed\x35\x11\xcd\x65\x11\x79\xc7\x99\xff\x9a\x9e\x8d\x68\
\x9f\x8a\x48\x8f\x47\x8e\x87\xf3\xe4\xd2\xbd\x77\x3e\xfa\xee\x5f\
\x96\xdc\x0b\x0c\x5f\x2a\x3d\xa0\x76\x69\xd7\x6c\x2e\x79\x7e\x3e\
\x3e\xef\x73\x60\x8c\x1d\x9a\x3e\x7a\x65\x9b\xf2\x81\x48\xf1\xa1\
\x88\xd8\xba\xc6\x3f\x76\x32\x22\x7f\xa1\xcd\xe9\x8e\xbb\x8e\xee\
\xf9\xfe\x30\xf7\x51\x96\xaf\x3f\x75\xf3\xc1\x2f\xcc\x5f\x40\x86\
\xe1\x63\xb3\x73\x5b\xa6\x72\xf3\xa9\x14\xf1\xd1\x58\xff\x33\x7d\
\xa7\x73\x8e\xcf\x6d\xdd\xf2\xab\xdb\x0e\x1f\xb9\x69\x71\x90\xfb\
\xe8\x06\x5f\x7f\xea\xe6\x35\x00\x30\x66\xf6\xcf\x2c\x5c\x31\x95\
\xd3\xb1\x14\xf1\x89\xd8\xd8\xb7\xf9\xa6\x52\x8a\xfd\xbf\x5a\xdc\
\xf2\xc8\xad\xd7\x7d\xeb\x92\x41\xed\x03\xba\x41\x00\xc0\x18\x39\
\x38\x3b\x77\x6d\x93\xd2\xa3\x29\xd2\xdb\x06\xf8\xb0\x7b\x96\xa7\
\x96\x8e\x7d\x72\x66\xe1\xea\x01\x3e\x26\x50\x98\x00\x80\x31\xb1\
\x7f\x66\xe1\x8a\x9c\x27\x1e\x8c\xc8\x3b\x87\xf0\xf0\xbb\x27\x52\
\xdc\xbb\xff\xfa\x63\xbb\x86\xf0\xd8\x40\x01\x02\x00\xc6\xc0\xe1\
\xbd\x8f\x6c\x6e\x52\xdc\x3d\xa4\xcb\xff\x25\xbb\x9b\x89\xf6\x9e\
\x8f\xcd\xce\x6d\x19\xe2\x19\xc0\x88\x08\x00\x18\x03\x27\x17\xb7\
\x7c\x3a\x22\xae\x19\xc1\x51\xd7\x9d\xd7\x36\x07\x47\x70\x0e\x30\
\x64\x02\x00\x7a\xee\xd0\xf4\xd1\x2b\x57\x5e\xed\x3f\x1a\x29\x3e\
\xee\x5b\x01\xd0\x7f\x02\x00\x7a\xae\x4d\xf9\x40\x8c\xf6\x4d\xbd\
\xb6\x35\x13\xf9\xb6\x11\x9e\x07\x0c\x81\x00\x80\x1e\x3b\x3c\xb3\
\xb0\x7d\xe5\x4d\x7e\x46\x2c\x7f\xf8\x96\x1b\xbf\x79\xc1\xe8\xcf\
\x05\x06\x45\x00\x40\x8f\x2d\x36\x69\x5f\xac\xfd\x1d\xfe\x06\xe9\
\xfc\x66\x79\xe2\x7d\x05\xce\x05\x06\x44\x00\x40\x8f\xb5\x39\x6e\
\x2e\x76\x76\x4a\xc5\xce\x06\x36\x4e\x00\x40\x8f\x9d\xf9\xc5\x3e\
\x85\xce\xce\xe1\x8d\x81\xa0\xc7\x04\x00\xf4\x5a\xba\xbc\xe0\xe1\
\x6f\x2e\x78\x36\xb0\x41\x02\x00\xfa\x6d\x7b\xb9\xa3\xd3\x85\xe5\
\xce\x06\x36\x4a\x00\x40\xbf\x9d\x57\xee\xe8\xbc\xa9\xdc\xd9\xc0\
\x46\x09\x00\x00\xa8\x90\x00\x00\x80\x0a\x09\x00\x00\xa8\x90\x00\
\x00\x80\x0a\x09\x00\x00\xa8\x90\x00\x00\x80\x0a\x09\x00\x00\xa8\
\x90\x00\x00\x80\x0a\x09\x00\x00\xa8\x90\x00\x00\x80\x0a\x09\x00\
\x00\xa8\x90\x00\x00\x80\x0a\x09\x00\x00\xa8\x90\x00\x00\x80\x0a\
\x09\x00\x00\xa8\x90\x00\x00\x80\x0a\x09\x00\x00\xa8\x90\x00\x00\
\x80\x0a\x09\x00\x00\xa8\x90\x00\x00\x80\x0a\x09\x00\x00\xa8\x90\
\x00\x00\x80\x0a\x09\x00\x00\xa8\x90\x00\x00\x80\x0a\x09\x00\x00\
\xa8\x90\x00\x00\x80\x0a\x09\x00\x00\xa8\x90\x00\x00\x80\x0a\x09\
\x00\x00\xa8\x90\x00\x00\x80\x0a\x09\x00\x00\xa8\x90\x00\x00\x80\
\x0a\x09\x00\x00\xa8\x90\x00\x00\x80\x0a\x09\x00\x00\xa8\x90\x00\
\x00\x80\x0a\x09\x00\x00\xa8\x90\x00\x00\x80\x0a\x09\x00\x00\xa8\
\x90\x00\x00\x80\x0a\x09\x00\x00\xa8\x90\x00\x00\x80\x0a\x09\x00\
\x00\xa8\x90\x00\x00\x80\x0a\x09\x00\x00\xa8\x90\x00\x00\x80\x0a\
\x09\x00\x00\xa8\x90\x00\x00\x80\x0a\x09\x00\x00\xa8\x90\x00\x00\
\x80\x0a\x09\x00\x00\xa8\x90\x00\x00\x80\x0a\x09\x00\x00\xa8\x90\
\x00\x00\x80\x0a\x09\x00\x00\xa8\x90\x00\x00\x80\x0a\x09\x00\x00\
\xa8\x90\x00\x00\x80\x0a\x09\x00\x00\xa8\x90\x00\x00\x80\x0a\x09\
\x00\x00\xa8\x90\x00\x00\x80\x0a\x09\x00\x00\xa8\x90\x00\x00\x80\
\x0a\x09\x00\x00\xa8\x90\x00\x00\x80\x0a\x09\x00\x00\xa8\x90\x00\
\x00\x80\x0a\x09\x00\x00\xa8\x90\x00\x00\x80\x0a\x09\x00\x00\xa8\
\x90\x00\x00\x80\x0a\x09\x00\x00\xa8\x90\x00\x00\x80\x0a\x09\x00\
\x00\xa8\x90\x00\x00\x80\x0a\x09\x00\x00\xa8\x90\x00\x00\x80\x0a\
\x09\x00\x58\xa7\xc3\x57\x3d\x71\xde\xe1\xab\x9e\x38\xaf\xf4\x8e\
\x5a\xf9\xf8\xc3\xc6\x4c\x96\x1e\x00\x7d\x70\xeb\x75\xdf\xba\x64\
\x79\x72\xe9\x03\xd1\xc4\xde\x88\x78\x4b\xe4\x78\xe3\xaf\xe2\x97\
\x17\x47\x44\x1c\xd8\x73\xf4\x44\x8e\xf6\x99\x14\xe9\xcf\x72\x8e\
\x23\xb9\x6d\xbe\x78\xd7\x63\xd3\xc7\xcb\x2e\x1e\x2f\x3e\xfe\x30\
\x78\xa9\xf4\x80\xda\xa5\x5d\xb3\xb9\xe4\xf9\xf9\xf8\xbc\xcf\x81\
\x55\xdc\x32\x3b\x37\x9d\x72\x3a\x18\x91\xde\x1f\x11\x13\x6b\xfc\
\x63\xcb\x11\xf1\xa5\xdc\xa6\xcf\xdc\x79\x6c\xe6\x5b\x43\x9c\x17\
\x07\xf6\x2c\x14\xfd\xfc\xb9\x63\x61\xcf\x50\x3f\x7f\xba\xfe\xf1\
\xef\x3b\x5f\x7f\xea\xe6\x83\x5f\x98\xbf\x80\xdd\xf4\x4f\xf6\x7e\
\x7b\xc7\xa6\xc5\x17\xff\x55\x44\xfc\xbd\x58\xff\xdf\x93\x1c\x11\
\xff\x21\x4e\x4f\x7e\xec\x8e\xff\xf6\xae\x5f\x0c\x6e\xdd\xaf\x8d\
\x6b\x00\xf4\xe5\xe3\xdf\x77\xbe\xfe\xd4\xcd\x6b\x00\xe0\x55\x0e\
\xce\xce\x5d\xbb\x69\xf1\xc5\x6f\x47\xc4\xdf\x8f\x8d\x45\x72\x8a\
\x88\x8f\xc4\xd4\xd2\xb7\xf7\xdf\x70\xec\x1d\x03\x19\x57\x01\x1f\
\x7f\x18\x0d\x01\x00\x2f\xb3\x7f\x76\xee\xb7\x73\x6e\x8e\x44\xc4\
\x65\x03\x7c\xd8\xcb\x9b\xb6\xfd\xfa\xc1\x3d\xf3\x7b\x07\xf8\x98\
\x63\xe9\xe0\x9e\xf9\xbd\xc3\xfa\xf8\xef\x9f\x9d\xfb\xed\x01\x3e\
\x26\xf4\x9e\x00\x80\x15\x07\x67\xe7\xae\x6d\x72\xf3\xe5\x88\xd8\
\x3e\x84\x87\xdf\x9e\x23\xdd\x2b\x02\x5e\xdf\xc1\x3d\xf3\x7b\x73\
\xa4\x7b\x63\x48\x1f\xff\x26\x37\x5f\xf6\x4c\x00\xfc\x9a\x00\x80\
\x38\xf3\x3d\xe7\x9c\x9b\xff\x12\xc3\xb9\x7c\x5e\xb2\x35\x47\xba\
\xf7\x96\x99\x85\x9b\x86\x78\x46\x2f\x1d\x98\x59\x78\x77\x8e\xf4\
\x95\x88\xd8\x3a\xc4\x63\xb6\x37\xed\xf2\x97\x0e\xbe\xfb\x1b\x7f\
\x69\x88\x67\x40\x6f\x08\x00\x88\x88\x95\x17\x9c\x5d\x3e\x82\xa3\
\xb6\xa6\x14\x5f\xd9\x3f\x7d\xf4\x3d\x23\x38\xab\x17\xf6\x4f\x1f\
\x7d\x4f\xa4\x78\x20\x22\xb6\x0d\xff\xb4\xf4\x9b\x79\x69\xf2\xae\
\xe1\x9f\x03\xdd\x27\x00\xa8\xde\x2d\xb3\x73\xd3\x71\xe6\xd5\xe6\
\xa3\x72\x7e\xd3\xe4\xfb\x0e\xcc\x2c\xbc\x7b\x84\x67\x76\xd2\x81\
\x99\x85\x77\x37\x4d\xbe\x2f\x22\xce\x1f\xdd\xa9\xe9\x23\xfb\xf7\
\xcc\xbf\x73\x74\xe7\x41\x37\x09\x00\xaa\x77\xe6\xe7\xcc\x47\xfe\
\x23\xb1\xdb\x22\xc5\x7d\x87\xf6\xcc\xdf\x38\xe2\x73\x3b\xe3\xd0\
\x9e\xf9\x1b\x23\xc5\x7d\x31\x92\x7f\xf9\xbf\x42\xd3\xa4\x74\x68\
\xc4\x67\x42\xe7\x08\x00\xaa\x76\xeb\x75\xdf\xba\x64\xe5\x4d\x66\
\x4a\xb8\xa0\x8d\xf4\xe0\x81\x1b\x8e\xfd\xb5\x42\xe7\x17\x73\xe8\
\x86\xa3\xb3\x6d\xa4\xfb\x22\xe2\x82\x22\x03\x72\xfc\xde\xad\x33\
\x0b\x6f\x2c\x72\x36\x74\x84\x00\xa0\x6a\xcb\x93\x4b\x1f\x88\xb5\
\xbf\xc3\xdc\x30\x9c\x1f\x6d\xfb\x95\x5b\x66\x16\xf6\x14\xdc\x30\
\x52\xb7\xcc\x2c\xec\x69\xdb\xfc\x40\x0c\xf7\x05\x97\x67\x33\xb1\
\xdc\xa4\xdf\x2d\x78\x3e\x14\x27\x00\xa8\xdb\x99\xf7\x96\x2f\x6d\
\x7b\x4a\xf1\xc0\xa1\x3d\xf3\x33\xa5\x87\x0c\xdb\xa1\x3d\xf3\x33\
\xe9\xcc\x0b\xfe\x4a\x5e\xfe\x67\xe4\xbc\xb7\xf4\x04\x28\x49\x00\
\x50\xbb\xb7\x94\x1e\xb0\xe2\xc2\x36\xd2\x83\xe3\x1c\x01\xfb\xf7\
\xcc\xbf\x73\xe5\x69\xff\x0b\x4b\x6f\x59\xe1\x3d\x01\xa8\x9a\x00\
\xa0\x6e\x39\x76\x95\x9e\xf0\x32\x17\xb6\x39\x3d\x70\xcb\xf4\xd1\
\x77\x95\x1e\x32\x68\xb7\x4c\x1f\x7d\x57\x93\xd3\x43\x11\x71\x51\
\xe9\x2d\x2f\xf3\xe6\xd2\x03\xa0\x24\x01\x40\xb5\x56\x7e\x97\x7c\
\x97\x2e\xa4\x88\x14\x3b\x52\x93\xbf\x76\xf0\x86\x63\xd7\x97\x9e\
\x32\x28\xfb\x6f\x38\xf6\x8e\xd4\xe4\x07\x23\xc5\x8e\xd2\x5b\x5e\
\xe5\xbc\x8f\xcd\xce\x6d\x29\x3d\x02\x4a\x11\x00\xd0\x3d\x17\xe6\
\xe5\xf6\xab\xe3\x10\x01\xfb\x6f\x38\xf6\x8e\xa6\x6d\xbf\x16\x5d\
\x0b\xad\x15\x17\x6e\x7a\xb1\xe8\x6f\xc3\x83\x92\x04\x00\xd5\x3a\
\xfc\xc4\x55\xa7\x22\xe2\x7f\x95\xde\xf1\x9a\x52\xec\xc8\x6d\xfb\
\xc0\xc1\xd9\xb9\x6b\x4b\x4f\x59\xaf\x83\xb3\x73\xd7\x36\x6d\xfb\
\x50\x44\xfc\xe5\xd2\x5b\x5e\x5b\x7a\xf1\xf0\x91\x9b\x16\x4b\xaf\
\x80\x52\x04\x00\x55\xcb\x91\x8f\x97\xde\xb0\x8a\x8b\x72\xdb\x3c\
\x7c\x70\x66\xe1\xba\xd2\x43\xce\xd5\x81\xe9\xa3\xd7\xe4\xdc\x7c\
\x35\x3a\xfa\x2f\xff\x33\xf2\x93\xa5\x17\x40\x49\x02\x80\xaa\xa5\
\x48\x7f\x56\x7a\xc3\xaa\x52\xec\xc8\x29\x1e\xf8\xe4\xcc\xc2\xd5\
\xa5\xa7\xac\xd5\x27\x67\x16\xae\x8e\x26\x7f\x2d\x22\x2e\x2e\xbd\
\xe5\x2c\x1e\x2f\x3d\x00\x4a\x12\x00\x54\x2d\xe7\x38\x52\x7a\xc3\
\x1a\x5c\x3c\x91\xd2\xd7\x0e\xcc\xce\xbd\xbd\xf4\x90\xb3\x39\x30\
\x3b\xf7\xf6\x89\x94\xfa\x70\xf9\x47\x44\x7e\xb8\xf4\x02\x28\x49\
\x00\x50\xb5\x76\x62\xf9\x4f\x22\x62\xa9\xf4\x8e\xb3\xcb\x3b\x23\
\x4f\x3c\xd4\xe5\x08\x38\x34\x3b\xf7\x5b\x91\x9b\xaf\x46\xe4\x9d\
\xa5\xb7\xac\xc1\xd2\x72\xd3\x7e\xa9\xf4\x08\x28\x49\x00\x50\xb5\
\xcf\xce\xdd\xf8\xb3\x88\xf8\x72\xe9\x1d\x6b\x93\x77\x46\x6e\xbe\
\x76\xe0\xfa\x63\x57\x95\x5e\xf2\x6a\x07\xae\x3f\x76\x55\x9b\x9b\
\xaf\x47\x74\xea\x7d\x15\x56\xf3\x5f\x57\xfe\xdf\x43\xb5\x04\x00\
\xd5\xcb\x6d\xfa\x4c\x44\xf4\xe5\xc7\xc1\xde\x10\x13\xed\x43\x87\
\x66\x16\xde\x5a\x7a\xc8\x4b\x0e\xcd\x2c\xbc\x35\x26\xda\x87\x22\
\xe2\x0d\xa5\xb7\xac\x51\x9b\x52\xfb\x99\xd2\x23\xa0\xb4\x51\xff\
\x0a\x54\x5e\x25\xed\x9a\x2d\x7a\xf1\xe4\xe3\xf3\x3e\x07\x22\xe2\
\xc0\x9e\x85\x7f\x17\x11\x1f\x29\xbd\xe3\x1c\x1c\xcf\x91\x6f\x4e\
\x91\xfe\x47\xc9\x11\x39\xf2\x5b\x53\xa4\x87\xa3\x3f\xff\xf2\x8f\
\x1c\xe9\xdf\xde\xb9\x30\xf3\xfb\xa5\x77\x74\x81\xaf\x3f\x75\xf3\
\x0c\x00\x44\xc4\x8b\x9b\x37\x7d\x3c\x22\xfa\xf4\x63\x61\xbb\x52\
\x4a\x0f\x95\x1e\xb1\xb2\xa1\x37\x97\x7f\x44\xfa\xf3\xad\x39\x7f\
\xa2\xf4\x0a\xe8\x02\x01\x00\x11\xf1\xb9\x23\xd7\x3e\xdb\x36\xcd\
\x07\x22\xe2\xb9\xd2\x5b\xd6\x2c\xc7\x25\xa5\x27\x74\x62\xc3\xda\
\xfd\x62\x39\xe7\x0f\x1c\x3e\xba\xa7\x3f\xff\x8f\x61\x88\x04\x00\
\xac\xb8\x6b\x6e\xfa\xf1\x14\xf9\x6f\x45\xc4\xc9\xd2\x5b\x18\xb8\
\x93\x29\xf2\xef\x7e\xf6\xe8\x9e\xef\x96\x1e\x02\x5d\x21\x00\xe0\
\x65\x6e\x5f\x98\x3d\xd2\xb6\xe9\xbd\x11\xf1\x7c\xe9\x2d\x0c\xcc\
\xc9\x9c\x9a\xf7\xdf\xbe\x30\x7b\xa4\xf4\x10\xe8\x12\x01\x00\xaf\
\x72\xd7\xb1\x99\x6f\xb4\x6d\x7a\x5f\x88\x80\x71\x70\x32\xa7\xe6\
\xfd\x77\xce\x4f\x17\x7f\xbd\x04\x74\x8d\x00\x80\xd7\x20\x02\xc6\
\x82\xcb\x1f\x56\x21\x00\xe0\x75\x88\x80\x5e\x73\xf9\xc3\x59\x08\
\x00\x58\x85\x08\xe8\x25\x97\x3f\xac\x81\x00\x80\xb3\x10\x01\xbd\
\xe2\xf2\x87\x35\x12\x00\xb0\x06\x22\xa0\x17\x5c\xfe\x70\x0e\x04\
\x00\xac\x91\x08\xe8\x34\x97\x3f\x9c\x23\x01\x00\xe7\x40\x04\x74\
\x92\xcb\x1f\xd6\x41\x00\xc0\x39\x12\x01\x9d\xe2\xf2\x87\x75\x12\
\x00\xb0\x0e\x22\xa0\x13\x5c\xfe\xb0\x01\x02\x00\xd6\x49\x04\x14\
\xe5\xf2\x87\x0d\x12\x00\xb0\x01\x22\xa0\x08\x97\x3f\x0c\x80\x00\
\x80\x0d\x12\x01\x23\xe5\xf2\x87\x01\x11\x00\x30\x00\x22\x60\x24\
\x5c\xfe\x30\x40\x02\x00\x06\x44\x04\x0c\x95\xcb\x1f\x06\x4c\x00\
\xc0\x00\x89\x80\xa1\x70\xf9\xc3\x10\x08\x00\x18\x30\x11\x30\x50\
\x2e\x7f\x18\x12\x01\x00\x43\x20\x02\x06\xc2\xe5\x0f\x43\x24\x00\
\x60\x48\x44\xc0\x86\xb8\xfc\x61\xc8\x04\x00\x0c\x91\x08\x58\x17\
\x97\x3f\x8c\x80\x00\x80\x21\x13\x01\xe7\xc4\xe5\x0f\x23\x22\x00\
\x60\x04\x44\xc0\x9a\xb8\xfc\x61\x84\x04\x00\x8c\x88\x08\x58\x95\
\xcb\x1f\x46\x4c\x00\xc0\x08\x89\x80\xd7\xe4\xf2\x87\x02\x04\x00\
\x8c\x98\x08\x78\x05\x97\x3f\x14\x22\x00\xa0\x00\x11\x10\x11\x2e\
\x7f\x28\x4a\x00\x40\x21\x95\x47\x80\xcb\x1f\x0a\x13\x00\x50\x50\
\xa5\x11\xe0\xf2\x87\x0e\x10\x00\x50\x58\x65\x11\xe0\xf2\x87\x8e\
\x10\x00\xd0\x01\x95\x44\x80\xcb\x1f\x3a\x44\x00\x40\x47\x8c\x79\
\x04\xb8\xfc\xa1\x63\x04\x00\x74\xc8\x98\x46\x80\xcb\x1f\x3a\x48\
\x00\x40\xc7\x8c\x59\x04\xb8\xfc\xa1\xa3\x04\x00\x74\xd0\x98\x44\
\x80\xcb\x1f\x3a\x4c\x00\x40\x47\xf5\x3c\x02\x5c\xfe\xd0\x71\x02\
\x00\x3a\xac\xa7\x11\xe0\xf2\x87\x1e\x10\x00\xd0\x71\x3d\x8b\x00\
\x97\x3f\xf4\x84\x00\x80\x1e\xe8\x49\x04\xb8\xfc\xa1\x47\x04\x00\
\xf4\x44\xc7\x23\xc0\xe5\x0f\x3d\x23\x00\xa0\x47\x3a\x1a\x01\x2e\
\x7f\xe8\x21\x01\x00\x3d\xd3\xb1\x08\x70\xf9\x43\x4f\x09\x00\xe8\
\xa1\x8e\x44\x80\xcb\x1f\x7a\x4c\x00\x40\x4f\x15\x8e\x00\x97\x3f\
\xf4\x9c\x00\x80\x1e\x2b\x14\x01\x2e\x7f\x18\x03\x02\x00\x7a\x6e\
\xc4\x11\xe0\xf2\x87\x31\x21\x00\x60\x0c\x8c\x28\x02\x5c\xfe\x30\
\x46\x04\x00\x8c\x89\xbb\x8e\xcd\x7c\x23\x45\xfe\x9b\x11\xf1\xdc\
\x10\x1e\xfe\xb9\x14\x79\x9f\xcb\x1f\xc6\x87\x00\x80\x31\x72\xfb\
\xc2\xec\x91\x36\xf2\x4d\x29\xe2\x7f\x0e\xf0\x61\x9f\x6c\x9b\xe6\
\xb7\x6f\x5f\x98\x3d\x32\xc0\xc7\x04\x0a\x13\x00\x30\x66\xee\x5a\
\x98\xfd\xef\x31\x79\xfa\xda\x14\xf9\x3f\x46\x44\xde\xc0\x43\xe5\
\x88\xf8\xf7\x2f\x6e\xde\xf4\xce\xbb\xe6\xa6\x1f\x1f\xd0\x3c\xa0\
\x23\x52\xe9\x01\xb5\x4b\xbb\x66\x37\xf2\x05\x7a\xc3\xf2\xf1\x79\
\x9f\x03\x63\xec\x96\xd9\xb9\xe9\x94\x27\xfe\x59\x44\xde\x17\x6b\
\x0f\xfe\x36\x45\xdc\x13\x4d\xf3\xe9\xdb\xe7\xa6\x1f\x1b\xe6\x3e\
\xca\xf2\xf5\xa7\x6e\x3e\xf8\x85\xf9\x0b\xc8\x28\xfc\xd3\xd9\xb9\
\x4b\x4f\xe7\xf4\xb7\x53\x4a\x37\x47\x8e\x6b\x22\xe2\x37\xe3\xd7\
\x41\xd0\x46\xc4\x5f\x44\x8a\xef\x44\xce\x0f\x4d\xa6\xfc\xc5\x7f\
\x39\x7f\xc3\x8f\xcb\xad\x65\x54\x7c\xfd\xa9\x9b\x0f\x7e\x61\xfe\
\x02\x52\xc2\x07\x3f\xf8\x9f\x27\xfe\xca\x4f\x2f\xd9\x1e\x11\xf1\
\xe7\x97\xfc\xf4\xb9\xbb\xef\xfe\x3b\xcb\xa5\x37\x31\x7a\xbe\xfe\
\xd4\x6d\xb2\xf4\x00\x60\xf4\x56\x2e\xfc\xff\x53\x7a\x07\x50\x8e\
\x17\x01\x02\x40\x85\x04\x00\x00\x54\x48\x00\x00\x40\x85\x04\x00\
\x00\x54\x48\x00\x00\x40\x85\x04\x00\x00\x54\x48\x00\x00\x40\x85\
\x04\x00\x00\x54\x48\x00\x00\x40\x85\x04\x00\x00\x54\x48\x00\x00\
\x40\x85\x04\x00\x00\x54\x48\x00\x00\x40\x85\x04\x00\x00\x54\x48\
\x00\x00\x40\x85\x04\x00\x00\x54\x48\x00\x00\x40\x85\x04\x00\x00\
\x54\x48\x00\x00\x40\x85\x04\x00\x00\x54\x48\x00\x00\x40\x85\x04\
\x00\x00\x54\x48\x00\x00\x40\x85\x04\x00\x00\x54\x48\x00\x00\x40\
\x85\x04\x00\x00\x54\x48\x00\x00\x40\x85\x04\x00\x00\x54\x48\x00\
\x00\x40\x85\x04\x00\x00\x54\x68\xb2\xf4\x00\x18\x88\x8b\x66\xb6\
\xc7\x54\xb3\xaf\x69\xd2\xcd\x39\xe7\x6b\x22\xe2\xb2\x88\xd8\x11\
\x11\x53\x65\x87\xd1\x73\xa7\x23\xe2\xd9\x88\x78\x2a\xe5\xfc\x78\
\x1b\xcd\xc3\xb1\x9c\xee\x8d\x9f\x3f\xfa\xcb\xd2\xc3\x60\xa3\x04\
\x00\xfd\x76\xe9\xf4\x95\xcd\xf2\xc4\x81\x1c\xf1\xa1\x88\xd8\x9a\
\x73\x2e\xbd\x88\xf1\x32\x15\x11\x3b\x23\x62\x67\x4e\xe9\xfa\x14\
\xf9\xf7\x63\x32\x9f\x4c\x97\xcc\x7e\xa1\x5d\x6a\xef\x88\x13\x47\
\xbf\x5f\x7a\x20\xac\x97\x6f\x01\xd0\x4f\xbb\x67\xb7\x34\xbb\xf6\
\x7c\x36\x2d\x4f\x3c\x91\x23\xfe\x41\x44\x6c\x2d\x3d\x89\x6a\x6c\
\xcd\x39\xfe\x61\x9a\x68\x9e\x68\x76\xcd\xde\x19\x97\xed\xdd\x5c\
\x7a\x10\xac\x87\x00\xa0\x7f\x76\xce\x5c\x91\x96\xe2\x58\x8e\xf4\
\x89\xf0\x2c\x16\xe5\x4c\xe5\x88\xfd\x69\x71\xf1\x91\xb8\xf8\x3d\
\x97\x94\x1e\x03\xe7\x4a\x00\xd0\x2f\x6f\x9a\xbd\x36\x4d\x34\x8f\
\x46\xc4\xdb\x4a\x4f\x81\x33\xd2\x9e\x34\xb9\x74\x2c\xde\x30\x73\
\x75\xe9\x25\x70\x2e\x04\x00\xfd\xb1\x73\xe6\x8a\xd4\xc6\x83\x71\
\xe6\x7b\xb2\xd0\x25\xbb\x53\xd3\xdc\x1b\x3b\xaf\xdf\x55\x7a\x08\
\xac\x95\x00\xa0\x1f\x2e\xdb\xbb\x39\x4d\xa6\xbb\xc3\xe5\x4f\x77\
\xed\x4e\x13\x53\xf7\xc4\xee\xd9\x2d\xa5\x87\xc0\x5a\x08\x00\x7a\
\xa1\x59\x5c\xfc\x74\xe4\x74\x4d\xe9\x1d\xb0\xba\x7c\x5d\xb3\x14\
\x07\x4b\xaf\x80\xb5\x10\x00\x74\xdf\xa5\xd3\x57\xe6\x48\x1f\x2d\
\x3d\x03\xd6\x22\x47\x7c\xdc\xb7\x02\xe8\x03\x01\x40\xe7\x35\xcb\
\x13\x07\xc2\xab\xfd\xe9\x8f\x6d\xcd\xc4\xd4\x6d\xa5\x47\xc0\xd9\
\x08\x00\xba\xed\xa2\x99\xed\x2b\x6f\xf2\x03\xbd\x91\x23\x7f\x38\
\x2e\xbe\xf1\x82\xd2\x3b\x60\x35\x02\x80\x6e\x9b\x6a\xf6\x85\x37\
\xf9\xa1\x7f\xce\x8f\x89\xe5\xf7\x95\x1e\x01\xab\x11\x00\x74\x5a\
\xd3\xa4\x9b\x4b\x6f\x80\xf5\x68\xc2\xe7\x2e\xdd\x26\x00\xe8\xb4\
\x95\x5f\xec\x03\xbd\x93\x53\xf6\xc6\x40\x74\x9a\x00\xa0\xe3\xd2\
\xe5\xa5\x17\xc0\xfa\xa4\x37\x97\x5e\x00\xab\x11\x00\x74\x5c\xde\
\x5e\x7a\x01\xac\xd3\x85\xa5\x07\xc0\x6a\x04\x00\x00\x54\x48\x00\
\xd0\x71\xe9\xb9\xd2\x0b\x60\x9d\x7e\x51\x7a\x00\xac\x46\x00\xd0\
\x71\xf9\xc9\xd2\x0b\x60\x7d\xf2\x0f\x4b\x2f\x80\xd5\x08\x00\x3a\
\x2d\xe5\xfc\x78\xe9\x0d\xb0\x1e\x29\xa7\xef\x94\xde\x00\xab\x11\
\x00\x74\x5a\x1b\xcd\xc3\xa5\x37\xc0\x7a\xb4\x29\x1e\x2a\xbd\x01\
\x56\x23\x00\xe8\xb6\xf6\xbc\x7b\x22\xe2\x85\xd2\x33\xe0\x1c\xbd\
\x10\xcb\x9b\xee\x2f\x3d\x02\x56\x23\x00\xe8\xb6\x13\x47\x9e\x4f\
\x29\xfe\xa8\xf4\x0c\x38\x17\x29\xe7\xcf\xc7\x89\x23\xcf\x97\xde\
\x01\xab\x11\x00\x74\x5e\xbb\xd4\xde\x11\x11\xa7\x4b\xef\x80\x35\
\x3a\xd5\xc6\xe4\xed\xa5\x47\xc0\xd9\x08\x00\xba\xef\xc4\xd1\xef\
\xa7\x88\xcf\x95\x9e\x01\x6b\x91\x52\xfc\x41\x3c\xf3\x4d\x3f\x01\
\x40\xe7\x09\x00\x7a\xa1\xdd\xbc\xe9\xb6\x88\xbc\x50\x7a\x07\x9c\
\xc5\x7c\x7b\xfe\x8e\xc3\xa5\x47\xc0\x5a\x08\x00\xfa\xe1\xa9\x23\
\x8b\x79\x79\xf9\xf7\x22\xd2\x8f\x4a\x4f\x81\xd7\xf1\x93\x3c\x19\
\x1f\x8c\x1f\xdc\xff\x62\xe9\x21\xb0\x16\x02\x80\xfe\x38\xf1\xd8\
\xf1\xdc\x2e\xff\x4e\x44\x3c\x5d\x7a\x0a\xbc\x52\xfa\x51\xce\xf1\
\xde\x78\x7a\xfe\xc7\xa5\x97\xc0\x5a\x09\x00\xfa\xe5\x67\x47\xbf\
\x9b\x63\xf2\x9d\x11\xf1\xa7\xa5\xa7\xc0\x8a\xf9\xbc\x7c\x7a\x3a\
\x9e\x99\xff\x5e\xe9\x21\x70\x2e\x04\x00\xfd\x73\xfc\x1b\x27\xf2\
\xb6\x1d\x7f\x23\x45\xfc\x8b\xf0\x1e\x01\x94\x73\x2a\xa5\xf8\x4c\
\xde\xb6\xe3\xa6\x38\xf1\xd8\xf1\xd2\x63\xe0\x5c\x09\x00\xfa\xe9\
\x07\xf7\xbf\xd8\x1e\x9f\xff\xe7\x79\x79\xe9\xaf\xa6\x48\xff\x3a\
\x84\x00\xa3\xf3\x42\xca\xf1\x87\x39\x4f\xbc\xa5\xfd\xe9\xfc\xad\
\xbe\xe7\x4f\x5f\x4d\x96\x1e\x00\x1b\x72\xe2\xb1\xe3\x6d\xc4\x3f\
\x8e\x9d\x7b\x6f\x89\x66\x71\x5f\x13\xe9\xa6\x9c\xe2\x1d\x11\x71\
\x79\x44\xec\x88\x88\xf3\x0a\x2f\xa4\xdf\x4e\x45\xc4\xb3\x11\xf1\
\x64\x8a\xf8\x76\x1b\xf9\x91\x58\xde\x7c\x5f\xf6\x26\x3f\x8c\x01\
\x01\xc0\x78\x38\xf3\x05\xf9\x8f\xdb\x88\x3f\x2e\x3d\x85\xf1\x94\
\x4b\x0f\x80\x01\xf3\x2d\x00\x00\xa8\x90\x00\x00\x80\x0a\x09\x00\
\x00\xa8\x90\x00\x00\x80\x0a\x09\x00\x00\xa8\x90\x00\x00\x80\x0a\
\x09\x00\x00\xa8\x90\x00\x00\x80\x0a\x09\x00\x00\xa8\x90\x00\x00\
\x80\x0a\x09\x00\x00\xa8\x90\x00\x00\x80\x0a\x09\x00\x00\xa8\x90\
\x00\x00\x80\x0a\x09\x00\x00\xa8\x90\x00\x00\x80\x0a\x09\x00\x00\
\xa8\x90\x00\x00\x80\x0a\x09\x00\x00\xa8\x90\x00\x00\x80\x0a\x09\
\x00\x00\xa8\x90\x00\x00\x80\x0a\x09\x00\x00\xa8\x90\x00\x00\x80\
\x0a\x09\x00\x00\xa8\x90\x00\x00\x80\x0a\x09\x00\x00\xa8\x90\x00\
\x00\x80\x0a\x09\x00\x00\xa8\x90\x00\x00\x80\x0a\x09\x00\x00\xa8\
\x90\x00\x00\x80\x0a\x09\x00\x00\xa8\x90\x00\x00\x80\x0a\x09\x00\
\x00\xa8\x90\x00\x00\x80\x0a\x09\x00\x00\xa8\x90\x00\x00\x80\x0a\
\x09\x00\x00\xa8\xd0\x64\xe9\x01\x94\x95\x76\xcd\xe6\xd2\x1b\x00\
\x18\x3d\xcf\x00\x00\x40\x85\x04\x00\x00\x54\x48\x00\x00\x40\x85\
\x04\x00\x00\x54\x48\x00\x00\x40\x85\x04\x00\x00\x54\x48\x00\x00\
\x40\x85\x04\x00\x00\x54\x48\x00\x00\x40\x85\x04\x00\x00\x54\x48\
\x00\x00\x40\x85\x04\x00\x00\x54\x48\x00\x00\x40\x85\x04\x00\x00\
\x54\x48\x00\x00\x40\x85\x04\x40\x79\xa7\x4a\x0f\x00\x28\xe0\xc5\
\xd2\x03\x6a\x27\x00\x8a\x4b\xcf\x95\x5e\x00\x50\xc0\x2f\x4a\x0f\
\xa8\x9d\x00\x28\x2e\x3f\x59\x7a\x01\xc0\xe8\xe5\x1f\x96\x5e\x50\
\x3b\x01\x50\x58\xca\xf9\xf1\xd2\x1b\x00\x46\x2d\xe5\xf4\x9d\xd2\
\x1b\x6a\x27\x00\x0a\x6b\xa3\x79\xb8\xf4\x06\x80\x51\x6b\x53\x3c\
\x54\x7a\x43\xed\x04\x40\x69\xed\x79\xf7\x44\xc4\x0b\xa5\x67\x00\
\x8c\xd0\x0b\xb1\xbc\xe9\xfe\xd2\x23\x6a\x27\x00\x4a\x3b\x71\xe4\
\xf9\x94\xe2\x8f\x4a\xcf\x00\x18\x95\x94\xf3\xe7\xe3\xc4\x91\xe7\
\x4b\xef\xa8\x9d\x00\xe8\x80\x76\xa9\xbd\x23\x22\x4e\x97\xde\x01\
\x30\x02\xa7\xda\x98\xbc\xbd\xf4\x08\x22\x26\x4a\x0f\x20\x22\x4e\
\xfe\xf8\x7f\x37\xdb\x7e\xe3\x82\x88\xb8\xb1\xf4\x14\x80\x61\x4a\
\x29\xee\xca\xc7\xe7\xfe\xa4\xf4\x0e\x3c\x03\xd0\x19\xed\xe6\x4d\
\xb7\x45\xe4\x85\xd2\x3b\x00\x86\x68\xbe\x3d\x7f\xc7\xe1\xd2\x23\
\x38\x23\x95\x1e\xc0\xcb\xec\xbc\x7e\x57\x9a\x98\x3a\x16\x91\x7f\
\xa3\xf4\x14\x80\x01\xfb\x49\x9e\x8c\xe9\x78\x7a\xfe\xc7\xa5\x87\
\x70\x86\x67\x00\xba\xe4\xc4\x63\xc7\x73\xbb\xfc\x3b\x11\xf1\x74\
\xe9\x29\x00\x83\x93\x7e\x94\x73\xbc\xd7\xe5\xdf\x2d\x02\xa0\x6b\
\x7e\x76\xf4\xbb\x39\x26\xdf\x19\x11\x7f\x5a\x7a\x0a\xc0\x00\xcc\
\xe7\xe5\xd3\xd3\xf1\xcc\xfc\xf7\x4a\x0f\xe1\x95\xbc\x08\xb0\x8b\
\x9e\xff\x8b\x93\xb1\xeb\xed\x5f\x68\x4e\x2d\xb6\x11\xf1\xae\x88\
\x38\xaf\xf4\x24\x80\x73\x74\x2a\xa5\xb8\x33\x6f\xdb\xf1\x91\x78\
\xfa\xeb\xde\xf7\xbf\x83\xbc\x06\xa0\xeb\x76\x5e\xbf\xab\x99\x98\
\xba\x2d\x47\xfe\x70\x44\x9c\x5f\x7a\x0e\xc0\x59\xbc\x90\x72\xfc\
\xa7\x36\x26\xee\x88\x67\xbe\xe9\xfd\xfe\x3b\x4c\x00\xf4\xc5\xce\
\xbd\xdb\xa2\x59\xdc\xd7\x44\xba\x29\xa7\x78\x47\x44\x5c\x1e\x11\
\x3b\xc2\xb3\x03\x40\x39\xa7\x22\xe2\xd9\x88\x78\x32\x45\x7c\xbb\
\x8d\xfc\x48\x2c\x6f\xbe\xcf\x9b\xfc\x00\x00\x00\x00\x00\x00\x00\
\x00\x00\x00\x00\x00\x00\x00\x00\x00\x00\x00\x00\x00\x00\x00\x00\
\x00\x00\x00\x00\x00\x00\x00\x00\x00\x7d\xf5\x7f\x01\xc8\x3a\xd7\
\x7d\xd7\xdc\x65\x89\x00\x00\x00\x00\x49\x45\x4e\x44\xae\x42\x60\
\x82\
\x00\x00\x63\xd2\
\x89\
\x50\x4e\x47\x0d\x0a\x1a\x0a\x00\x00\x00\x0d\x49\x48\x44\x52\x00\
\x00\x02\x00\x00\x00\x02\x00\x08\x06\x00\x00\x00\xf4\x78\xd4\xfa\
\x00\x00\x00\x04\x73\x42\x49\x54\x08\x08\x08\x08\x7c\x08\x64\x88\
\x00\x00\x00\x09\x70\x48\x59\x73\x00\x00\x0e\xc4\x00\x00\x0e\xc4\
\x01\x95\x2b\x0e\x1b\x00\x00\x00\x19\x74\x45\x58\x74\x53\x6f\x66\
\x74\x77\x61\x72\x65\x00\x77\x77\x77\x2e\x69\x6e\x6b\x73\x63\x61\
\x70\x65\x2e\x6f\x72\x67\x9b\xee\x3c\x1a\x00\x00\x20\x00\x49\x44\
\x41\x54\x78\x9c\xec\xdd\x79\x7c\xdd\x55\x99\x3f\xf0\xcf\x73\xee\
\xcd\xd2\xbd\x69\x6b\x37\xb6\x0e\x96\xb6\x90\xa5\x85\xa0\x50\x41\
\xad\x88\x0a\x2e\x88\xa3\x61\x7e\xbf\x99\x81\x29\xd0\xde\x74\x21\
\x69\x8b\x38\xfa\x9b\xcd\xab\xce\x22\xa2\x4d\x93\xd2\x96\xa4\x48\
\x19\x71\xc6\xb1\x1d\x47\xc1\x0d\x05\x01\x19\x10\x10\x63\x69\x16\
\x28\x58\x11\x0a\x6d\x81\x2e\x09\xdd\x93\x7b\xef\xf7\xf9\xfd\x91\
\xb4\x74\x4b\xb3\x9d\x73\xcf\xbd\xf7\xfb\x79\xbf\x5e\x2a\x69\x72\
\x9f\xef\x23\xcd\xf7\x7b\x9f\x7b\xce\x73\xce\x11\x10\x51\xc6\x8b\
\x95\x7f\x73\x9c\x26\xcd\x04\x49\x46\xc6\x4b\x44\xc6\x06\x01\x46\
\x8a\xc1\x48\x55\x8c\x34\xa2\x23\x54\x31\x12\x90\x22\x51\x8c\x54\
\xc1\x48\x81\xe6\x2b\x50\x74\x4c\x88\x02\x00\x43\x8f\xf9\x7a\x24\
\x80\xc8\x31\x5f\x27\x00\xec\x3f\xe1\xb2\xed\x80\xa4\x04\xfa\xb6\
\x42\x3a\x01\x3d\x00\xc8\x41\x45\x70\x40\x54\xda\xc5\xa0\x5d\x15\
\xed\x02\xb4\x2b\xb4\x4d\x14\xed\x50\xf3\x56\x22\x5f\x76\x9e\x3d\
\x6a\xf7\x5b\xf1\xc7\xe2\x49\x47\xff\x3a\x88\xc8\x02\xf1\x9d\x00\
\x51\x98\xcd\x9d\xb2\xae\xb0\x60\xd8\xbe\x73\x03\x09\xce\x15\x91\
\x73\x04\x3a\x5e\x55\x26\x03\x98\xa0\xc0\x04\x11\x4c\x06\x30\x1e\
\x40\xbe\xe7\x54\x07\x62\x27\x20\x6f\x29\xb0\x53\xa0\xaf\x2b\x74\
\x9b\x00\xaf\x8b\x98\x57\x83\x54\xea\x35\x29\x4c\xbd\xde\xd0\x78\
\xdb\x2e\xdf\x49\x12\x85\x15\x0b\x00\x22\xc7\x16\x15\xaf\x9a\xd8\
\x19\x49\x9d\x17\x41\xf0\x67\x0a\x39\x17\xc0\xb9\x0a\x3d\x57\x54\
\xce\x05\x30\xc9\x77\x7e\x9e\x1d\x02\xb0\x05\x90\x3f\x8a\xe8\x16\
\x55\xd9\xa2\xc0\x1f\x23\x91\xd4\x96\x89\xcf\xbd\xbd\x35\x8e\x78\
\xe0\x3b\x41\xa2\x5c\xc5\x02\x80\xc8\x92\x85\xa5\xab\x8b\x52\x26\
\x51\x2c\x01\x2e\x50\xd1\x62\xa8\x5c\x00\xa0\x04\xc0\x44\xdf\xb9\
\x65\xa9\x4e\x74\x15\x07\xad\x10\x7d\x1e\xaa\xad\x6a\x82\xe7\xdb\
\xa7\x9d\xb9\x79\xc3\x86\xeb\x52\xbe\x93\x23\xca\x76\x2c\x00\x88\
\xfa\x29\x8e\xb8\x79\xbd\x64\xd4\xf4\x88\x91\xf7\x28\x50\x2e\x8a\
\x12\x05\x4a\x00\x19\xef\x3b\xb7\x90\x38\x08\xa0\x59\x05\x1b\x8d\
\x62\x23\xd4\xfc\xbe\x63\xff\xf0\x96\x7b\x5f\xb9\xf1\xb0\xef\xc4\
\x88\xb2\x09\x0b\x00\xa2\x5e\xc4\x8a\x6b\xcf\xd6\x88\xbe\x47\x54\
\xde\x0b\xc1\x7b\xa0\x28\x47\x57\x13\x1d\x65\x8e\x24\x80\xe7\xa1\
\xf8\xad\x40\x9f\x16\x23\xcf\x4c\x6c\x6a\x7b\x9e\x53\x08\x44\x3d\
\x63\x01\x40\x74\x8c\x58\x79\x7d\x9e\x74\x1e\xbc\x58\x61\x3e\x28\
\x82\xcb\x54\xf1\x1e\x00\x13\x7c\xe7\x45\x03\xb2\x17\xc0\xb3\x50\
\x3c\xad\x62\x9e\x4c\x75\x1e\x7c\xe2\x9e\x17\xbf\xb8\xcf\x77\x52\
\x44\x99\x82\x05\x00\x85\x5a\x7c\x4e\x3c\xfa\xfa\xee\xa2\x99\x11\
\xc8\x95\x10\xbd\x5c\x15\xef\x07\x30\xca\x77\x5e\xe4\x44\x0a\xc0\
\x8b\x00\x9e\x00\xf4\x61\xe4\x27\x1f\xe5\x2a\x04\x0a\x33\x16\x00\
\x14\x2a\x15\x15\xeb\x23\xa3\x5f\xd8\x71\x09\x44\xae\x34\x08\x3e\
\xa8\x90\x4b\x71\xfc\xfa\x78\x0a\x8f\x00\xc0\x26\x00\x0f\x29\xe4\
\xa1\xc4\xbe\x11\x4f\xb0\x8f\x80\xc2\x84\x05\x00\xe5\xbc\x05\x65\
\x6b\xc6\xa7\x82\xce\x8f\x09\xf0\x71\x08\x3e\x0a\x60\x8c\xef\x9c\
\x28\x23\x1d\x02\xf0\xbf\xaa\x78\x48\xc4\xfc\xa2\xa1\xb9\xaa\xd9\
\x77\x42\x44\x2e\xb1\x00\xa0\x9c\x13\x47\xdc\xbc\x5e\x5a\x74\x61\
\x04\x72\x65\x20\xc1\xa7\x44\x65\x36\x00\xe3\x3b\x2f\xca\x32\x82\
\x57\xa1\xf8\x85\x88\xfc\xa4\x63\xef\x88\x87\x38\x3a\x40\xb9\x86\
\x05\x00\xe5\x84\xaa\xa9\x75\x05\x87\x0b\x83\x8f\x18\xc1\x67\x55\
\xe5\x93\x10\x8c\xf3\x9d\x13\xe5\x94\x03\x02\xfc\x32\x80\x3c\x10\
\x04\xc9\x07\xbe\xdd\x7a\xeb\x1e\xdf\x09\x11\x0d\x16\x0b\x00\xca\
\x5a\x73\xa7\xac\x2b\x2c\x18\xb9\xef\x23\x0a\xad\x80\xe2\x1a\xb0\
\x79\x8f\xd2\x23\xa5\xa2\x4f\x03\xb2\x41\x12\xc1\xfa\x86\x17\x96\
\xed\xf0\x9d\x10\xd1\x40\xb0\x00\xa0\xac\xb2\xa8\x78\xd5\xf0\x94\
\x24\x3e\xa1\x62\x3e\x0b\xe8\xc7\x01\x0c\xf3\x9d\x13\x85\x5a\x0a\
\xc0\x93\x00\xd6\x27\xa2\xb2\x7e\xdd\xc6\xea\x9d\xbe\x13\x22\xea\
\x2b\x16\x00\x94\xf1\xe2\x73\xe2\xd1\x6d\xbb\x46\x5f\x25\x62\x6e\
\x00\xf4\x53\x00\x0a\x7d\xe7\x44\x74\x0a\x49\x40\x1f\x52\x95\xef\
\xe5\x69\xf4\x87\xab\x5b\x17\x9f\x78\xba\x22\x51\x46\x61\x01\x40\
\x19\x6b\xc1\xcc\xba\x0b\x83\x20\xb8\x01\xc0\x5f\x72\x9b\x5d\xca\
\x32\x07\xa1\x78\x00\x90\xef\xb6\x9d\x3f\xf1\x41\x9e\x5d\x40\x99\
\x88\x05\x00\x65\x94\xd8\xf9\x35\x93\x34\xcf\x5c\x27\x2a\x37\x00\
\x7a\x91\xef\x7c\x88\x2c\xd8\x01\xd1\x0d\x41\x80\x6f\xdf\xdd\xb2\
\xb4\xc9\x77\x32\x44\x47\xb0\x00\x20\xef\xe2\x73\xe2\xd1\x1d\xbb\
\xc6\x5c\xa3\xa2\xf3\x01\x7c\x04\x40\xc4\x77\x4e\x44\x2e\xa8\xe8\
\x93\x26\xc0\xba\x88\xe6\x7d\x9f\x53\x04\xe4\x1b\x0b\x00\xf2\x26\
\x76\x7e\xcd\x24\x89\x46\x6e\x50\xe8\x22\x00\x67\xfb\xce\x87\x28\
\x8d\xf6\x01\xf8\x9e\x04\xb2\xba\xbe\xb5\x7a\x93\xef\x64\x28\x9c\
\x58\x00\x50\x9a\xa9\xcc\x2f\x5d\xf9\x61\x01\x62\x80\x5e\x0b\x20\
\xcf\x77\x46\x44\x3e\x09\xd0\x08\xa0\x61\xe8\xf0\xd4\x7d\x35\x4f\
\xdd\x7a\xc8\x77\x3e\x14\x1e\x2c\x00\x28\x2d\x16\xcf\xb8\x73\x6c\
\x67\x34\x75\xa3\x88\x54\x02\x3a\xd5\x77\x3e\x44\x99\x47\xdf\x52\
\xa0\x41\x92\xba\x9a\x7b\x0b\x50\x3a\xb0\x00\x20\xa7\x16\x96\xd6\
\x9c\x9b\x12\x59\x02\x95\x79\xe0\xa1\x3b\x44\x7d\xd1\x09\xc8\xfd\
\x82\x54\x4d\x7d\xf3\xb2\xa7\x7c\x27\x43\xb9\x8b\x05\x00\x39\x51\
\x59\x5a\x33\x5b\xd5\x7c\x1e\x82\xcf\x80\xfb\xf0\x13\x0d\x8c\xe2\
\x09\x81\xd4\x4c\x6a\xd9\xf3\xa3\x38\xe2\x81\xef\x74\x28\xb7\xb0\
\x00\x20\x6b\xe2\x88\x9b\x1d\x65\x63\x3e\xa1\xaa\xd5\x00\xae\xf4\
\x9d\x0f\x51\x0e\x79\x59\x05\x75\x89\xbd\x23\xeb\x79\x28\x11\xd9\
\xc2\x02\x80\x06\x6d\xee\x94\x75\x85\xf9\x23\xf6\xfd\x0d\xa0\xb7\
\x02\x98\xe6\x3b\x1f\xa2\x1c\xb6\x5d\x15\x35\xa9\xc4\xe1\xfa\x7b\
\x5e\xfc\xe2\x3e\xdf\xc9\x50\x76\x63\x01\x40\x03\x36\x77\xca\xba\
\xc2\x82\xe1\x7b\xe7\xab\xe0\x8b\x00\xce\xf0\x9d\x0f\x51\x88\xb4\
\x0b\xb4\xce\x20\x7f\xc5\x9a\xe6\x45\x6d\xbe\x93\xa1\xec\xc4\x02\
\x80\xfa\xad\xa2\x38\x9e\x3f\xc6\x14\xcd\x55\xe0\x9f\xc0\x37\x7e\
\x22\x9f\xf6\x2b\x74\x55\x10\x04\xdf\xe0\x11\xc5\xd4\x5f\x2c\x00\
\xa8\xcf\xaa\xa6\xd6\x15\x74\x0e\xd1\xbf\xe1\x1b\x3f\x51\xc6\xd9\
\x0f\xd1\x7b\x82\x00\xff\x7a\x77\xcb\xd2\x37\x7d\x27\x43\xd9\x81\
\x05\x00\xf5\x2a\x56\x5e\x3f\x14\x9d\x87\x2a\x01\xf9\x5b\x00\x13\
\x7d\xe7\x43\x44\x3d\xda\x0b\xc5\xf2\x64\xe2\xf0\x72\xf6\x08\x50\
\x6f\x58\x00\x50\x8f\xe2\x88\x9b\xed\xa5\xa3\x3f\x0b\x91\x3b\xa0\
\x38\xc7\x77\x3e\x44\xd4\x67\xbb\x05\x72\x47\xc7\xbe\x11\xb5\x5c\
\x35\x40\x3d\x61\x01\x40\xa7\x54\x59\x56\xf7\x29\x55\xfd\x3a\x80\
\x0b\x7c\xe7\x42\x44\x03\xb6\x55\x55\xbe\xd2\x7e\xfe\xc4\x7f\xe7\
\x91\xc4\x74\x22\x16\x00\x74\x9c\xf9\xc5\x2b\xde\x03\x63\xbe\x21\
\xd0\x39\xbe\x73\x21\x22\x6b\x36\x2b\xcc\xad\x6b\x9b\xab\x7e\xee\
\x3b\x11\xca\x1c\x2c\x00\x08\x00\x70\xf3\xf9\x77\x9e\x13\xc9\x4b\
\x7d\x0d\x8a\xbf\x06\x7f\x2f\x88\x72\x92\x08\x7e\xa2\x81\x2c\x6d\
\x68\xa9\xfe\xa3\xef\x5c\xc8\x3f\x3e\xe8\x43\x6e\x61\xe9\xea\xa2\
\x24\x12\x5f\x11\x60\x01\x78\x32\x1f\x51\x18\x74\x00\xa8\x2d\x38\
\x24\xff\xb2\x72\x4b\xf5\x5e\xdf\xc9\x90\x3f\x2c\x00\x42\x4b\xa5\
\xb2\xac\xf6\x7a\x55\xdc\x01\xc8\x78\xdf\xd9\x10\x51\xda\xed\x56\
\xc1\xd7\xda\xa7\x4f\xba\x93\xfd\x01\xe1\xc4\x02\x20\x84\x62\x65\
\x35\x17\x41\x23\x77\x02\x3a\xdb\x77\x2e\x44\xe4\xdd\x46\x81\x2e\
\xad\x6f\x5e\xfa\xb8\xef\x44\x28\xbd\x58\x00\x84\xc8\xcd\xc5\xcb\
\xc7\x44\x22\xe6\xcb\x50\x59\x0c\x20\xe2\x3b\x1f\x22\xca\x1c\x22\
\xf8\x49\x0a\xa6\xfa\xee\xa6\xaa\x3f\xf9\xce\x85\xd2\x83\x05\x40\
\x08\xc4\xe7\xc4\xa3\x3b\x76\x15\x2d\x54\xc1\x57\x01\x8c\xf6\x9d\
\x0f\x11\x65\xac\x43\x00\xe2\x93\xc7\xb6\x2d\x8f\x3f\x16\x4f\xfa\
\x4e\x86\xdc\x62\x01\x90\xe3\xe6\x95\xd6\x96\x1b\xc1\xdd\x50\xcc\
\xf2\x9d\x0b\x11\x65\x8d\x8d\xc6\xc8\xcd\x77\x6d\xaa\xde\xe8\x3b\
\x11\x72\x87\x05\x40\x8e\x5a\x36\x7b\xf9\x90\xfd\xfb\xcd\x97\x05\
\xf2\x79\x00\x51\xdf\xf9\x10\x51\xd6\x49\x42\x74\xf5\x21\x24\xfe\
\xee\xbe\xa6\x2f\x1c\xf0\x9d\x0c\xd9\xc7\x02\x20\x07\xcd\x2b\xab\
\x7b\xbf\x51\x5d\x0b\x60\xba\xef\x5c\x88\x28\xeb\xbd\xac\x90\xca\
\xb5\xcd\xd5\x0f\xfb\x4e\x84\xec\x62\x01\x90\x43\xe6\xce\xaa\x19\
\x9d\x9f\x32\xb7\x03\x98\x0f\xfe\xdd\x12\x91\x55\xb2\x21\x2f\x61\
\x16\xae\xda\x7c\xcb\x6e\xdf\x99\x90\x1d\x7c\x93\xc8\x11\xdd\x7b\
\xf7\xaf\x01\x8f\xe9\x25\x22\x77\xde\x14\xd1\xbf\xad\x6f\x5a\xfa\
\x1d\xdf\x89\xd0\xe0\xb1\x00\xc8\x72\xb1\xf2\x6f\x8e\xd3\xce\xbc\
\x35\x02\x7c\xce\x77\x2e\x44\x14\x0e\x0a\xdc\x2f\xc9\x60\x61\xc3\
\x0b\xcb\x76\xf8\xce\x85\x06\x8e\x05\x40\x16\x8b\x95\xd4\x7d\x14\
\xa2\xf7\x80\x9f\xfa\x89\x28\xfd\xda\x55\xb0\x70\x6d\xd3\x92\xff\
\xf2\x9d\x08\x0d\x0c\x0b\x80\x2c\xb4\x6c\xf6\xf2\x21\x07\x0e\x98\
\xaf\x43\xa5\x0a\xfc\x3b\x24\x22\x9f\x04\xf7\x45\x53\xd1\x45\xab\
\x5b\x17\xef\xf7\x9d\x0a\xf5\x0f\xdf\x3c\xb2\xcc\x82\x99\x75\xef\
\x0d\x02\xbd\x0f\xc0\x34\xdf\xb9\x10\x11\x75\xfb\x93\x20\xf8\xab\
\xfa\xe6\x65\x4f\xf9\x4e\x84\xfa\x8e\x05\x40\x96\x88\xcf\x89\x47\
\x77\xec\x1e\xf3\x79\x85\x7e\x0d\x3c\xb5\x8f\x88\x32\x4f\x12\x82\
\x7f\x69\x9b\x3e\xe9\x6b\x3c\x5c\x28\x3b\xb0\x00\xc8\x02\x95\xb3\
\x6a\xcf\x43\x0a\xdf\x53\xa0\xdc\x77\x2e\x44\x44\xa7\x25\x78\x34\
\x1a\x24\xff\x66\x75\xcb\xe7\x5f\xf3\x9d\x0a\x9d\x9e\xf1\x9d\x00\
\x9d\xde\xfc\x92\xda\xcf\x68\x0a\xbf\xe5\x9b\x3f\x11\x65\x05\xc5\
\x87\x92\x12\x6d\x9e\x5f\x5a\xf7\x57\xbe\x53\xa1\xd3\xe3\x08\x40\
\x86\x9a\x3b\x65\x5d\x61\xfe\xf0\xbd\xcb\x21\x58\xe8\x3b\x17\x22\
\xa2\x81\x10\xe8\xbd\x91\x20\xaf\x8a\x0d\x82\x99\x89\x05\x40\x06\
\x5a\x30\xab\x66\x4a\x2a\x69\xbe\x2f\x82\xf7\xfa\xce\x85\x88\x68\
\x90\x5e\x52\x93\xfa\xf3\xb5\x9b\x6e\x6d\xf5\x9d\x08\x1d\x8f\x53\
\x00\x19\x66\x7e\x49\xed\x67\x82\x94\xd9\xc8\x37\x7f\x22\xca\x11\
\xd3\x24\x88\x3c\x55\x59\x56\xc7\xcd\xca\x32\x0c\x47\x00\x32\x44\
\xd5\xd4\xba\x82\x8e\xa1\xc1\x37\xa0\x52\xed\x3b\x17\x22\x22\x07\
\x14\xa2\x2b\x27\x8f\x69\xff\x7c\xfc\xb1\x78\xd2\x77\x32\xc4\x02\
\x20\x23\x2c\x98\xb9\xfc\x8c\x54\x2a\xf2\x3f\xfc\xd4\x4f\x44\x21\
\xf0\xeb\x40\xf5\x2f\xee\x6e\x59\xfa\xa6\xef\x44\xc2\x8e\x05\x80\
\x67\x0b\x8a\x57\x5e\x16\x98\xe0\xbf\x01\x4c\xf4\x9d\x0b\x11\x51\
\x9a\xbc\x0e\xd1\xcf\x35\x34\x2d\x7d\xc6\x77\x22\x61\xc6\x1e\x00\
\x8f\x2a\x4b\x6b\x63\x81\x09\x1e\x01\xdf\xfc\x89\x28\x5c\xce\x84\
\xca\xaf\xe7\x97\xae\x98\xef\x3b\x91\x30\xe3\x08\x80\x07\xf1\x39\
\xf1\xe8\xf6\x3d\xa3\xbf\xc5\xf9\x7e\x22\x0a\x3d\xc1\x7d\xc3\x86\
\xa5\x2a\x6b\x9e\xba\xf5\x90\xef\x54\xc2\x86\x05\x40\x9a\xcd\x2b\
\x59\x31\x41\x0c\x7e\x20\x2a\x97\xf9\xce\x85\x88\x28\x43\x3c\x13\
\x0d\xa2\xd7\xae\x6e\x5d\xfc\x86\xef\x44\xc2\x84\x05\x40\x1a\x55\
\x96\xac\xbc\x58\x25\xf8\x21\x80\x33\x7d\xe7\x42\x44\x94\x51\x04\
\xaf\xaa\xa4\x3e\xc1\xfd\x02\xd2\x87\x3d\x00\x69\x12\x2b\xad\xb9\
\x56\x25\xf8\x35\xf8\xe6\x4f\x44\x74\x32\xc5\x39\x12\x44\x9e\x9a\
\x5f\xba\xf2\x6a\xdf\xa9\x84\x05\x0b\x80\x34\x98\x5f\x56\xbb\x04\
\x30\x3f\x00\x30\xd4\x77\x2e\x44\x44\x19\x6c\x84\x20\x78\x20\x56\
\x5a\x57\xe9\x3b\x91\x30\x60\x01\xe0\x94\xca\xfc\xd2\x15\x5f\x17\
\xc5\x0a\xf0\xdf\x35\x11\x51\x5f\x44\x01\xbd\x2b\x56\xb6\xa2\x16\
\x50\x4e\x53\x3b\xc4\x7f\xb9\x8e\xcc\x9d\xb2\xae\xb0\x60\xc4\xde\
\x7f\x57\xe0\x3a\xdf\xb9\x10\x11\x65\x27\xd9\xd0\xb9\x6f\xc4\x0d\
\xf7\xbe\x72\xe3\x61\xdf\x99\xe4\x22\x16\x00\x0e\x2c\x9e\x71\xe7\
\xd8\xce\xfc\xe4\xfd\xec\xf4\x27\x22\x1a\xb4\xdf\x20\x3f\xf1\xe9\
\x86\xc6\xdb\x76\xf9\x4e\x24\xd7\xb0\x00\xb0\xec\xe6\xe2\xe5\x53\
\x23\x12\xf9\x19\x04\xe7\xf9\xce\x85\x88\x28\x37\xc8\x16\x89\xe8\
\xc7\xeb\x9f\x5b\xf2\x07\xdf\x99\xe4\x12\x16\x00\x16\x55\x96\xac\
\xbc\x58\x11\xfc\x1c\x82\x71\xbe\x73\x21\x22\xca\x31\x6f\x06\xc0\
\x27\xee\x6e\x5e\xd2\xe8\x3b\x91\x5c\xc1\xc6\x34\x4b\x2a\x4b\x57\
\x7c\x40\x25\xf8\x15\xdf\xfc\x89\x88\x9c\x98\x60\x80\xc7\x62\xc5\
\xb5\x1f\xf2\x9d\x48\xae\x60\x01\x60\x41\xac\xa4\xee\x13\x0a\x79\
\x10\xc0\x48\xdf\xb9\x10\x11\xe5\xb0\xe1\x30\xf8\x49\xac\xa4\xee\
\xa3\xbe\x13\xc9\x05\x2c\x00\x06\xa9\xb2\xac\xee\xff\x42\xf4\x87\
\x00\x86\xf8\xce\x85\x88\x28\x04\x86\x42\xf4\xc7\xf3\x4b\x6a\x3f\
\xe3\x3b\x91\x6c\xc7\x02\x60\x10\x2a\x4b\x6a\x17\xa8\xea\x77\x01\
\xe4\xf9\xce\x85\x88\x28\x44\xf2\x45\xb0\x61\x7e\x49\xed\xf5\xbe\
\x13\xc9\x66\x11\xdf\x09\x64\xab\xca\xd2\xba\x2f\xaa\xa0\x06\x2c\
\xa2\x88\x88\x7c\x30\x22\xb8\xe6\xe2\xf1\x57\x6d\x6b\x7c\xeb\xc1\
\x8d\xbe\x93\xc9\x46\x2c\x00\x06\xa0\xb2\xac\xf6\x5f\x15\xf8\x0a\
\xb8\x8a\x82\x88\xc8\x27\x03\x91\x4f\x95\x4f\xb8\x6a\x77\xe3\x5b\
\x0f\xfe\xd6\x77\x32\xd9\x86\x05\x40\x3f\xcd\x2f\x5d\xf1\x35\x40\
\xfe\xde\x77\x1e\x44\x44\x04\x00\x10\x40\x3e\x5e\x3e\xfe\x6a\x34\
\xbe\xf5\xe0\xaf\x7d\x27\x93\x4d\x58\x00\xf4\x43\xac\xb4\xf6\xab\
\x02\xf9\x47\xdf\x79\x10\x11\xd1\x09\x04\x73\x2e\x9a\x70\xd5\x90\
\xdf\xbf\xf5\xe0\xc3\xbe\x53\xc9\x16\x2c\x00\xfa\xa8\xb2\x74\xc5\
\x57\x00\xf9\x27\xdf\x79\x10\x11\xd1\xa9\x09\xe4\xf2\xf2\x09\x57\
\x47\x1a\xdf\x7a\xf0\x51\xdf\xb9\x64\x03\x16\x00\x7d\x10\x2b\xab\
\x8d\x03\xf2\x65\xdf\x79\x10\x11\x51\xaf\x3e\x58\x3e\xe1\xea\x8e\
\xc6\xb7\x1e\x7c\xc2\x77\x22\x99\x8e\x05\x40\x2f\x62\xa5\xb5\x7f\
\x0b\xe0\x9f\x7d\xe7\x41\x44\x44\x7d\x76\xe5\xc5\x13\xae\xde\xd7\
\xf8\xd6\x83\x4f\xf9\x4e\x24\x93\xb1\x00\x38\x8d\xf9\x25\xb5\xb7\
\x89\xe0\x1b\xbe\xf3\x20\x22\xa2\x7e\xfb\xe8\x45\x13\xae\xda\xfe\
\xfb\xb7\x1e\xfc\xbd\xef\x44\x32\x15\x97\xb1\xf5\x20\x56\x5a\xbb\
\x18\xc0\x9d\xbe\xf3\x20\x22\xa2\x01\x4b\x89\xc8\xf5\xf5\x4d\xd5\
\xdf\xf3\x9d\x48\x26\x62\x01\x70\x0a\x95\x25\x2b\xfe\x5a\x45\xfe\
\x1d\xdc\xe4\x87\x88\x28\xdb\x25\x44\xe4\xb3\xf5\x4d\xd5\x3f\xf6\
\x9d\x48\xa6\x61\x01\x70\x82\xca\xb2\xba\x4f\xa9\xea\xff\x00\x88\
\xfa\xce\x85\x88\x88\xac\xe8\x54\x98\x6b\xd7\x36\x57\xfd\xdc\x77\
\x22\x99\x84\x05\xc0\x31\x2a\x4b\x6b\x66\x2b\xcc\x43\x00\x86\xf9\
\xce\x85\x88\x88\xac\x3a\x28\xd0\xab\xeb\x9b\x97\x3e\xee\x3b\x91\
\x4c\xc1\x02\xa0\xdb\x82\x99\x75\x17\x06\x81\x3e\x0a\x60\x94\xef\
\x5c\x88\x88\xc8\x89\xb7\x03\xe0\xc3\x77\x37\x2f\x69\xf4\x9d\x48\
\x26\x60\x01\x00\xe0\xe6\xe2\xe5\x53\x23\x26\xf2\xbf\x00\x26\xfa\
\xce\x85\x88\x88\x1c\x52\xec\x4a\x69\x6a\xf6\xb7\x5b\x6f\xdd\xe2\
\x3b\x15\xdf\x42\x5f\x00\x2c\x98\xb9\xfc\x8c\x20\x88\x3c\x01\x60\
\x8a\xef\x5c\x88\x88\x28\x2d\x5e\x88\x20\xef\xb2\x35\xcd\x8b\xda\
\x7c\x27\xe2\x53\xa8\xbb\xdc\x17\x15\xaf\x1a\x1e\x68\xe4\x27\xe0\
\x9b\x3f\x11\x51\x98\x9c\x9f\x42\xe2\x47\x55\x53\xeb\x0a\x7c\x27\
\xe2\x53\x68\x0b\x80\x8a\x8a\xf5\x91\x84\x49\x7e\x17\x8a\x59\xbe\
\x73\x21\x22\xa2\xb4\xfb\x40\x47\xa1\xde\x0b\x68\x68\x47\xc2\x43\
\xbb\x13\xe0\x65\x91\xcb\x6b\x05\xb8\xc1\x77\x1e\x44\x44\xe4\x89\
\xa0\xa4\x7c\xe2\x33\x68\x7c\xf3\xc1\xc7\x7c\xa7\xe2\x43\x28\x0b\
\x80\x58\x49\x5d\xb5\x08\x78\xb8\x0f\x11\x11\x7d\xb0\x7c\xe2\xd5\
\xaf\x34\xbe\xf9\xe0\x26\xdf\x89\xa4\x5b\xe8\x86\x3e\xe6\x97\xae\
\xbc\x5a\x10\x3c\x00\x6e\xf4\x43\x44\x44\x5d\x12\x0a\xf9\xf8\xda\
\xe6\xea\x87\x7d\x27\x92\x4e\xa1\x2a\x00\x16\x94\xd5\x96\x04\x8a\
\x27\xc0\xb5\xfe\x44\x44\x74\xbc\xbd\x80\xb9\xbc\xa1\xb9\xaa\xd9\
\x77\x22\xe9\x12\x9a\x26\xc0\x9b\x2e\x5c\x39\x39\x50\xf9\x19\xf8\
\xe6\x4f\x44\x44\x27\x1b\x09\x04\x0f\x2c\x2a\x5e\x15\x9a\xfd\x60\
\x42\x51\x00\xcc\x9d\xb2\xae\x30\x9a\x0c\x7e\x04\xe8\x59\xbe\x73\
\x21\x22\xa2\x8c\x35\x25\x65\x92\x3f\x0c\xcb\xf2\xc0\x50\x14\x00\
\x79\x23\xf7\xde\x09\xe0\x3d\xbe\xf3\x20\x22\xa2\xcc\xa6\xc0\xa5\
\x1d\x43\x82\x5a\xdf\x79\xa4\x43\xce\xaf\x02\x88\x95\xae\xb8\x45\
\x20\x7f\xef\x3b\x0f\x22\x22\xca\x16\x72\xf1\xc5\xe3\xaf\x7a\xbd\
\xf1\xad\x07\x37\xfa\xce\xc4\xa5\x9c\x6e\x02\x8c\xcd\xac\xbd\x1c\
\x01\x1e\x01\x90\xe7\x3b\x17\xa2\x3e\x52\x00\xed\x00\xf6\x01\x38\
\x00\xe8\x01\x40\xda\x01\xd9\x2f\xd0\x03\x0a\x1c\x50\x68\x9b\x40\
\x0e\x00\xba\x5f\x20\x47\xbf\x0e\x20\x9d\x47\x82\x88\x04\xfb\x02\
\x95\xe4\x91\xaf\x0d\xcc\x81\x08\x92\x47\xbf\x9f\x4a\xe2\x50\x24\
\x5a\x70\x18\x00\x12\xda\x99\x9f\x27\x7a\xf4\x04\xcc\x14\xa2\xf9\
\x01\x82\xa3\x5f\x47\x10\xe4\x07\x88\x0c\x7b\x27\x96\xe6\x2b\x74\
\x98\x40\x8a\x00\x0c\xd7\xae\xd3\x33\x87\x03\x18\xdd\xf5\xbf\x32\
\x1c\xd0\x61\x02\x8c\x56\x60\x04\xde\xf9\x3e\xfb\x6f\x28\x9b\x1c\
\x0e\x80\xcb\x73\xf9\xe0\xa0\x9c\x2d\x00\x62\xe7\xd7\x4c\x42\xd4\
\xfc\x0e\xc0\x64\xdf\xb9\x50\xe8\x1d\x06\xb0\x5d\x45\x77\x18\x48\
\x9b\x02\x6d\xaa\xba\x1d\x22\x3b\x0c\xb4\x0d\x30\x6d\x29\xd5\xed\
\x41\xd4\xec\x38\x7b\xd4\xee\xb7\xe2\x8f\xc5\x93\xbd\x46\xcc\x52\
\xcb\x66\x2f\x1f\x72\x78\xbf\x4c\x4a\x19\x33\x59\x54\x8a\x80\xa0\
\x08\x6a\x26\xa9\x04\x93\x01\x29\x82\x62\x12\xba\xee\xd9\x22\x00\
\xe3\x11\x82\x51\x4a\xca\x68\x5b\x91\x9f\x28\x6f\x68\xbc\x6d\x97\
\xef\x44\x5c\xc8\xc9\x02\xa0\x6a\x6a\x5d\x41\xc7\x10\xfd\x35\x80\
\x4b\x7c\xe7\x42\x39\x2d\x00\xf0\x06\x20\xaf\x0a\xf4\x35\x15\x79\
\x0d\x01\xb6\x8a\xe8\xab\x62\x64\x2b\x34\x6f\xdb\x5d\x4d\x0b\x76\
\x02\xa2\xbe\x13\xcd\x46\xf1\x39\xf1\xe8\x5b\x3b\xdf\x35\xae\xd3\
\x24\xcf\x10\xc5\xd9\x30\x38\x5b\x14\xe7\x40\x71\xb6\x02\x67\x89\
\xe0\x6c\xf0\x04\x4f\x72\xef\x97\x6d\x33\x26\x7d\x7c\xc3\x86\xeb\
\x52\xbe\x13\xb1\x2d\x27\x0b\x80\x58\x49\xed\x5a\x08\xe6\xf9\xce\
\x83\xb2\x9e\x42\xb0\x55\x15\x2f\x09\xf0\x27\x81\xbc\x16\xa8\xbe\
\x0a\x91\xad\x2a\xb2\xf5\xed\xd4\xee\x6d\x1b\x5a\xe3\x9d\xbd\x87\
\x21\x57\xaa\xa6\xd6\x15\x74\x0e\xd7\xb3\x53\x81\x39\x4b\x54\xcf\
\x16\xd5\x73\xd0\x55\x18\x9c\x03\xc8\x34\xae\xfc\x21\x2b\x54\xfe\
\xb5\xa1\xa5\x3a\xe7\x7a\xc9\x72\xae\x00\x88\x95\xd5\xce\x83\x62\
\xad\xef\x3c\x28\xab\xb4\xab\xe2\x25\x31\x78\x11\xc0\x8b\x50\x7d\
\x49\x02\xf3\xd2\xd0\x91\xc9\x97\x6a\x9e\xba\xf5\x90\xef\xe4\x68\
\xe0\xae\x2f\xbb\x63\xd8\x30\x29\x98\xa6\xa9\x60\x9a\x8a\x4c\x03\
\x30\x03\xd0\x69\x5d\xc5\x01\x46\xfa\xce\x8f\xb2\x86\x02\xc1\x9f\
\x37\x34\x2f\xfb\x91\xef\x44\x6c\xca\xa9\x02\x60\xfe\xcc\xe5\xc5\
\x12\x44\x7e\x0b\x60\xa8\xef\x5c\x28\x23\xfd\x09\x90\x66\x68\xf0\
\x22\x8c\xbc\x14\x40\x5e\x8c\x22\xef\xc5\xbb\x9a\x16\xbe\xe5\x3b\
\x31\x4a\xbf\xd8\xf9\x35\x93\x4c\x04\xd3\x55\x4c\x57\x71\xa0\x3a\
\x03\x82\x12\x28\xce\xf1\x9d\x1b\x65\xa4\xbd\x11\xd1\xf7\xae\x69\
\x5a\xfa\xa2\xef\x44\x6c\xc9\x99\x02\x20\x56\x5e\x3f\x14\x9d\x1d\
\xbf\x05\xb4\xd8\x77\x2e\xe4\x5d\x87\x00\x2d\x0a\x6c\x82\xca\x26\
\x15\x6c\x4a\x44\x52\x9b\xee\x7d\x6e\x59\xbb\xef\xc4\x28\xf3\x2d\
\x2c\x5d\x5d\x94\x0a\x12\xb3\x10\x91\x99\xa2\xc1\x4c\x85\xcc\x04\
\x50\x0c\x20\xdf\x77\x6e\xe4\xdd\xf3\xd1\x20\x7a\xc9\xea\xd6\xc5\
\xfb\x7d\x27\x62\x43\xee\x1c\x88\xd3\x71\xb8\x16\x02\xbe\xf9\x87\
\x4f\xbb\x8a\xb6\x0a\xd0\x28\x40\x63\x4a\xa5\x75\xc8\x21\x69\x59\
\xb9\xa5\xba\xc3\x77\x62\x94\x9d\xd6\x34\x2f\x6a\x03\xf0\x68\xf7\
\x7f\x00\x74\x35\x24\x6e\x6b\x1b\x39\x5d\x02\x73\x01\x44\x8a\x05\
\x28\x57\xc5\x7b\x00\x4c\xf0\x96\x28\xf9\x70\x41\x22\x92\x5c\x01\
\xe4\x46\x8f\x59\x4e\x8c\x00\x54\x96\xac\xf8\x0b\x15\xf9\x2f\xdf\
\x79\x90\x73\xfb\x21\x78\x16\x81\x3c\x25\x06\x4f\x27\x22\xd2\x78\
\xcf\xc6\xaa\xed\xbe\x93\xa2\xf0\x5a\x54\xf2\xad\xb3\x52\x12\xbd\
\x48\x81\x4b\x01\xcc\x06\x70\x31\xba\xf6\x3d\xa0\x1c\x26\x22\x15\
\xf5\x4d\xd5\xff\xed\x3b\x8f\xc1\xca\xfa\x02\x60\x61\x69\xcd\xb9\
\x29\x98\xdf\x83\x9b\x8c\xe4\xa2\x1d\x80\x3c\xa1\xa2\x4f\x8a\xa0\
\xb1\x2d\xd9\xf6\x5b\x76\xdd\x53\x26\xab\xa8\x58\x1f\x19\xfd\xd2\
\xeb\x33\x8c\x9a\x72\x55\xb9\x0c\xc0\xe5\x00\xce\x47\x0e\x3c\x6b\
\xe9\x38\xed\x08\x30\xb3\xa1\x75\xc9\x56\xdf\x89\x0c\x46\x56\xff\
\x52\xc6\xca\xeb\xf3\xa4\xf3\xf0\xe3\xdd\xd5\x37\x65\xb7\x7d\x2a\
\xda\x04\xc5\x13\x46\xcc\x93\x9a\xd7\xf9\x54\xae\x6e\xbe\x41\xe1\
\x52\x35\xb5\x6e\xe4\xe1\x21\x78\xaf\x88\x5e\xde\x3d\x75\xf0\x3e\
\x00\x63\x7c\xe7\x45\x83\xf6\x78\xdb\x8c\x49\x57\x64\xf3\xfe\x00\
\xd9\xdd\x03\x90\xe8\xf8\x37\xbe\xf9\x67\xad\x36\x40\x7e\x2d\xaa\
\x8f\x88\xc1\xa3\x13\x9b\xda\x9e\x8f\x23\x1e\xf8\x4e\x8a\xc8\xb6\
\x95\x5b\xaa\xf7\x02\x78\xb8\xfb\x3f\xa8\xa8\x58\x1f\x19\xf5\xc2\
\xf6\x62\x31\xf2\x21\x28\x3e\x24\xc0\x07\xd1\xb5\x8d\x32\x65\x97\
\x0f\x14\x6d\xde\xf1\x79\x00\xdf\xf0\x9d\xc8\x40\x65\xed\x08\xc0\
\xbc\xb2\x95\x57\x18\x0d\x1e\x46\x16\xff\x7f\x08\x99\x03\x00\x9e\
\x12\xc8\xc3\x6a\xf4\x49\x44\x0b\x9f\x69\x68\xac\x4c\xf8\x4e\x8a\
\xc8\xb7\xa3\xd3\x06\x41\xe4\x32\x85\x5c\x09\xe8\x47\xc1\x29\xcd\
\x6c\x91\x30\x46\x2e\xbf\x6b\x53\xf5\x6f\x7d\x27\x32\x10\x59\xf9\
\xe6\x59\x35\xb5\x6e\x64\xc7\x50\x6d\xe2\x7a\xdd\x8c\x76\x48\x45\
\x7f\x0f\xc5\x13\x80\x79\xb8\x3d\xd8\xf3\x38\xe7\xef\x89\x7a\x57\
\x51\xb1\x3e\x32\x6a\xf3\x8e\x59\x11\xc8\x95\x0a\xbd\x12\xc0\x65\
\x00\x86\xf8\xce\x8b\x7a\x22\x5b\xa2\x41\xe4\xc2\x6c\x5c\x1a\x98\
\x95\x53\x00\x1d\x43\xb4\x86\x6f\xfe\x19\x69\xa3\x40\x7f\x0c\xe0\
\x57\xf9\x87\xcc\x33\x2b\xb7\x2c\xe1\x52\x3c\xa2\x7e\xea\x9e\x53\
\x6e\xec\xfe\xcf\xed\x73\xa7\xac\x2b\xcc\x1f\xb6\x77\xb6\x1a\xbd\
\x42\x44\x3e\x09\xc5\x2c\xcf\x29\xd2\x71\x74\x6a\xd2\x24\xbe\x09\
\x60\x81\xef\x4c\xfa\x2b\xeb\x46\x00\xe6\x97\xac\xf8\xa4\x88\xfc\
\xd8\x77\x1e\x74\x84\x3c\x25\xaa\xdf\x4b\xa6\x22\x0f\x7c\xfb\x85\
\x5b\x5e\xf5\x9d\x0d\x51\xae\x5b\x30\xab\x66\x4a\x90\x92\xcf\x08\
\xe4\x3a\xf6\x40\x65\x0e\x01\xae\xad\x6f\x5e\x72\xbf\xef\x3c\xfa\
\x23\xab\x0a\x80\xc5\x33\xee\x1c\x9b\xc8\x4b\xb5\x80\x27\x80\xf9\
\xb6\x13\x22\xdf\x91\x14\xee\xa9\x6f\xad\x7e\xde\x77\x32\x44\x61\
\xd5\xb5\xfd\xb9\x99\x07\xc8\xf5\x00\xc6\xfa\xce\x27\xd4\x14\xbb\
\x90\x0a\xca\x1a\x5e\x58\xb6\xc3\x77\x2a\x7d\x95\x55\x05\x40\x65\
\x69\xed\xf7\x15\xb8\xce\x77\x1e\x21\xf6\x27\x15\xd4\x4a\x5e\xe1\
\xda\x86\xc6\xca\x83\xbe\x93\x21\xa2\x2e\x55\x53\xeb\x0a\x3a\x87\
\x06\x7f\xa1\x2a\x7f\x0f\x60\x9a\xef\x7c\x42\xec\xa7\x0d\xcd\x4b\
\x3e\xe9\x3b\x89\xbe\xca\x9a\x02\x80\xbb\xfd\xf9\x24\x5b\x44\xf0\
\x4f\x7b\xa6\x4f\x5c\x9f\xcd\x6b\x5e\x89\x72\x5d\x45\xc5\xfa\x48\
\xd1\xe6\x1d\x7f\x01\xe0\xab\x00\xde\xed\x3b\x9f\x90\xfa\xab\x86\
\xe6\x25\xff\xe9\x3b\x89\xbe\xc8\x8a\x02\x60\x51\xf1\xaa\x89\x49\
\x93\x6c\x01\x87\xb8\xd2\x6d\xa7\x28\xbe\xa6\x05\x85\x77\x71\xc9\
\x1e\x51\xf6\xa8\x28\x8e\xe7\x17\xc9\x98\x05\x80\xfe\x23\x04\xe3\
\x7c\xe7\x13\x32\xbb\x8d\xe4\x5f\x90\x0d\xa7\x8c\x66\xc5\x2a\x80\
\x94\x49\xd6\x82\x6f\xfe\xe9\x14\x00\xba\xb6\x33\xa2\x5f\xe2\x09\
\x7a\x44\xd9\xa7\x7b\xc9\x6d\xdd\xdc\x59\x35\xdf\xc9\x4f\xc9\xd7\
\x01\x89\x21\x4b\x3e\xf0\xe5\x80\xb1\x29\xed\x5c\x05\xa0\xc2\x77\
\x22\xbd\xc9\xf8\x5f\x88\xca\xd2\xda\x8f\x2b\xf0\x53\xdf\x79\x84\
\x87\xb4\xaa\x6a\x6c\x6d\xcb\x92\xdf\xf8\xce\x84\xde\x51\x35\xb5\
\xae\xe0\x60\x41\x72\x58\xbe\x91\xd1\x09\x95\xe1\x02\x19\x6e\xa0\
\xc3\x54\x30\x5a\xd5\x8c\x30\xd0\x61\x10\x19\xda\xf5\xd3\xc1\xd0\
\x00\x28\x38\xf2\x5a\xa3\x52\xa8\x72\xdc\x3a\xf2\x3c\x40\x86\x1f\
\x7f\x05\x3d\x08\xa0\xe3\xd8\xaf\xf5\x98\xaf\x05\x72\x40\x20\x5d\
\xfb\x38\xa8\x1e\x84\x60\xbf\x42\xf7\x8b\xa2\x1d\xa2\xfb\x15\xd1\
\xfd\x11\x24\x0f\x00\x05\x6d\xa9\xfc\xc8\x7e\x8e\x18\x65\x96\x05\
\xc5\x2b\x2f\x0b\x4c\xd0\x00\xe0\x02\xdf\xb9\x84\x45\x36\x1c\x18\
\x94\xd1\x05\x40\xac\xbc\x7e\x28\x3a\x0f\x37\x03\x38\xd7\x77\x2e\
\xa1\x20\xb8\x0f\x79\x85\x0b\xd8\xe0\xe7\x92\xca\x8d\x17\xae\x1c\
\x97\xdf\x89\x77\xc1\x04\xe3\x20\x66\xbc\xaa\x4e\x80\x62\x1c\x44\
\xc6\x09\x74\xbc\x76\x1d\x31\x3b\x16\x5d\xa7\xca\x8d\x06\x30\x1c\
\x40\x9e\xd7\xb4\xfb\xaf\x03\x5d\xbb\x3f\xb6\x03\xd8\xa7\x90\x36\
\x11\xbc\x09\xc5\x4e\x05\x76\x42\x82\x5d\x08\x64\x87\x1a\xd9\x65\
\x54\x76\xe6\x25\x64\xe7\xaa\xcd\xb7\xec\xf6\x9c\x73\x4e\xab\x9a\
\x5a\x57\xd0\x31\x34\xf8\x06\x54\xaa\x90\xe1\xcf\xfe\x1c\xf1\x66\
\x04\x79\xe7\x77\x1f\x2f\x9d\x91\x32\xfa\x97\xa0\xb2\xac\xf6\x0e\
\x55\xdc\xe6\x3b\x8f\x9c\xa7\xd8\x25\x46\x6e\xaa\x6f\xaa\xe6\xfe\
\x0a\x83\xb0\x6c\xf6\xf2\x21\x07\xf6\xe7\x9d\x23\x9a\x3a\x0b\xc0\
\xd9\x6a\xe4\x2c\x28\xa6\x08\xf4\x2c\x85\x8c\x07\xf0\x2e\x00\xe3\
\x00\x44\xfc\x66\x9a\xb1\x92\x00\x76\x02\xd8\xa5\xc0\x1b\x06\xba\
\x4d\x45\x5e\x15\xc5\xab\x01\xe4\x35\x18\xb3\x35\xf1\xf6\xb0\xad\
\xf7\xbe\x72\xe3\x61\xdf\x89\x66\xb3\xf9\x65\x2b\xae\x11\x95\x7b\
\xc0\x69\x55\xe7\x54\x70\xd7\xda\xa6\x25\x0b\x7d\xe7\xd1\x93\x8c\
\x2d\x00\xe6\x95\xac\x28\x33\x22\xbf\x43\xf6\x7d\xf2\xc9\x36\xcd\
\x81\x98\x4f\xdf\xdd\x54\xf5\x27\xdf\x89\x64\xba\x9b\xa6\xdf\x3e\
\xc2\xe4\x17\x4e\x13\xd1\x29\x02\x73\x96\x04\x3a\x05\x82\xb3\x15\
\x7a\x16\x80\xb3\xd1\xf5\x26\x4f\xee\xbd\x01\xe0\x35\x28\xb6\x42\
\xb0\x55\x05\xaf\x22\xc0\x56\x31\xc1\xab\xd1\x54\xfe\x4b\xd9\xb8\
\x25\x6b\xba\xcd\x2b\xab\x3b\xd3\x28\xee\x07\xf4\x22\xdf\xb9\xe4\
\xb8\x40\x15\xef\xcf\xd4\x29\xd5\x8c\x2c\x00\xe2\x88\x9b\xed\xa5\
\x63\x9e\x00\x74\xb6\xef\x5c\x72\xdc\x4f\x0b\x0e\xc9\x5f\x76\x9f\
\x56\x46\xdd\x6e\xba\x70\xe5\xe4\x48\x52\x2f\x30\xd0\x73\x55\xb4\
\x18\x2a\x17\xa0\x6b\x1a\x6a\x0a\x00\xe3\x37\x3b\xea\x83\x36\x15\
\x7d\x5e\x54\x5a\x05\xf2\xb2\x22\x78\x59\x4d\xf0\x7c\xfb\xb4\x33\
\x37\x73\x19\xeb\x3b\x16\x15\xaf\x1a\x9e\x32\xc9\xef\x28\xf0\x19\
\xdf\xb9\xe4\xb8\x16\xe4\x17\x5e\x94\x89\x7d\x31\x19\x59\x00\xc4\
\x4a\xea\xaa\x21\x5a\xeb\x3b\x8f\x5c\xa6\xc0\xca\xb5\xcd\xd5\x4b\
\x00\x51\xdf\xb9\xf8\x10\x2b\xaf\x1f\x6a\x92\x1d\x25\xa9\x14\x4a\
\x20\xc1\x34\x03\x99\xa6\xc0\x0c\x74\xad\x9d\xce\xf7\x9d\x1f\x39\
\xd1\x01\xe0\x0f\x50\xbc\x28\x06\x2f\x29\xf0\xa2\xa6\xf4\xf9\xe1\
\x23\x83\x96\x9a\xa7\x6e\x3d\xe4\x3b\x39\x1f\xba\x3f\x6c\xd5\x02\
\x7a\x8b\xef\x5c\x72\x99\x40\xbe\x54\xdf\x5c\x7d\xbb\xef\x3c\x4e\
\x94\x71\x05\x40\xd7\xd0\x94\x3e\x0f\x60\x84\xef\x5c\x72\x95\x42\
\xff\x79\x6d\xf3\xd2\x7f\xf4\x9d\x47\xba\x2c\x2c\x5d\x5d\x94\x32\
\x89\x62\x55\x94\x0b\x50\x0e\x45\x39\x80\xe9\xe0\x5c\x3c\x75\x49\
\x01\x78\x55\x04\xcf\x2b\xd0\x28\x90\xc6\x48\x2a\xf2\xec\xea\xd6\
\xc5\x6f\xf8\x4e\x2c\x5d\x62\x25\x75\xff\x02\xd1\xbf\xf3\x9d\x47\
\x0e\x3b\x98\x4a\x46\x2e\xc8\xb4\xf3\x52\x32\xae\x00\x88\x95\xd6\
\xfe\x07\x80\xbf\xf4\x9d\x47\x0e\xfb\x7f\x0d\xcd\x4b\xbe\xee\x3b\
\x09\x17\x2a\x2a\xd6\x47\xc6\x6d\xde\x76\x4e\x20\x91\x62\x85\x96\
\x0b\x50\xae\x5d\x6f\xf6\x93\x7c\xe7\x46\x59\xa9\x6b\x2a\x01\x68\
\x14\xa0\x31\x90\xa0\xf1\x8c\x4d\x7b\x5f\x88\x23\x1e\xf8\x4e\xcc\
\x85\x58\x69\xed\x97\x00\xfc\x9b\xef\x3c\x72\x96\xe2\x07\x0d\x2d\
\x4b\x3e\xe7\x3b\x8d\x63\x65\x54\x01\x50\x59\x5a\x33\x5b\x61\x9e\
\x44\x86\xe5\x95\x2b\x72\xed\x93\x7f\xec\xfc\x9a\x49\x88\xe2\x12\
\xa8\xbc\x4f\x44\x2e\x55\xa0\x1c\xc0\x50\xdf\x79\x51\x4e\xdb\x8f\
\xae\x63\x7a\x9f\x52\xd1\xa7\x22\x28\x78\x3a\x1b\x76\x7c\xeb\xab\
\x58\x49\xed\x3f\x43\xf0\xf7\xbe\xf3\xc8\x55\x6a\xf4\xaa\xb5\x9b\
\x96\xfe\xc2\x77\x1e\x47\x64\xcc\x1b\x6d\xd7\x5c\xd4\xe8\x67\x00\
\xb9\xd8\x77\x2e\xb9\xa8\x6b\xce\x7f\x49\xb5\xef\x3c\x06\x2a\x3e\
\x27\x1e\xdd\xd6\x36\x72\xba\x09\x22\x97\xa9\xe0\xf2\xee\x61\xfc\
\xf3\x91\x41\xbf\xc3\x14\x5a\x3b\x00\x79\x42\x45\x9f\x14\x41\x63\
\xc1\x01\x79\x76\xe5\x96\xea\x8e\xde\x5f\x96\x99\x62\xa5\xb5\x77\
\x02\x58\xec\x3b\x8f\x1c\xf5\x3c\xf2\x0b\x67\x65\x4a\x43\x60\xc6\
\x6c\x05\xbc\xad\x64\xcc\x5c\x81\xf2\xcd\xdf\x01\x05\xee\x3f\xa3\
\xb9\x6d\xa9\xef\x3c\xfa\x23\x76\x7e\xcd\x24\xcd\x93\xf7\x09\xcc\
\x6c\x45\x70\xe9\xf6\xdd\x52\x2e\x40\xa1\x02\x40\x28\xdb\x16\x29\
\x83\x4d\x02\xb4\x42\x14\x15\x50\xa0\x63\x88\x1e\x88\x95\xd6\xfe\
\x0e\x59\x3a\x4a\x30\xb9\xb9\xad\x7a\x5b\x69\xd1\x99\x02\x7c\xda\
\x77\x2e\x39\xe8\x02\xe9\x3c\x5c\x05\x60\xb9\xef\x44\x80\x0c\xf9\
\xf4\x54\x35\xb5\x6e\x64\xc7\x10\x7d\x11\xc0\x44\xdf\xb9\xe4\xa0\
\xa6\x68\x10\xbd\x2c\xd3\xd7\x46\xdf\x34\xfd\xf6\x11\x91\xfc\x21\
\x97\x00\xc1\x95\x06\x72\xa5\x02\x17\x21\x43\x7e\x3f\x89\x2c\x78\
\x19\xc0\xc3\x80\x3e\x9c\x0a\x82\x5f\x7d\xbb\xf5\xd6\x3d\xbe\x13\
\x3a\x9d\x9b\xa6\xdf\x3e\x22\x9a\x5f\xf8\x1b\x00\x25\xbe\x73\xc9\
\x41\x7b\x03\xd5\x69\x77\xb7\x2c\x7d\xd3\x77\x22\x19\xf1\x80\x8d\
\x95\xac\xf8\x06\x44\xbe\xe0\x3b\x8f\x1c\xb4\xdb\x44\x82\x8b\xef\
\x7a\x6e\xd9\x2b\xbe\x13\x39\xd1\xf5\x65\x77\x0c\x2b\xd4\x82\xd9\
\xc7\xbc\xe1\x5f\x08\xae\xb1\xa7\x70\x08\x00\x6c\x06\xf0\x04\xa0\
\x0f\x23\x7f\xc8\x2f\x1b\x1a\x2b\xdf\xf6\x9d\xd4\x89\xe6\x95\xad\
\xfc\x33\xa3\xc1\xb3\xe0\x8e\x81\x2e\x34\x34\x34\x2f\xa9\xf4\x9d\
\x84\xf7\x02\x20\x56\x52\xf7\x6e\x88\xb6\xe2\x98\xc3\x4b\xc8\x0a\
\x15\xe0\x33\xf5\xcd\x4b\xee\xf7\x9d\x08\xd0\x35\x87\xff\xfa\xee\
\xa2\x99\x11\xc8\x95\x0a\xbd\x12\xc0\x07\xc0\xf5\xf6\x44\x00\x90\
\x14\x60\x53\x00\x7d\x18\x30\x0f\x27\xf6\x8d\x78\x22\x53\xb6\x3b\
\xee\x3e\x8c\xed\x27\xc8\x80\xf7\x8a\x1c\x93\x02\xcc\x85\x0d\xcd\
\x55\xcd\x3e\x93\xf0\xfe\x97\x1a\x2b\xa9\x7d\x00\x82\x4f\xf9\xce\
\x23\xd7\x64\x42\xd3\xdf\xa2\xe2\x55\xc3\x93\x26\x79\x0d\x14\xff\
\x07\x82\x8f\x00\x28\xf4\x99\x0f\x51\x96\x38\x04\xc5\xc3\x6a\xf0\
\x9f\x92\x57\xf8\x80\xef\xc3\xb9\x62\x25\xb5\xab\x21\xc8\xd8\xfd\
\xec\xb3\x95\x40\x1f\xa9\x6f\x5e\xfa\x61\xbf\x39\x78\xb4\xa0\xa4\
\x66\x4e\x20\xe6\x51\x9f\x39\xe4\xa8\xe7\x3b\xf7\x8d\x2c\xf7\xf5\
\x29\x22\x36\xb3\xf6\x72\xa8\xdc\x02\xd5\x4f\x81\xcb\xf2\x88\x06\
\x63\xbf\x00\xf7\xab\xc1\x5d\x0d\x9b\x96\x3c\xe1\x23\x81\xae\x43\
\xae\x22\x8d\xe8\x5a\x75\x43\x16\xf9\x5e\x16\xe8\xb5\x00\x88\x95\
\xd6\xfd\x86\xfb\xfd\x5b\xa7\x30\xf8\x80\x8f\x87\xc5\xfc\x92\xda\
\xf7\x19\x83\xff\xa7\x8a\x4f\xa6\xfb\xda\x44\xb9\x4e\x45\x9f\x8c\
\x04\xfa\x0f\x77\xb5\x2c\x7b\x2c\xdd\xd7\x9e\x57\x56\xf7\x7e\xa3\
\xfa\x6b\x64\xc0\xa8\x71\x8e\x69\x69\x9b\x31\x69\x96\xaf\x33\x2a\
\xbc\xfd\x65\xc6\x4a\x6b\xae\x05\xcc\x0f\x7d\x5d\x3f\x87\xa5\xbd\
\xb9\xa4\x72\x56\xed\x79\x41\x0a\xab\x04\xf8\x48\x3a\xaf\x4b\x14\
\x4e\xfa\x73\x89\xc8\x92\xfa\xe7\x96\xfc\x21\x9d\x57\x8d\x95\xd4\
\xae\x85\x60\x5e\x3a\xaf\x19\x06\x0a\xb9\x71\x6d\x73\xf5\xbd\x3e\
\xae\xed\xa5\xeb\x3a\x8e\xb8\x01\xcc\xd7\x7c\x5c\x3b\xc7\xed\x8e\
\x20\xef\x4b\xe9\xbb\x9c\x4a\x65\x69\x6d\x4c\x53\xd8\xc8\x37\x7f\
\xa2\x74\x91\xab\x35\x85\x4d\x95\xa5\x75\x5f\xec\x7a\x96\xa6\x47\
\x44\xf2\xfe\x16\x8a\x5d\xe9\xba\x5e\x58\x88\x68\xbc\x6a\x6a\x9d\
\x97\x26\x78\x2f\x05\xc0\x8e\xb2\xd1\x7f\x0d\xae\x2f\xb5\x4e\x05\
\x5f\x5b\xd3\xbc\xa8\x2d\x1d\xd7\x5a\x30\xab\x66\x4a\x65\x69\xdd\
\xaf\x15\xa8\x07\x30\x2c\x1d\xd7\x24\xa2\xa3\x86\x28\xf4\xeb\x3b\
\x4a\x47\x3f\x14\x2b\xae\x3d\x3b\x1d\x17\x5c\xd3\xbc\xa8\x0d\x46\
\xfe\x25\x1d\xd7\x0a\x15\xc5\x39\x1d\x85\xf0\xb2\x24\x30\xed\x05\
\x40\x45\x71\x3c\x5f\x55\xbe\x9c\xee\xeb\x86\xc0\x9f\x0a\x0f\xca\
\x5d\xe9\xb8\xd0\xfc\xe2\x15\xef\x09\x52\xe6\x69\x05\xde\x9f\x8e\
\xeb\x11\xd1\xa9\x29\xe4\x0a\x18\xfc\xbe\xb2\xb4\x26\x2d\xbd\x54\
\x6d\xa9\x3d\xab\x01\xfc\x31\x1d\xd7\x0a\x15\xd1\x7f\xb8\x69\xfa\
\xed\x69\x3f\x01\x37\xed\x05\x40\x91\x19\x1d\x03\x70\x6e\xba\xaf\
\x9b\xeb\x14\xf2\x8f\xe9\xd8\x7f\x7c\xfe\xcc\x15\x1f\x13\x23\xbf\
\x02\x30\xc1\xf5\xb5\x88\xa8\x4f\xc6\x2a\xcc\x43\xb1\x92\xba\x4f\
\xb8\xbe\xd0\x86\xd6\x78\xa7\x2a\xbe\xe2\xfa\x3a\x21\xf4\xae\xbc\
\xfc\x21\x4b\xd2\x7d\xd1\xb4\x16\x00\xd7\x97\xdd\x31\x0c\x90\x7f\
\x48\xe7\x35\x43\xe2\x4f\x67\x8c\xdd\xf3\x7d\xd7\x17\x99\x5f\x5a\
\x37\x57\x02\xf9\x29\x80\xb4\x57\xaa\x44\x74\x5a\xc3\x20\xfa\xa3\
\xca\xb2\x15\x37\xb8\xbe\xd0\x19\xe3\xda\xbe\x07\xe0\x15\xd7\xd7\
\x09\x1b\x85\xde\xb6\xb0\x74\x75\x51\x3a\xaf\x99\xd6\x02\xa0\x30\
\xc8\xaf\x06\x3f\x39\x3a\xa0\xcb\xe3\x8f\xc5\x93\x2e\xaf\x50\x59\
\x5a\xfb\x71\x81\xae\x05\x10\x71\x79\x1d\x22\x1a\xb0\xa8\xaa\xdc\
\x53\x59\x5a\xeb\xf4\x10\x9f\xf8\x63\xf1\xa4\x68\x66\x1c\x66\x93\
\x63\x46\xa5\x90\x58\x96\xce\x0b\xa6\xad\x00\xb8\xbe\xec\x8e\x61\
\x22\x48\xeb\xff\xb9\x90\xd8\x8d\xfc\x21\xf7\xb8\xbc\x40\x65\xc9\
\xca\x8b\x15\xf8\x3e\x32\xe8\xf4\x48\x22\x3a\xa5\x88\x02\xff\x19\
\x2b\x5b\x71\x89\xcb\x8b\x1c\x34\x9d\xf7\x00\xc8\xe8\x03\x8d\xb2\
\x54\x75\x3a\x47\x01\xd2\x56\x00\x0c\xd5\xfc\x4a\x00\xef\x4a\xd7\
\xf5\xc2\x42\x14\xdf\x75\xb9\x55\xe8\x82\x59\x35\x53\x54\x52\x3f\
\x05\x30\xdc\xd5\x35\x88\xc8\xaa\xa1\x50\xf9\xa1\xcb\xd5\x01\xf7\
\x35\x7d\xe1\x00\x44\xbf\xeb\x2a\x7e\x88\x8d\x4a\x49\x22\x6d\xbd\
\x00\x69\x29\x00\xaa\xa6\xd6\x15\x28\x70\x6b\x3a\xae\x15\x3a\x2a\
\xeb\x5c\x85\x8e\x23\x6e\x52\xa9\xc8\x3a\x40\xc6\xbb\xba\x06\x11\
\x39\x31\x49\x23\xfa\x9f\x4e\xf7\x09\xd0\xc8\xdd\xce\x62\x87\x99\
\x62\x69\xba\x46\x01\xd2\x52\x00\x74\x16\xea\x8d\x00\xce\x48\xc7\
\xb5\x42\xe6\xd9\xfa\xd6\xea\x4d\xae\x82\x6f\x2f\x1b\x53\x2d\xd0\
\x39\xae\xe2\x13\x91\x3b\xa2\x72\xd9\x8e\x92\xa2\xc5\xae\xe2\x77\
\x9d\x64\xa7\xbf\x73\x15\x3f\xc4\x46\xa5\x34\x91\x96\x83\xdc\x9c\
\x17\x00\xf1\x39\xf1\xa8\x0a\xfe\xd6\xf5\x75\xc2\x48\x80\xff\x72\
\x15\x7b\x61\xd9\x8a\xe9\x50\xfd\x57\x57\xf1\x89\xc8\x3d\x15\x7c\
\xbd\x72\x56\xed\x79\xae\xe2\x0b\xe4\x7b\xae\x62\x87\x9a\x60\xc9\
\xa2\xe2\x55\xce\xa7\x5d\x9d\x17\x00\xdb\xf7\x14\xfd\x15\x80\x3f\
\x73\x7d\x9d\x30\x32\x08\x7e\xe4\x2a\x76\x10\x98\x5a\x00\x43\x5c\
\xc5\x27\xa2\xb4\x18\x8a\xa4\xac\x74\x15\x5c\x22\xc1\xff\xb8\x8a\
\x1d\x72\x45\x29\x49\xde\xe8\xfa\x22\x4e\x0b\x80\x38\xe2\x06\x2a\
\x5f\x70\x79\x8d\x10\x6b\x5a\xd3\xbc\xec\x65\x17\x81\xe7\x97\xd4\
\xbe\x4f\x45\x3f\xe6\x22\x36\x11\xa5\x97\x8a\x7e\x6c\x5e\x59\x9d\
\x93\x5d\x3b\xef\x7a\x6e\xd9\x2b\x00\x9a\x5d\xc4\x0e\x3b\x15\x2c\
\x8b\xcf\x89\x3b\x5d\x79\xe5\xb4\x00\xd8\x5e\x3a\xfa\xb3\x80\x16\
\xbb\xbc\x46\x58\x89\xe0\xa7\x0e\x63\x7f\xd5\x55\x6c\x22\x4a\x3f\
\xa3\xea\x6e\x03\x36\x95\x1f\x3b\x8b\x1d\x6e\x7f\xb6\x63\xcf\x98\
\x6b\x5d\x5e\xc0\xf5\x14\x00\xe7\xfe\x1d\x09\x54\x1e\x71\x11\xb7\
\xb2\x74\xc5\x07\x00\x7c\xd8\x45\x6c\x22\xf2\xe6\xa3\xf3\x4b\x6a\
\xdf\xe7\x22\x70\xd0\xb5\x35\x38\x39\xa0\xaa\xb7\xb9\x8c\xef\xac\
\x00\x88\xcd\xac\xbd\x1c\x90\x8b\x5d\xc5\x0f\xb9\x8e\xe1\xc3\x93\
\x4f\xba\x08\x1c\x00\x0b\x5c\xc4\x25\x22\xbf\x04\xa8\x72\x11\x37\
\xb9\x77\xf8\x6f\x00\x1c\x76\x11\x9b\x70\x49\xd7\x7b\xa9\x1b\xce\
\x0a\x00\x0d\x90\xf6\x83\x0d\x42\x43\xf0\x9b\x9a\xa7\x6e\x3d\x64\
\x3b\xec\xf5\x65\x77\x0c\x13\xc8\x35\xb6\xe3\x12\x51\x06\x10\x5c\
\xe3\xa2\xb3\xfc\xde\x57\x6e\x3c\xac\x90\xa7\x6d\xc7\xa5\x6e\x81\
\x7c\xde\x55\x68\x27\x05\x40\xac\xb8\xf6\x6c\x01\x9c\xce\x5d\x84\
\x9a\xe2\x51\x17\x61\x0b\xb5\xe0\x5a\x00\xc3\x5c\xc4\x26\x22\xef\
\x86\x26\x22\xc9\x4f\x3a\x8a\xed\xe4\x99\x44\x00\xa0\x9f\x9e\x57\
\x52\x73\xbe\x8b\xc8\x6e\x46\x00\x44\x6f\x01\xf7\x8d\x77\x46\x15\
\x4e\xe6\xdc\x8c\xe8\xff\x71\x11\x97\x88\x32\x84\xc2\xc9\x3d\x2e\
\x46\x9d\xf4\x24\x11\x00\x40\xc4\x18\x27\x1b\x03\x59\x2f\x00\x62\
\xe5\xf5\x43\x21\x72\xb3\xed\xb8\x74\xd4\x7e\x29\x28\x7c\xd6\x76\
\xd0\xb9\x53\xd6\x15\xaa\xe2\x4a\xdb\x71\x89\x28\x73\x08\xf0\xb1\
\xb9\x53\xd6\x15\x5a\x0f\x1c\x2d\x7c\x06\xc0\x01\xeb\x71\x09\x00\
\x20\x8a\xb9\xf3\x4a\x56\x58\x3f\x49\xd7\x7a\x01\xa0\x89\x43\x73\
\x01\x8c\xb1\x1d\x97\xba\x28\xf0\x78\x43\x63\x65\xc2\x76\xdc\xe8\
\xc8\xfd\xef\x03\x60\xff\xc1\x40\x44\x99\xa4\x30\x7f\xd8\xde\xd9\
\xb6\x83\x36\x34\x56\x26\x44\xe5\x09\xdb\x71\xe9\xa8\x42\x03\xb1\
\xde\xa0\x6d\xb9\x00\x50\x11\x95\x5b\xec\xc6\xa4\xe3\x38\x9a\xff\
\x37\x41\x70\x85\x8b\xb8\x44\x94\x61\x0c\x3e\xe4\x22\xac\x0a\xa7\
\x01\x9c\x12\x5d\x54\x35\xb5\xae\xc0\x66\x48\xab\x05\xc0\xfc\xd2\
\x3b\xaf\x02\xe0\xa4\x59\x81\xba\x88\x09\xdc\xdc\x64\x22\x2c\x00\
\x88\x42\x40\x45\x9d\xdc\xeb\x1a\x28\x1b\x01\x9d\x92\xf1\x9d\x43\
\xf1\xe7\x36\x23\x5a\x2d\x00\x44\x83\x85\x36\xe3\xd1\x49\xf6\x4c\
\x6e\x7a\xfb\x39\xdb\x41\x6f\x9a\x7e\xfb\x08\x40\xb9\x67\x03\x51\
\x08\x88\xca\x25\x5d\xf7\xbc\x5d\xed\x17\x4c\xfe\x3d\x80\x76\xdb\
\x71\xe9\x1d\xaa\x6a\x75\x1a\xc0\x5a\x01\x10\x3b\xbf\x66\x12\x04\
\x57\xdb\x8a\x47\xa7\x20\xfa\x58\x1c\xf1\xc0\x76\xd8\x68\xde\x90\
\x0f\x00\xc8\xb3\x1d\x97\x88\x32\x52\x34\x92\x3f\xd4\xfa\xe6\x32\
\x1b\x36\x5c\x97\x02\xe4\x71\xdb\x71\xe9\x38\x1f\x58\x50\x56\x5b\
\x62\x2b\x2c\x0d\xfb\x0f\x00\x00\x20\x00\x49\x44\x41\x54\x98\xb5\
\x02\x40\xa2\x91\x9b\xc1\xa5\x7f\x6e\x39\xda\xfe\xd7\xd5\x9c\x20\
\x11\x65\x26\xd1\x94\x9b\x7b\x5e\xb8\x1f\x80\x6b\x01\x74\xbe\xad\
\x58\x56\x0a\x80\x38\xe2\x46\xa1\xce\x8f\x2e\x0c\x3b\x35\xa9\xc7\
\xdc\x04\x76\x33\x27\x48\x44\x19\x4a\xdc\x14\xfd\x41\xe0\xa8\x47\
\x89\xde\xa1\x72\xc3\xf5\x65\x77\x58\xd9\xb0\xcd\x4a\x01\xb0\xad\
\x74\xcc\x15\x00\xce\xb5\x11\x8b\x7a\xd4\x7e\xc6\xa6\xbd\x2f\xd8\
\x0e\x7a\x73\xf1\xf2\x31\x00\x66\xda\x8e\x4b\x44\x99\x4c\x2e\x5c\
\x58\xba\xba\xc8\x76\xd4\x33\x5b\xda\x5b\x00\xec\xb5\x1d\x97\x8e\
\x33\xba\x50\x0b\x2a\x6c\x04\xb2\x52\x00\x18\x8b\x43\x12\xd4\xa3\
\xa7\x5d\xcc\xff\x9b\x88\xf9\x10\xdc\x9f\x0a\x49\x44\x99\x25\x92\
\x42\xc7\x07\x6d\x07\xed\x7e\x46\xfd\xd6\x76\x5c\x3a\x9e\x58\x1a\
\x71\x1f\xf4\x83\x7f\xf1\x8c\x3b\xc7\x2a\xf0\x69\x1b\xc9\x50\xcf\
\x14\xf2\x94\x8b\xb8\xa2\xc2\xf9\x7f\xa2\x30\x12\x67\xf7\xbe\x93\
\x67\x15\x1d\xe7\xfd\x37\x17\x2f\x9f\x3a\xd8\x20\x83\x2e\x00\x12\
\xd1\xe4\x5c\x00\x56\x37\x27\xa0\x93\x19\x0d\x5c\xdd\x54\x1f\x76\
\x14\x97\x88\x32\x99\xba\xd9\xfb\x43\x61\x58\x00\xb8\x27\x11\x89\
\xcc\x1d\x6c\x90\xc1\x0f\xfd\x8a\xdc\x34\xe8\x18\xd4\x9b\x40\x0b\
\x86\x58\x1f\x56\x5b\x54\xbc\x6a\x22\x80\x19\xb6\xe3\x12\x51\x56\
\x28\x5e\x50\xb6\x66\xbc\xed\xa0\x89\x48\xf2\x29\x00\x6a\x3b\x2e\
\x9d\x40\x30\xb7\xa2\x62\x7d\x64\x30\x21\x06\x55\x00\x2c\x98\x59\
\xf7\x5e\x00\x17\x0c\x26\x06\xf5\x85\xbc\xd0\xd0\x58\xf9\xb6\xed\
\xa8\x29\x49\xbd\xcf\x76\x4c\x22\xca\x1a\xa2\xda\x69\xfd\x5c\x80\
\x7b\x9f\x5b\xd6\x0e\xe0\x45\xdb\x71\xe9\x24\x67\x8c\x7e\x69\xfb\
\xa0\x0e\x70\x1b\x54\x01\xa0\x29\xfd\xcb\xc1\xbc\x9e\xfa\x46\x80\
\xdf\x38\x09\x6c\xd4\xfa\xcd\x4f\x44\xd9\x43\x81\x4b\x5d\xc4\x15\
\xe8\xd3\x2e\xe2\xd2\xf1\x4c\x20\xd7\x0f\xea\xf5\x03\x7d\x61\x1c\
\x71\xa3\x02\x2b\x4b\x11\xe8\xf4\x02\x85\x93\x9b\x29\x00\x0b\x00\
\xa2\x90\x73\xf4\x0c\x70\xd3\xb4\x4c\xc7\x53\xe0\xda\x45\xc5\xab\
\x86\x0f\xf4\xf5\x03\x2e\x00\xba\xd7\xfe\x4f\x1e\xe8\xeb\xa9\xef\
\x14\x29\xeb\x37\x53\xac\xbc\x3e\x4f\x54\x2e\xb2\x1d\x97\x88\xb2\
\xca\x7b\xe2\x73\xe2\xd6\x77\x70\x65\x23\x60\xda\x0c\x4b\x45\x52\
\x9f\x1a\xe8\x8b\x07\x5c\x00\x08\xf4\xff\x0e\xf4\xb5\xd4\x2f\xed\
\x67\xb6\xbc\x6d\x7d\x3e\x4d\x0f\x1f\x9a\x05\x60\x88\xed\xb8\x44\
\x94\x55\x86\x6e\xdf\x33\xaa\xcc\x76\xd0\xc9\xcd\xbb\x5b\x01\x58\
\xef\x5b\xa2\x93\x69\x30\xf0\xf7\xe2\x01\x15\x00\x15\xc5\xf1\x7c\
\x00\xd7\x0e\xf4\xa2\xd4\x2f\x4e\x36\x00\x12\x31\x1c\xfe\x27\x22\
\x28\xc4\x7a\x1f\x40\xf7\x33\xeb\x59\xdb\x71\xe9\x14\x04\x57\x2d\
\x9e\x71\xe7\xd8\x81\xbc\x74\x40\x05\xc0\x18\x53\x74\x35\x80\x31\
\x03\x79\x2d\xf5\x93\xa3\xf9\x7f\x70\xfe\x9f\x88\x00\x88\x8a\x93\
\x67\x81\xb2\x11\x30\x5d\xf2\x92\xd1\xd4\x80\xfa\xf1\x06\x54\x00\
\xa8\x08\x87\xff\xd3\x44\x23\x8e\x6e\x22\xe3\xaa\xf9\x87\x88\xb2\
\x8c\x93\x67\x81\x61\x23\x60\xfa\x88\xa6\xa7\x00\xb8\xbe\xec\x8e\
\x61\x50\xfd\xe4\x40\x2e\x46\xfd\x27\xd1\x64\xa3\xed\x98\xf3\x4a\
\x56\x4c\x80\xe2\x1c\xdb\x71\x89\x28\x2b\xbd\x7b\x5e\xc9\x8a\x09\
\xb6\x83\x8a\xe4\xff\xce\x76\x4c\x3a\x35\x85\x7c\x70\x20\x9b\x3a\
\xf5\xbb\x00\x28\x44\xfe\xa7\x00\x58\x39\x8a\x90\x7a\xf5\x7a\x43\
\xe3\x6d\xbb\x6c\x07\x15\x08\x37\x00\x22\xa2\xa3\x22\xc6\xbc\xd7\
\x76\xcc\xbb\x9a\x16\xbe\x05\x60\x87\xed\xb8\x74\x4a\x91\x00\x9d\
\xd7\xf4\xf7\x45\xfd\x2e\x00\x24\xe0\xc1\x3f\x69\xa3\xd8\xe8\x22\
\xac\x70\xfe\x9f\x88\x8e\xe3\xec\x99\xb0\xc9\x51\x5c\x3a\x91\xe2\
\xb3\xfd\x7d\x49\xbf\x0a\x80\x58\x79\x7d\x1e\x04\x57\xf5\xf7\x22\
\x34\x40\x82\xe7\x1c\x05\x66\x01\x40\x44\x47\xb9\xda\x11\x10\x70\
\xf5\x0c\xa3\x53\xf8\xf0\xc2\xd2\xd5\x45\xfd\x79\x41\xbf\x0a\x00\
\xe9\x38\x34\x07\xc0\xe8\xfe\xbc\x86\x06\x4e\x44\x9a\x6c\xc7\xac\
\xa8\x58\x1f\x81\xe0\x42\xdb\x71\x89\x28\x8b\x29\x2e\x8e\x23\x3e\
\xf8\xc3\xe1\x4e\x0c\x2b\x1c\x01\x48\xa3\xbc\xa4\x26\xfa\xd5\x9f\
\xd7\xcf\xbf\x70\xe1\xda\xff\x34\xd2\xc0\xfe\x14\x40\xd1\xe6\x37\
\xcf\x03\x7b\x38\x88\xe8\x78\x23\x5e\x2b\x1e\x79\xae\xed\xa0\xa2\
\x86\x23\x00\xe9\x24\xe8\x57\x1f\x40\x3f\xb6\x80\x54\x51\x59\xf9\
\x29\x9e\xf2\x98\x36\x7b\x1b\x5a\xaa\x5e\x06\xaa\xad\x06\x15\x4d\
\xcd\x54\x11\xab\x31\x43\x6c\x2b\x80\x97\x00\xbc\x28\x90\xd7\x02\
\x09\xf6\x41\xcd\x41\x41\x70\xc0\x77\x62\xb9\x48\x61\x86\x09\x74\
\x98\x40\x86\x2b\xf4\x2c\x00\xd3\x01\x4c\x03\x70\xb6\xe7\xd4\x72\
\x42\x34\x12\x9d\x05\x60\x8b\xcd\x98\x6d\x33\x26\xfc\xa1\x68\xf3\
\x8e\x83\x00\x86\xda\x8c\x4b\xa7\x26\xc0\x55\x55\x53\xeb\x0a\x56\
\x6e\xa9\xee\xe8\xcb\xcf\xf7\xb9\x00\x98\x57\x5a\x77\x11\x80\xb3\
\x06\x9c\x19\xf5\x8b\x00\x9b\x00\xb1\x5e\x6d\xa9\xc8\x2c\xdb\x31\
\x43\x64\xab\x0a\x7e\x86\x00\x8f\x26\xf3\xe4\xd1\x75\x1b\xab\x77\
\xfa\x4e\x88\x80\x05\x65\x6b\xc6\xa7\x82\xce\x39\x22\x7a\x05\x20\
\x57\x83\x05\xc1\x80\x68\xa0\xb3\x00\xfc\xb7\xcd\x98\x1b\x36\x5c\
\x97\x8a\x95\xd6\x36\x03\xb8\xc4\x66\x5c\xea\xd1\xf0\xc3\x43\xf0\
\x7e\x00\x0f\xf7\xe5\x87\xfb\x5c\x00\x18\xb0\xfb\x3f\x9d\x14\xe2\
\x68\xee\x4c\x67\x02\x1c\x01\xe8\x87\x03\x02\xdd\xa0\x81\x7c\x67\
\x72\x6b\xdb\xaf\x5d\x6c\xcb\x4c\x83\xd3\xbd\xdc\x6c\x3d\x80\xf5\
\x71\xc4\xcd\xeb\x65\x63\xe7\x18\x0d\x6e\x00\xf0\x39\x70\xba\xab\
\xcf\xc4\x60\xa6\xa3\xd0\x9b\xc0\x02\x20\x6d\x04\xc1\x27\x60\xbb\
\x00\x00\x0b\x80\xf4\x12\x75\x54\x00\x08\x1b\x00\xfb\x66\x1f\x44\
\xd7\x45\x53\x79\xff\xb6\xba\x75\xf1\x1b\xbe\x93\xa1\xbe\x89\x23\
\x1e\xa0\x09\x8f\x00\x78\x24\x56\xfe\xcd\xdb\x90\xc8\xbb\x05\x8a\
\x6a\x00\xfd\xea\x8e\x0e\x23\x55\x38\x19\x1d\x54\xd1\x4d\xa2\xfc\
\xd0\x91\x3e\x72\x0d\x80\x65\x7d\xf9\xc9\x3e\x35\x01\x2e\x2a\xf9\
\xd6\x59\x00\xac\x9f\x18\x45\x3d\x93\xc0\x7e\xf3\x4c\xf7\x6e\x5f\
\x13\x6d\xc7\xcd\x31\x09\x88\x7c\xab\xe0\x90\x9c\xd9\xd0\xb4\x74\
\x09\xdf\xfc\xb3\x57\x43\xe3\x6d\xbb\x1a\x9a\x96\xc4\x91\x5f\xf8\
\x67\x00\x6a\x00\x24\x7d\xe7\x94\xe1\xce\x8c\x95\x7f\x73\x9c\xf5\
\xa8\x81\xb0\x11\x30\xbd\xce\x8d\x95\xae\x9c\xd1\x97\x1f\xec\xd3\
\x08\x40\x02\x79\x1f\x11\x36\xff\xa5\x53\xb2\x63\xff\xf0\x16\xdb\
\x41\x25\x82\x59\xe0\x00\x76\x8f\x54\xf4\x49\xd1\xc8\xc2\x86\xa6\
\xaa\x66\xdf\xb9\x90\x3d\x0d\x8d\x95\x6f\x03\xb8\x75\x5e\xc9\x8a\
\x7b\x8d\x98\xbb\x78\x10\x56\xcf\x24\x91\x37\x13\xc0\xaf\x6c\xc6\
\x3c\x6c\x3a\x37\x0d\xd1\xfc\x00\x83\x38\x7e\x9e\xfa\x49\xf4\x2a\
\x00\x9b\x7b\xfb\xb1\xbe\xfd\x85\x48\x70\xe5\x60\xf3\xa1\x7e\xd9\
\x7c\xef\x2b\x37\x1e\xb6\x1d\x54\x02\x0e\xff\xf7\x40\x15\x7a\x7b\
\xfb\xf4\xc9\x1f\x6c\x68\xe6\x9b\x7f\xae\xba\xbb\x65\x69\x53\xdb\
\x8c\x89\xef\x87\xe0\x2b\x00\x4b\xe1\x53\xe9\x6e\x04\xb4\xea\xbe\
\xa6\x2f\x1c\x80\xe2\x8f\xb6\xe3\x52\xcf\x54\xf5\x23\x7d\xf9\xb9\
\x3e\x14\x00\x2a\x02\xb9\x62\xb0\x09\x51\x3f\x28\xac\x7f\xfa\xef\
\x0a\xab\x9c\xc6\x39\x91\x62\x97\x08\x3e\xb2\xb6\x79\xe9\x97\x36\
\x6c\xb8\x2e\xe5\x3b\x1d\x72\x6b\xc3\x86\xeb\x52\x0d\x4d\x4b\xe2\
\xa2\x7a\x15\x80\x3d\xbe\xf3\xc9\x38\x46\xdc\x34\x02\x1a\x65\x61\
\x9d\x46\x02\x7c\xb0\xa2\x38\x9e\xdf\xdb\xcf\xf5\x5a\x00\x54\x16\
\xaf\x2c\x03\x60\xfd\xa4\x28\x3a\xad\x5e\x87\x6e\x06\x42\xc0\x25\
\x80\x27\xd8\x0e\x31\x57\xd4\x37\x2d\xb1\x3a\xe4\x49\x99\xaf\xbe\
\x65\xe9\x43\x81\x06\x97\xa3\x6b\x2f\x07\x3a\xc2\x51\x23\xa0\x40\
\x5e\x74\x11\x97\x7a\x34\x6c\xac\x8c\xea\xf5\xd0\xb7\x5e\x0b\x00\
\xe5\xf0\x7f\xda\xa9\x81\xf5\x9b\x65\xd9\xec\xe5\x43\xd0\xb5\x69\
\x0a\x75\x79\x21\x10\xb9\x84\x43\xfe\xe1\x75\x77\xcb\xb2\x17\xa2\
\x9a\xbc\x1c\x8e\x0a\xee\x2c\x35\xa3\x6a\x6a\x5d\x81\xed\xa0\x0a\
\xfb\xcf\x34\x3a\xbd\x00\x91\x5e\xa7\x01\x7a\x9f\x02\x10\x61\x01\
\x90\x66\x82\xe0\x25\xdb\x31\x0f\x1d\x8c\x96\x02\x88\xd8\x8e\x9b\
\xa5\xb6\x06\x22\x1f\xbd\xbb\xa9\xfa\x75\xdf\x89\x90\x5f\xab\x5b\
\x3e\xff\x5a\x54\x93\x1f\x05\xc0\xdf\x85\x2e\x79\x1d\x43\x53\xc5\
\xb6\x83\x06\x1c\x01\x48\x3f\xe9\xbd\x0f\xe0\xb4\x05\x40\xf7\x1c\
\xc2\xfb\xad\x25\x44\x7d\xa1\xd1\x54\xbe\xf5\x02\x20\x15\xe0\x02\
\xdb\x31\xb3\x92\x62\x57\xa0\xc1\x55\x7c\xf3\xa7\x23\x56\xb7\x7c\
\xfe\x35\x09\xe4\x63\x60\x4f\x00\x00\x40\x35\x72\xbe\xed\x98\x49\
\x93\xe2\x28\x4b\xfa\x95\xcf\x9d\x55\x73\xda\xc3\xfb\x4e\x5b\x00\
\x14\xa1\xe8\x32\x70\x27\xad\x74\xdb\xbe\xba\x75\xf1\x7e\xdb\x41\
\x05\x3a\xdd\x76\xcc\x2c\x14\x08\xf4\x2f\xef\x6e\x59\xf6\x82\xef\
\x44\x28\xb3\xd4\xb7\x56\x3f\x1f\x88\xa9\x00\x10\xfa\x46\x50\x17\
\xcf\x8a\x7b\x9f\x5b\xd6\x0e\x80\x5b\x67\xa7\x97\xc9\x4f\x46\x2e\
\x3b\xed\x0f\x9c\xee\x9b\x6a\x94\xdd\xff\x69\x26\x50\x27\x43\x65\
\xd2\x75\x70\x4a\xb8\x09\xbe\x56\xdf\xb2\xf4\x21\xdf\x69\x50\x66\
\xba\xbb\xa9\xea\x11\xa8\xdc\xee\x3b\x0f\xdf\x5c\x3d\x2b\x84\xbd\
\x16\x1e\x04\x1f\x3c\xdd\x77\x7b\xe9\x01\x30\x97\xdb\x4c\x85\x7a\
\xa7\xea\x66\xae\x4c\x21\xa1\x6e\x00\x54\xd1\x27\xdb\xa6\x4f\xfa\
\x9a\xef\x3c\x28\xb3\x4d\x1e\xb7\xe7\xcb\x02\x3c\xed\x3b\x0f\x9f\
\xd4\x51\x01\x10\x08\xac\x4f\x6d\x52\x2f\x44\x3e\x70\xba\x6f\xf7\
\x58\x00\xc4\xe7\xc4\xa3\x02\xbd\xd8\x7e\x46\x74\x3a\x2e\x56\x00\
\xc4\x11\x37\x80\xbe\xdb\x76\xdc\x2c\x92\x34\x29\xb3\x98\xeb\xfc\
\xa9\x37\xf1\xc7\xe2\x49\x85\x89\x21\xdc\xdb\x06\x4f\xeb\x7a\x66\
\xd8\xc5\xa5\x80\x5e\x94\xdf\x34\xfd\xf6\x11\x3d\x7d\xb3\xc7\xbf\
\xe4\x6d\x3b\x47\x5f\x08\x60\xb8\x93\x94\xa8\x47\xc6\xc1\x72\x99\
\x37\x4b\x47\x4d\x01\x50\x68\x3b\x6e\xb6\x10\xc1\x8a\xfa\xd6\x6a\
\x47\x87\x2b\x51\xae\x69\x68\xae\x6a\x86\xe8\x6a\xdf\x79\x78\x34\
\x64\x7b\x71\xd1\x99\xb6\x83\x2a\x02\x16\x00\xe9\x17\xcd\xcb\x2b\
\xb8\xb4\xa7\x6f\xf6\x58\x00\x88\x18\xee\x97\xed\x81\x51\xfb\x4b\
\x00\x93\x88\x86\x79\xfe\xbf\x3d\xff\xa0\x70\xe8\x9f\xfa\x25\xa2\
\xf9\x71\x00\x7b\x7d\xe7\xe1\x8d\x48\x9f\x0e\x93\xe9\x5f\xcc\x28\
\x7b\x00\x3c\x50\x91\x1e\x57\xf2\xf5\x3c\xcc\x23\xe0\xfc\x7f\xfa\
\x75\xec\x9a\x71\xc6\xab\xb6\x83\x8a\x84\x7a\x05\xc0\xca\x95\x5b\
\xaa\xc3\xfb\x20\xa7\x01\x59\xd3\xbc\xa8\x4d\x04\xab\x7c\xe7\xe1\
\x8b\x8b\x95\x00\x67\x14\xed\x7a\x19\x40\xc2\x76\x5c\xea\xd5\x25\
\x3d\x7d\xe3\x34\xf3\x3c\x3c\x31\xcb\x83\x3f\xb8\x98\xa7\xd6\xf0\
\x2e\x01\x3c\x80\xfc\x44\x9d\xef\x24\x28\x3b\x75\x46\xa4\x06\xc0\
\x41\xdf\x79\xf8\xa0\x62\xbf\x11\x30\xfe\x58\x3c\x09\xe0\x65\xdb\
\x71\xa9\x57\x97\xf4\xd4\xd3\x71\xca\x3f\xbc\xf9\xfc\x3b\xcf\x01\
\x60\x7d\x0e\x88\x7a\x21\xea\xa4\x4b\x36\xc4\x4b\x00\xd7\x37\x34\
\xde\xb6\xcb\x77\x12\x94\x9d\xd6\x6d\xac\xde\x09\xc1\x0f\x7c\xe7\
\xe1\x89\xa3\x67\x06\x1b\x01\x3d\x18\xb5\xa3\x78\xcc\x29\xa7\x74\
\xa2\xa7\xfa\xc3\x48\x34\x75\xda\xcd\x03\xc8\x15\xf3\x27\x27\x61\
\x35\x9c\x05\x80\xd1\xe0\x3b\xe9\xba\x56\x1c\x71\xb3\x6d\xe6\xb8\
\xa9\x26\x48\x4e\x54\x1e\x9e\xe5\x84\x00\x6f\x22\x22\x3b\x26\x3d\
\xd7\xf6\xc7\x38\xe2\x69\x39\xce\x57\x02\xbd\x4f\x45\xae\x4f\xc7\
\xb5\x32\x8b\xb8\x79\x66\x48\xf0\x0a\x54\x9c\x84\xa6\x9e\x05\x82\
\x4b\x01\x3c\x7f\xe2\x9f\x9f\xb2\x00\x00\x64\x36\xa0\x8e\x53\xa2\
\x13\x29\xf4\x35\xdb\x31\xbb\x97\x80\x4c\xb2\x1d\x37\x0b\x6c\x9d\
\xd8\xf2\xf6\xe3\xae\x2f\xb2\xb0\x6c\xc5\xf4\x94\x62\xd9\x76\xc8\
\x35\x12\xa4\x26\x29\xf8\x70\x73\x45\x01\x20\x05\x6c\x2f\x2d\xda\
\x11\xc3\x8a\x07\xd4\x44\x97\xaf\xdd\x74\x8b\xd3\xb5\xe5\x93\x5a\
\xda\x7f\xb5\xbd\xb4\x68\x1b\x80\x33\x5c\x5e\x27\xf3\xe8\x99\xd7\
\x97\xdd\x31\xec\xbe\xa6\x2f\x1c\xb0\x1a\x36\xc0\x56\xde\x22\xe9\
\x27\xa2\x97\x00\xb8\xe7\xc4\x3f\xef\xa9\x07\xa0\xdc\x6d\x3a\x74\
\x4a\x81\xfd\xa3\x49\xa3\x05\xf9\xe7\x01\xe1\xbb\xe5\x54\xf0\x33\
\x97\x9f\x12\xe7\x4e\x59\x57\x58\x59\x52\xbb\x2a\xa5\xd2\x02\x48\
\x25\xc2\x59\x64\xf9\x32\x09\x90\x4a\x09\x52\xad\xf3\x4b\x6b\xeb\
\x5c\x9c\x5e\x77\x44\x1c\xf1\x00\x8a\x9f\xbb\x8a\x9f\xc1\xa4\x30\
\x15\x3d\xcf\x7e\x54\x1e\xbf\xec\xc9\x29\x1b\x01\x4f\x2a\x00\xba\
\x37\x8d\x29\x75\x9f\x0f\x9d\x48\x4c\x60\x7f\x05\x40\x10\x99\x62\
\x3b\x66\x56\x08\xf0\xa8\xab\xd0\x0b\xca\xd6\x8c\xcf\x1f\xb1\xf7\
\x31\x15\x2c\x42\x8f\xa3\x68\x94\x06\x51\x01\xaa\x3a\x86\xe0\xd1\
\x1b\x2f\xac\x7b\x97\xb3\xab\x88\xbb\xdf\xa5\x4c\x66\x8c\x39\xc7\
\x7a\x50\x16\x00\xbe\x5c\x30\x77\xca\xba\x93\xf6\x82\x39\xa9\x00\
\xd8\x5e\x3a\x76\x1a\xb8\x01\x90\x1f\x79\x29\xeb\x37\x87\x1a\x9c\
\x6d\x3b\x66\x16\xd0\x64\x9e\x38\x79\x68\xcf\x9d\xb2\xae\x50\xb5\
\xf3\x7e\x9c\x66\x69\x0d\xa5\x9b\xce\xce\x4b\xe2\x7e\x57\x23\x01\
\xd1\x20\xfa\x08\x42\x38\x27\xaa\x2a\xf6\x0b\x80\x84\xb2\x00\xf0\
\x23\x2f\x7f\x64\xfb\x49\x27\xc2\x9e\x54\x00\x88\xe8\x85\xe9\xc9\
\x87\x4e\x70\xd0\x49\xc7\xba\x6a\x18\x0b\x80\xd7\xd6\x6d\xac\x76\
\x72\xf2\x58\xc1\xf0\xbd\xdf\x52\xa0\xc7\x9d\xb5\xc8\x17\x9d\xdd\
\x31\x34\xf8\x86\x8b\xc8\xab\x5b\x17\xbf\x01\x60\x87\x8b\xd8\x99\
\x2d\xb0\xbe\x12\xac\xe1\x85\xa5\x6f\x00\xe8\xb0\x1d\x97\x7a\x27\
\x81\x9c\xf4\xde\x7e\x52\x01\xa0\xaa\xb3\xd2\x93\x0e\x9d\xc0\xfa\
\xf0\x3f\x00\x40\xd4\x7e\x15\x9f\xe1\xd4\xc1\x76\xca\x00\x30\x7f\
\xe6\x9d\xd3\x54\x10\x73\x11\x9b\x2c\x50\x59\x34\xaf\xa4\xc6\xfa\
\x59\xf6\x00\x00\x71\xf3\x3b\x95\xc9\x44\x1c\x8c\x00\x40\x14\xc0\
\xeb\xf6\xe3\x52\x6f\x54\xfa\x50\x00\x00\x60\x01\xe0\x81\xa8\xb8\
\x19\x1a\xd3\xf0\x4d\x01\xb8\x3a\x74\x44\x82\xe4\xad\xe0\x9c\x7f\
\x26\x8b\x1a\x98\x2a\x17\x81\x5d\x15\x95\x19\xce\xc9\xb3\x43\xa0\
\x6e\x3e\xec\x50\x6f\xfa\x54\x00\xcc\x4c\x43\x22\x74\x22\x77\xcd\
\x31\xa1\x2b\x00\x00\xdd\x66\x3b\x62\x57\x73\xac\x5c\x63\x3b\x2e\
\x59\x26\xf8\x34\x1c\x2c\x34\x97\x10\x7e\x6a\x55\x77\xcf\x0e\xf6\
\x01\xf8\x51\x76\xe2\x8e\x80\xc7\x7d\x71\xd3\x85\x2b\x27\x83\x9b\
\x98\xf8\x62\xfd\xa6\xe8\xea\xfa\x14\x77\xdd\xd1\x99\x6b\x9f\xed\
\x80\x3b\x66\x15\xbd\x1b\x5c\xea\x97\x0d\x26\xdf\x5c\x5c\x63\xff\
\xe8\xeb\x40\xac\xff\x4e\x65\x81\x89\x15\xc5\xf1\x7c\x07\x71\x59\
\x00\xf8\x31\xfc\xf5\xb2\xb1\xc7\x4d\xeb\x1c\x57\x00\x44\x13\x6c\
\x00\xf4\x46\x02\xeb\x37\x45\xde\xa8\x03\x67\x23\x84\x7b\x00\x40\
\xb0\xdf\x76\x48\x4d\x70\x6b\xec\x6c\x61\x4c\xd4\xfa\xa6\x3d\x2a\
\xa1\x3c\x19\xd0\x8c\x33\xa3\xec\x1f\x0b\x2c\x62\x7d\xc3\x33\xea\
\x1b\x09\x52\xc5\xc7\x7e\x7d\xfc\x14\x80\xe8\x71\xdf\xa4\xf4\x91\
\xc0\xc1\xf2\x98\x20\x08\xe1\xf0\x3f\x00\x55\xeb\x07\xb8\x68\x44\
\xc7\xd8\x8e\x49\x8e\x48\x30\xce\x7a\x48\x04\x76\x77\xc4\xcb\x12\
\xea\xa0\x87\x48\x02\xf6\x00\xf8\x22\x22\xc7\x2d\x05\x3c\xb1\x07\
\x20\x94\x7b\xc6\x67\x02\x71\xd0\x03\x60\x34\x08\xdd\x0a\x00\x57\
\x44\x4f\x77\x72\x26\x65\x12\xfe\x5d\xd9\xa3\x46\xac\x17\x00\xc6\
\x70\x0a\xc0\xa3\xd3\x14\x00\x8a\x69\x69\x4d\x85\x8e\x8a\x1e\x8a\
\x58\x6f\x5c\x83\x84\xb1\x01\x90\x88\xac\x51\x63\xfd\x19\xb2\x1f\
\x89\xd0\x35\x54\x66\x0e\x3d\xdd\x14\x00\x47\x00\x3c\x69\x5f\xb9\
\xa5\xda\xc5\xe6\x18\x2c\x00\x88\x68\xc0\x14\x7a\x96\xed\x98\xdd\
\x07\x0c\x59\x9f\xa6\xa3\xbe\x90\x19\xc7\xae\x92\x39\x5a\x00\x2c\
\x2c\x5d\x5d\x04\x20\x8c\x1d\xe3\xfe\x29\x9c\xec\x5a\xa7\x10\x36\
\xae\x11\xd1\x60\xb8\xfa\x10\xf1\x96\xa3\xb8\x74\x7a\xc3\xe7\x95\
\xad\x3c\xda\x24\x7b\xb4\x00\x48\x48\x92\x9f\xfe\x3d\x51\xa3\xae\
\x6e\x06\x2e\xe9\x24\xa2\x41\x90\xf1\x2e\xa2\xaa\xb2\x00\xf0\x25\
\x1a\xa4\xa6\x1e\xf9\x67\xf3\xce\x3f\x28\x0b\x00\x4f\x44\x8d\x93\
\x11\x00\x00\x4e\x6e\x5e\x22\x0a\x0d\x27\xa3\xc2\x22\x6e\x46\x3d\
\xa9\x77\x81\x31\x27\x17\x00\xc2\x15\x00\x1e\xb9\x18\x01\x50\x01\
\x30\xd6\x7e\x5c\x22\x0a\x0f\x75\xf5\x21\x82\x23\x00\xbe\x28\x8e\
\x6e\x94\x75\xb4\x00\xd0\x80\x2b\x00\x7c\x51\x07\x05\xc0\xe2\x19\
\xab\xc6\x80\xfb\xd6\x13\xd1\xe0\x14\x54\x4d\xad\x1b\x69\x3b\xa8\
\x8b\x67\x1e\xf5\x8d\x02\x27\x8f\x00\x40\xde\xf9\x43\x4a\x33\x11\
\xeb\xc7\x00\x77\x44\x13\x1c\xfe\x27\xa2\x41\x3b\x58\x90\xb4\xfe\
\x2c\x11\x47\x8d\xcf\xd4\x3b\x01\xce\x3b\xf2\xcf\xc7\x2e\x03\xe4\
\x92\x31\x4f\x5c\xdc\x0c\x22\x11\x16\x00\x44\x34\x68\x51\x63\xff\
\x3c\x11\x31\x2c\x00\x3c\x3a\xf7\xc8\x3f\x18\x00\x58\x54\xbc\x6a\
\x38\x80\x22\x6f\xe9\x84\x9c\x08\xde\xb4\x1d\xd3\x08\x97\x74\x12\
\x91\x0d\xc6\xc1\x87\x09\xe1\x14\x80\x3f\x23\xba\x97\xfd\x77\x15\
\x00\x9d\xd2\x69\x7d\xb3\x07\xea\xbb\x54\xa0\xd6\xab\xe1\x00\x01\
\x47\x00\x88\x68\xd0\x02\x07\x8d\x80\x29\x4e\x01\x78\x95\xd0\xae\
\xf7\x7c\xd3\xf5\x5f\x11\x16\x00\x1e\xe5\x6b\x9e\xf5\x6a\x58\x82\
\x50\x1e\x03\x4c\x44\x96\x89\x83\xd1\xc4\x7c\x4d\x72\x04\xc0\x23\
\x03\xf3\x4e\x01\x20\x08\x58\x00\xf8\xa3\xc9\xc2\xe8\x6e\xeb\x51\
\x39\x05\x40\x44\x36\xa8\xfd\x67\x49\xe4\xb0\xfd\x0f\x3d\xd4\x0f\
\xa6\xab\xe7\xcf\x00\xdc\x32\xd6\xb3\xf6\x86\xc6\xca\x84\xfd\xb0\
\x6e\x76\xf0\x22\xa2\xb0\xb1\xff\x2c\xe9\x3e\xfb\x64\xaf\xed\xb8\
\xd4\x37\xd2\x7d\xc6\x43\x57\x01\x60\xc0\x11\x00\x7f\xda\xdd\x84\
\x75\xb6\x81\x07\x11\x85\x8b\xa3\x67\x89\xbc\xed\x26\x2e\xf5\x46\
\x15\xef\x14\x00\x50\x2e\x01\xf4\x68\x9f\xa3\xb8\x5c\xd5\x41\x44\
\x36\x38\xda\x51\x54\xf7\xbb\x89\x4b\x7d\x30\x09\x38\xda\x03\x80\
\x33\x4e\xff\xb3\xe4\x8a\x8a\xba\x2a\x00\xac\xef\xde\x45\x44\x61\
\x24\x23\x1c\x05\xe6\x14\x80\x3f\xe3\x81\x77\x36\x02\xe2\xa9\x71\
\x9e\x88\x8a\xab\x02\xc0\xd5\x4d\x4b\x44\xa1\xa2\xc3\x1d\x05\xe6\
\x08\x80\x37\x3a\x01\x00\x4c\x45\xc5\xfa\x08\x38\x5c\xec\x11\x0b\
\x00\x22\xca\x68\x8e\x9e\x25\xce\x9e\x7d\xd4\x2b\x19\x17\x9f\x13\
\x8f\x9a\xe1\x5b\xde\x18\x83\xe3\xb7\x04\xa6\xb4\xb2\x3f\x05\x50\
\x51\x1c\xcf\x07\x90\x6f\x3b\x2e\x11\x85\xd2\xd0\xee\x0f\x8a\x76\
\xb9\x9b\xfe\xa4\xde\x99\xd7\x77\x8d\x1e\x6b\x22\x89\xd4\x38\xdf\
\x99\x84\x99\xa8\xfd\x26\xc0\xf1\xa9\x71\xfc\xf4\x4f\x44\xb6\xc8\
\xc4\x8d\x6f\x0c\xb3\x1e\x34\x70\xd6\x00\x4d\x7d\x33\xc1\x44\x35\
\x3a\xc6\x77\x16\x61\xa6\x0e\xe6\xc1\x52\x85\x09\x16\x00\x44\x64\
\x4d\x62\x58\xd2\xfa\x33\x25\xe0\x08\x80\x57\x11\x23\xef\x32\x81\
\x49\x72\xc7\x38\x9f\xc4\x7e\x27\x6c\x90\x8a\xb2\x00\x20\x22\x6b\
\x82\x20\xcf\xfa\x33\xc5\xc0\xb0\x09\xd0\xa3\x00\x3a\xda\x40\x0c\
\xa7\x00\x3c\x52\xb1\xbf\x16\x56\x90\x74\xd5\xb5\x4b\x44\x21\xa4\
\x41\x8a\x23\x00\x39\x46\x20\x45\x06\x0a\x16\x00\x3e\x05\xf6\x3b\
\x61\x55\x23\x1c\x01\x20\x22\x6b\x34\xe2\xe0\x99\xe2\xe0\xd9\x47\
\x7d\xa7\x01\x46\x1b\x11\x57\xbb\x3c\x51\x5f\x88\x04\xf6\x0b\x00\
\x13\xb0\x00\x20\x22\x6b\x22\x6a\xff\x99\xe2\xe2\xd9\x47\xfd\x20\
\x3a\xca\xa8\x72\xc7\x38\x9f\x44\x8c\xfd\x9b\x40\x0d\x0b\x00\x22\
\xb2\x47\xd5\x41\x01\xc0\x11\x00\x9f\xba\xa6\x00\x80\xa1\xbe\x13\
\x09\x35\x0d\x0e\xda\x0e\x69\x1c\xdc\xac\x44\x14\x66\x62\xbd\xaf\
\x28\x05\x39\x60\x3b\x26\xf5\x9d\x00\xa3\x8d\x00\xd6\xd7\x77\x52\
\xdf\xa5\x60\x3a\x6d\xc7\x54\xc1\x10\xdb\x31\x89\x28\xc4\xc4\xc9\
\x07\x45\x07\xc7\xa0\x53\x5f\x29\x64\x98\x81\x0a\x47\x00\x3c\x8a\
\x04\x92\xb4\x1e\x54\x90\x67\x3d\x26\x11\x85\x98\x58\x7f\xa6\x38\
\x79\xf6\x51\x3f\xe8\x50\x03\x51\x16\x00\x1e\x05\xd1\xa4\xfd\x9b\
\x20\x40\xd4\x7a\x4c\x22\x0a\x2d\x15\xb5\xff\x4c\x51\xe5\x08\x80\
\x47\x02\x0c\x61\x0f\x80\x67\x51\x35\x2e\x46\x00\xec\xef\xdb\x4d\
\x44\x61\x66\x7d\x04\xc0\xc9\x87\x1f\xea\x8f\xa1\x46\x59\x00\xf8\
\xe5\xa6\x0a\xe6\x14\x00\x11\xd9\xe3\x64\x54\x31\x9f\x23\x00\x1e\
\x29\x30\xd4\x80\x4d\x80\x5e\xa5\x02\xfb\x23\x00\x22\x9c\x02\x20\
\x22\x7b\x5c\x4c\x01\x44\x83\x04\x47\x00\xfc\x1a\x62\x00\x76\x8c\
\xfb\x94\xcc\xb7\x5f\x00\xa8\x3a\x98\xaf\x23\xa2\x10\xb3\xdf\x04\
\x28\x1a\x70\x04\xc0\x2f\x16\x00\xbe\xe5\xa7\xa2\x0e\xaa\x60\xfb\
\x37\x2b\x11\x85\x97\x38\x18\x01\x48\xa6\x1c\xf4\x3f\x51\x7f\x44\
\x0d\x00\xe3\x3b\x8b\x30\x13\x27\x3d\x00\x1c\x01\x20\x22\x8b\x02\
\x07\x1f\x2a\x86\xa6\x38\x02\xe0\x57\xc4\x00\x10\xdf\x59\x84\x59\
\x47\xe7\x3e\xfb\x53\x00\x22\x2c\x00\x88\xc8\x1a\x71\xf0\x4c\xe9\
\x4c\x45\x38\x02\xe0\x57\x94\x05\x80\x67\xa3\xc6\xe4\xd9\x6f\x02\
\x54\x36\x01\x12\x91\x4d\x81\xf5\x11\x80\x54\x90\xe4\x08\x80\x5f\
\x1c\x01\xf0\x6d\x54\xc1\x5e\x2e\x03\x24\xa2\x8c\xa6\xb0\x3f\x02\
\x30\xfa\x60\x01\x47\x00\xfc\x8a\x72\xfe\xdf\xb3\xf8\x63\x5f\x4e\
\xd9\x8e\x29\xe0\x08\x00\x11\x59\x24\xf6\x7b\x00\xc6\x6e\xd9\xc3\
\x11\x00\xbf\x22\x6c\x02\xcc\x41\x2a\xa2\xbe\x73\x20\x22\xa2\xcc\
\xc6\x29\x00\xcf\x62\xe5\x0d\xd6\x3f\xad\x8b\x2a\x87\xd6\x88\xc8\
\x1e\x07\xab\x95\x76\x4f\x1d\xc3\xa9\x4a\xbf\x12\x2c\x00\x3c\x1b\
\x96\x7f\xc0\x7a\x01\xa0\x00\x0b\x00\x22\xb2\x46\x60\xff\x43\x45\
\xfb\xd0\x0e\x4e\x55\xfa\x95\x30\x00\x38\x5c\xec\x51\x72\x67\xd4\
\x7a\x15\xac\xc2\x02\x80\x88\x6c\x32\xd6\x47\x00\x86\xe4\x8d\x64\
\x01\xe0\x57\xc2\x00\x60\x23\x86\x47\xc9\x21\x51\xeb\x27\xf7\x71\
\x0a\x80\x88\x6c\x52\x27\xcf\x94\x7d\x9c\x02\xf0\x4a\x13\x06\xc0\
\x61\xdf\x69\x84\x99\x3a\xe8\xae\x75\x51\xad\x13\x51\x88\x19\xfb\
\x3d\x00\xd1\xc3\x43\x38\x02\xe0\x95\x24\x0c\x80\x43\xbe\xd3\x08\
\xb3\xce\x48\xd2\xc1\x4d\x10\x70\x04\x80\x88\xac\x51\x15\xfb\xcf\
\x14\x39\xcc\x11\x00\xbf\x38\x02\xe0\x5b\xb4\x33\xb0\xbf\x0a\x40\
\x1c\xdc\xac\x44\x14\x62\xf6\x47\x00\x3a\x4d\x3e\x47\x00\x7c\x52\
\x24\x0c\x20\x1c\x01\xf0\x28\x62\xec\x17\x00\xaa\x6c\x02\x24\x22\
\x7b\xc4\xc1\x08\x80\x38\x99\xfe\xa4\x3e\x13\x24\x0c\x10\xb0\x00\
\xf0\x28\x69\xf2\x1c\x2c\x03\x64\x13\x20\x11\x59\x64\xec\x7f\xa8\
\x30\x49\xfb\x1f\x7e\xa8\x5f\x12\x06\x2a\x9c\x02\xf0\xc8\xc5\x4d\
\x20\x22\xd6\xb7\x17\x26\xa2\x50\xb3\x3e\x05\x90\x12\x16\x00\x5e\
\x29\xf6\x19\x08\x7b\x00\x7c\x72\x71\x13\xb8\x18\xae\x23\xa2\xf0\
\x72\xf2\x4c\xe1\x14\x80\x5f\x82\xb7\x0d\x94\xab\x00\x7c\x32\x46\
\x5d\x4c\x01\x74\xda\x8e\x49\x44\x61\x66\xbf\x09\xd0\x88\xfd\x67\
\x1f\xf5\x9d\x42\xf7\x1a\x08\xf6\xf9\x4e\x24\xcc\x02\x44\xf2\x6d\
\xc7\x14\x16\x75\x44\x64\x91\x8a\x83\x66\x71\x8e\x00\x78\x25\xc0\
\x5e\x03\xc8\x1e\xdf\x89\x84\x59\x04\x3a\xcc\x76\xcc\x40\x84\x45\
\x1d\x11\x59\x23\x41\x60\xfd\x99\xa2\x0e\x9e\x7d\xd4\x1f\xf2\xb6\
\x01\xb4\xcd\x77\x1a\x61\xa6\x1a\x8c\xb0\x1e\x54\xec\xdf\xac\x44\
\x14\x62\x0e\x3e\x54\x18\x35\xf6\x9f\x7d\xd4\x67\x02\xd9\xc7\x02\
\xc0\x33\x75\x70\x13\x48\x60\x58\x00\x10\x91\x35\x29\x71\xf0\x4c\
\x51\x65\x01\xe0\x93\xea\xdb\x06\xc2\x29\x00\xaf\x8c\xfd\x9b\x40\
\x24\xc5\x02\x80\x88\xac\x91\x94\xfd\x67\x8a\xaa\xb0\x00\xf0\x48\
\x0d\xf6\x1a\x61\x0f\x80\x57\xa2\x32\xdc\x7a\x4c\x17\xd5\x3a\x11\
\x85\x96\x98\x88\xfd\x67\x8a\x83\x0f\x3f\xd4\x0f\x1a\xbc\x6d\x54\
\x38\x05\xe0\x95\x62\xa4\xf5\x98\x26\xd8\x6f\x3d\x26\x11\x85\x96\
\x31\x09\x07\x53\x00\xb0\xfe\xe1\x87\xfa\xce\x28\xda\x8d\x24\x39\
\x02\xe0\x93\xc0\xfe\x4d\x10\x39\x9c\xc7\x11\x00\x22\xb2\x26\xef\
\x40\xd4\xfa\x33\x45\x5c\x7c\xf8\xa1\x3e\x13\x23\x3b\x4c\x04\x11\
\x16\x00\x1e\xa9\xc0\xfa\x30\xd8\x5b\x91\x5d\x2c\x00\x88\xc8\x16\
\x7d\xe3\xc2\x89\x07\xac\x07\x35\xf6\x9f\x7d\xd4\x77\xa9\xbc\x21\
\x6f\x98\x9d\xd8\xb9\x07\x80\xfa\x4e\x26\xbc\xec\x37\xc2\x6c\x68\
\x8d\x77\x02\xe0\x6e\x80\x44\x64\xc3\xc1\x0d\x1b\xae\xb3\x7e\xbe\
\x88\x70\x0a\xc0\xa7\xc3\x0d\x8d\x95\x6f\x9b\xae\x37\x0b\xdd\xe9\
\x3b\x9b\xf0\x0a\x5c\xdd\x04\x1c\x05\x20\x22\x1b\x9c\x3c\x4b\x14\
\x1c\x01\xf0\x68\x07\x00\x98\xae\x7f\x96\x6d\x3e\x33\x09\x35\x77\
\x4b\x61\x58\x00\x10\xd1\xe0\xa9\xb3\x67\x09\x0b\x00\x6f\xe4\x0d\
\xa0\xbb\x00\x10\x01\x0b\x00\x5f\x1c\xf4\x00\x74\xdb\xeb\x28\x2e\
\x11\x85\x89\xbb\xad\xc5\x59\x00\xf8\x22\xc1\x3b\x23\x00\xaa\xca\
\x02\xc0\x1f\x27\x37\x81\x40\x77\xb9\x88\x4b\x44\xe1\xa2\xd0\xdd\
\x6e\x22\x73\x23\x20\x5f\x24\x38\x66\x04\x80\x53\x00\x5e\x15\xb9\
\x08\xaa\x62\xd8\xd7\x41\x44\x83\x66\x80\xb7\xdc\x44\xd6\x51\x6e\
\xe2\x52\x6f\x02\x91\x37\x81\x23\x53\x00\xc0\xeb\x7e\xd3\x09\xb5\
\xd1\xb1\xf2\x7a\xfb\xc7\x62\x2a\x58\x00\x10\xd1\xa0\xa9\x83\x02\
\xa0\x6a\x6a\x5d\x01\xc0\x7d\x00\x7c\x31\xd0\x77\x46\x00\x54\x39\
\x02\xe0\x91\xe0\xe0\xc1\x71\xb6\x83\x2a\x58\x00\x10\xd1\xe0\xa9\
\x83\x0f\x13\xa9\xc2\xc4\x78\xdb\x31\xa9\xef\x02\xa3\xaf\x02\x47\
\x0a\x80\x48\x92\x05\x80\x47\x62\x22\xd6\x6f\x06\xa3\xea\x68\xd8\
\x8e\x88\xc2\x44\x8c\xfd\x02\xa0\x53\xa2\x2c\x00\x3c\x32\x22\x2f\
\x03\x47\xa6\x00\xa2\xc3\x38\x05\xe0\x51\x60\xf0\x2e\xfb\x31\xb9\
\xb7\x03\x11\x0d\x9e\xc2\xfe\x87\x09\x31\x6a\x7d\xd4\x93\xfa\x2c\
\xc8\xdf\x2f\x5b\x81\xee\x02\xa0\xa1\xb1\xf2\x6d\x00\x8e\x3a\x3d\
\xa9\x37\x46\xec\x17\x00\x0a\xc3\x11\x00\x22\x1a\x34\xa3\xf6\x3f\
\x4c\x18\xc5\x04\xdb\x31\xa9\xcf\x5e\x5f\xb9\xa5\xba\x03\x38\xba\
\x0a\x00\x10\xe0\x0f\xfe\xf2\x09\xb7\x00\xea\x60\x0a\x40\x38\x02\
\x40\x44\x83\xa6\x1a\xb1\xfe\x61\x42\x03\xfb\x1f\x7a\xa8\xcf\xfe\
\x74\xe4\x1f\x8e\x16\x00\x0a\x6c\xf1\x93\x0b\x89\x83\x9b\x21\x15\
\x24\x38\x02\x40\x44\x83\x96\x4c\x1c\xb2\x5f\x00\x38\x18\xf5\xa4\
\x3e\x7b\xf9\xc8\x3f\x1c\x2d\x00\xa0\x2c\x00\xbc\x71\x70\x33\x7c\
\xbb\x75\x59\x1b\x80\xa4\xed\xb8\x44\x14\x2a\x87\xef\x79\xf1\x8b\
\xf6\x8f\x02\x86\xb0\x09\xd0\x9f\x93\x47\x00\x20\x9c\x02\xf0\xc7\
\xc5\xcd\x20\x0a\x80\xbb\x01\x12\xd1\x20\x38\x9b\x4a\x64\x01\xe0\
\x89\x42\x4e\x1e\x01\xd0\x40\x59\x00\x78\xa2\x12\xb8\x1a\x0e\x63\
\x1f\x00\x11\x0d\x98\x38\x58\x01\x00\x00\xaa\x9c\x02\xf0\x46\xf5\
\xe4\x11\x80\xa8\xc9\xe7\x14\x80\x27\xa2\xe2\xea\x66\x78\xd3\x51\
\x5c\x22\x0a\x01\x57\x1b\x8a\x09\x7b\x00\xbc\x89\x1c\xf3\x5e\x7f\
\xb4\x00\x58\xd3\xbc\xa8\x0d\x5c\x0a\xe8\x8b\xab\xe1\xb0\xd7\x1c\
\xc5\x25\xa2\x10\x10\x88\xab\x67\x08\xa7\x00\x7c\x50\xec\xba\xab\
\x69\xe1\xd1\x51\x1d\x73\xec\xf7\xb8\x14\xd0\x9b\x51\x15\xc5\xf1\
\x7c\xeb\x51\x05\x5b\xad\xc7\x24\xa2\xd0\x50\xa8\xf5\x02\x20\x56\
\x5e\x3f\x14\xc0\x30\xdb\x71\xa9\x77\x2a\xd2\x72\xec\xd7\xc7\x15\
\x00\xaa\x68\x01\xf9\x20\xe3\xcc\xa8\x33\x6d\x07\xd5\x40\x58\x00\
\x10\xd1\x80\x89\x74\xed\x19\x6f\x35\x66\xea\xf0\x19\xb6\x63\x52\
\x5f\x69\xf3\xb1\x5f\x99\xe3\xbf\x29\xcd\x20\x2f\x54\x71\xb6\xf5\
\xa0\x1c\x01\xb0\x46\x05\x81\xef\x1c\xa8\x6f\xf8\x77\x65\x8f\xa6\
\x1c\x4c\x01\x04\x0e\x9e\x75\xd4\x27\x02\x69\x3d\xf6\xeb\xe3\x47\
\x00\x04\x9b\xd2\x9b\x0e\x1d\xa1\x46\xec\xdf\x14\xc6\x84\xb3\x00\
\x10\x19\x6a\x3d\xa6\x1a\x2e\xa9\xcc\x12\xc6\xc1\xe9\x75\x0a\x13\
\xca\x21\xeb\x88\x09\xac\x8f\x00\x04\x81\x9c\x63\x3b\x26\xf5\x91\
\xd1\x9e\x0b\x80\x44\x24\xb5\x09\x80\xa6\x35\x21\xea\xa2\xc6\x7a\
\x01\x90\x78\x7b\xd8\x56\x84\xf1\xef\x53\x31\xdc\x76\x48\x13\xd1\
\xed\xb6\x63\x92\x1b\xaa\xc6\xfa\xe9\xa6\xa2\xa1\x3c\xbb\x3e\xd8\
\x15\xbc\x6d\xfd\xa0\x38\x31\xca\x11\x00\x4f\x52\xc9\xd4\xf3\xc7\
\x7e\x7d\x5c\x01\x70\xef\x73\xcb\xda\x01\xe1\xc9\x80\x7e\x58\xbf\
\x29\xee\x7d\xe5\xc6\xc3\x00\xc2\xb8\x25\xf0\x08\xdb\x01\xeb\x9f\
\xab\xde\x02\x80\xc7\x66\x67\xbe\xed\x0d\x2d\x55\x2f\xf7\xfe\x63\
\xfd\x64\xd4\xfa\xef\x54\x16\x78\x63\x43\x6b\xbc\xd3\x7a\x54\xc5\
\x59\xd6\x63\x52\x5f\x6c\xfb\x76\xeb\xad\x7b\x8e\xfd\x03\x73\xf2\
\xcf\x68\x53\xba\xb2\xa1\x63\xb8\xe8\x01\xe8\x0a\x1c\xc2\xa5\x80\
\xe2\xa0\xc9\x48\x14\xd0\x9f\xd8\x8f\x4b\x56\x29\xee\xef\xde\x05\
\xd3\x72\x58\x58\x6f\xd2\xcd\x7c\x62\x7d\xf8\xbf\x1b\xa7\x00\x3c\
\x10\x95\x93\x9a\xfc\x4f\x2a\x00\x44\xc0\x02\xc0\x03\x15\x75\x73\
\x53\x84\xb0\x11\x50\xa1\xd3\x9d\xc4\x35\xd1\xe5\x00\x12\x2e\x62\
\x93\x15\x09\x89\xa2\xc6\x45\x60\x01\x9c\xfc\x4e\x65\x34\x77\xcf\
\x0e\x8e\x00\x78\x10\xc8\xf1\xf3\xff\xc0\x29\x0a\x80\x00\x2c\x00\
\x3c\x71\x33\x02\xa0\xe1\x2b\x00\x04\x32\xc3\x45\xdc\xb5\x9b\x6e\
\x79\x49\x81\xbb\x5c\xc4\x26\x1b\x74\x55\xfd\x73\x4b\xdc\xec\x65\
\xa2\x70\xf2\x3b\x95\xd1\x82\xc0\xc1\xb3\x43\x05\x2c\x00\xfc\x10\
\x3c\x7b\xe2\x1f\x9d\x54\x00\x98\x94\xb0\x00\xf0\x63\x68\xac\xfc\
\x9b\xe3\x1c\xc4\x0d\x5d\x01\x00\xe8\x99\x0b\xca\xd6\x38\xd9\x69\
\xac\x3d\x68\xbb\x0d\xc0\xe3\x2e\x62\xd3\xa0\xfc\xa6\xe0\x90\xf9\
\x92\x8b\xc0\x8b\x8a\x57\x4d\x04\x30\xc9\x45\xec\x4c\xe6\x62\x17\
\xc0\x79\x25\xb5\xe3\x01\x0c\xb1\x1d\x97\x7a\x17\xa4\x52\xbf\x3b\
\xf1\xcf\x4e\x2a\x00\xf6\x5c\x30\xf1\x45\x00\x7b\xd3\x92\x11\x1d\
\xc7\x24\xf3\xad\x57\xc6\x1a\xc2\x29\x00\x00\x92\x0a\x3a\xe7\xb8\
\x08\xbc\xa1\x35\xde\x99\x88\xca\xe7\x00\x79\xca\x45\x7c\xea\x3f\
\x15\x7d\x32\x11\x95\x6b\x57\x6e\xa9\xee\x70\x11\x3f\x61\x52\x1f\
\x76\x11\x37\xd3\x05\xc6\xc1\x26\x40\xce\x7a\x9d\xa8\x17\x7b\xbe\
\xdd\xba\xec\x8f\x27\xfe\xe1\x49\x05\xc0\x86\x0d\xd7\xa5\x14\xf2\
\xfb\xf4\xe4\x44\xc7\x0a\x82\x94\xf5\x3e\x00\xc1\x3b\x27\x3f\x85\
\x89\x88\x5e\xe1\x2a\xf6\xba\x8d\xd5\x3b\x0b\x0e\xe1\x43\x10\xad\
\x03\x7b\x02\x7c\x4a\x00\xba\xa2\x3d\xd5\x7e\xc5\xba\x8d\xd5\xee\
\x4e\xbe\x14\xfd\x90\xb3\xd8\x19\xcc\xa4\x8c\xfd\x26\xc0\x08\x0b\
\x00\x1f\x44\xe5\xd9\x53\x35\xc7\x9e\x62\x15\x00\x20\xd0\xa7\xdd\
\xa7\x44\x27\xd1\x88\xf5\x9b\x23\x9a\xca\x7f\x09\x61\xdc\x0b\x00\
\xe6\xe3\x71\xc4\x4f\xf9\xfb\x6d\xc3\xca\x2d\xd5\x1d\x0d\x4d\x4b\
\x97\x48\x04\xc5\x50\xac\x01\xc0\x7d\x02\xd2\x67\x1b\x14\x6b\x52\
\x41\xea\x82\x86\xe6\xa5\xcb\x9c\x2c\x55\xeb\x56\x51\xb1\x3e\x22\
\x8a\xab\x5d\xc5\xcf\x60\x7a\x30\xd2\x61\xfd\x84\x58\xa3\xdc\x04\
\xc8\x87\x40\x82\x93\xe6\xff\x01\x20\xda\xc3\x8f\x3f\xd3\x43\x6d\
\x40\x0e\x89\x51\xeb\x53\x00\xab\x5b\x17\xef\x8f\x95\xd6\xee\x00\
\x30\xd9\x76\xec\xcc\xa6\x67\x6d\x2f\x2e\xfa\x20\x5a\xf1\xa8\xcb\
\xab\x74\x37\x9d\x2d\x02\x74\xf1\xcd\xc5\x35\xef\x8e\x1a\x33\x59\
\x81\x09\x2e\xaf\x19\x56\x02\xbc\x99\x0c\x82\xed\x5d\x43\x99\xf6\
\x97\xfa\x9d\xca\x98\x17\xb6\x5f\xa1\x22\x21\xbb\x77\x00\x00\xaf\
\xdd\xd7\xf4\x85\x03\xb6\x83\x2a\xf4\x2c\x40\x6c\x87\xa5\xde\x9c\
\xa2\x01\x10\xe8\xa9\x00\x48\xe2\x99\x9e\x4a\x03\x72\x48\xf1\x6e\
\x27\x71\x05\x2f\x42\xc3\x56\x00\x00\x62\xf4\x06\xc0\x6d\x01\x70\
\xcc\xd5\xf4\xdb\xad\xd8\x02\xc0\xfa\xa7\x26\x3a\xd1\xad\x69\xbb\
\x92\x1a\xb9\x3e\x8c\xe3\x67\x0a\xbc\xe8\x26\xb2\x99\x12\xca\x01\
\x49\xcf\x52\x91\xc8\x49\x0d\x80\x40\x0f\x1f\xf3\x1b\x5e\x58\xb6\
\x03\x02\x57\x9b\x40\x50\x0f\x14\x32\xcd\x4d\x5c\x57\x37\x73\x66\
\x53\x48\x85\xa3\x95\x15\x14\x02\x0b\xca\xd6\x8c\x87\xe2\xb3\xbe\
\xf3\xf0\x41\x20\x8e\x9e\x19\x6e\xf6\xe8\xa0\xd3\x7a\xfd\x9e\x8d\
\x55\xa7\x9c\xa2\xec\x71\x9c\x5f\x14\xcf\xb8\xcb\x87\x4e\x4d\xa7\
\x56\x54\xac\x8f\xd8\x8e\xea\xee\x66\xce\x78\xc3\xd0\x91\xb7\xd4\
\x77\x12\x94\x9d\x52\xda\x71\x2b\x00\xfb\x07\x4b\x65\x85\xc0\xfa\
\x33\x23\x3e\x27\x1e\x05\x1c\x8d\x72\xd2\x69\xc8\x29\x3f\xfd\x03\
\xa7\x9f\xe8\x67\x01\x90\x7e\x05\xe3\x36\x6f\xb3\xde\x24\xa3\x1a\
\xda\x02\x00\x10\xdc\x12\x2b\xaf\x1f\xe5\x3b\x0d\xca\x2e\x37\x17\
\x2f\x1f\x23\x90\x45\xbe\xf3\xf0\x45\xd4\xfe\xa8\xe1\x6b\x3b\x47\
\x4e\x01\x90\x6f\x3b\x2e\xf5\x42\x83\x27\x7a\xfa\x56\x8f\x05\x40\
\xa0\xe0\x4a\x00\x0f\x92\x88\x5a\x1f\x22\x13\xd5\x97\x6c\xc7\xcc\
\x22\xa3\xb4\xf3\xf0\x3f\xf9\x4e\x82\xb2\x4b\xc4\x44\xbf\x02\x07\
\x87\x4a\x65\x8b\x08\x52\x9b\x6d\xc7\x34\x62\xc2\xb7\x9b\x62\x06\
\x10\x44\x7e\xdd\xd3\xf7\x7a\x2c\x00\xda\xb5\xed\x77\x00\x0e\x3a\
\xc9\x88\x7a\x24\x62\x7f\x8e\xac\xed\xfc\x89\xaf\x00\x38\x6c\x3b\
\x6e\xb6\x10\xa0\x7a\x7e\x71\xcd\x2c\xdf\x79\x50\x76\x88\x95\xd5\
\x5c\x04\xe8\x42\xdf\x79\x78\x74\x70\x7c\xcb\x3e\xfb\x47\x2a\x87\
\xf1\x3c\x05\xff\xf6\x4d\x1a\xb7\xfb\xb9\x9e\xbe\xd9\x63\x01\xd0\
\xbd\xb6\x96\xbb\x9d\xa5\x5b\xa0\xd6\x1b\x01\x37\x6c\xb8\x2e\x05\
\xc8\x49\xbb\x40\x85\x48\x54\x4c\x64\xb5\x8b\xfe\x0a\xca\x2d\xf1\
\x39\xf1\xa8\x06\x66\x0d\x80\xf0\xfe\xae\x08\x5e\x8a\x23\x1e\x58\
\x0f\x2b\x86\x05\x40\x9a\x29\xf0\xbf\xf1\xc7\xe2\xc9\x9e\xbe\x7f\
\xfa\xc5\xfe\x92\xae\x25\x54\x74\x84\x8b\x11\x00\x00\x10\x84\x7a\
\x1a\x00\x80\xce\x1e\xbd\x79\x7b\xdc\x77\x16\x94\xd9\xb6\xed\x1e\
\xfd\xcf\x22\x78\xaf\xef\x3c\xfc\x72\xd3\x33\xe4\xea\x94\x4e\xea\
\x99\x00\x3d\x0e\xff\x03\xbd\x14\x00\xa2\xc1\x23\x76\xd3\xa1\xde\
\x28\xc4\xcd\x51\xb6\x21\x5d\x0a\x78\x2c\x81\xfc\x5d\xac\xa4\xee\
\xa3\xbe\xf3\xa0\xcc\x34\xbf\x74\xe5\xd5\x02\xf9\x82\xef\x3c\xfc\
\x53\xeb\xf3\xff\xdd\x58\x00\xa4\x9b\xe8\xc0\x0b\x80\x49\x63\xdf\
\x7e\x16\x3c\x18\x28\xdd\x26\xdf\x34\xfd\x76\xeb\xcd\x47\x02\x84\
\x7c\x04\x00\x00\x60\x20\xba\x7e\x5e\xc9\x8a\x32\xdf\x89\x50\x66\
\x99\x3f\x73\x79\xb1\x20\xf8\x0f\x70\x0b\x54\x27\xcb\x86\xbb\x57\
\xe2\x70\x87\xcc\xf4\xda\x8f\xbc\x21\xa7\x3d\xd7\xe7\xb4\xbf\xec\
\xf1\xc7\xe2\x49\x05\x7a\x5c\x42\x40\x4e\x48\xb4\x20\xff\x3c\xdb\
\x41\x83\x40\x5b\x6c\xc7\xcc\x52\xa3\x8c\x98\x9f\x2c\x2a\xf9\x16\
\xcf\x24\x27\x00\x40\xac\xb8\xf6\x6c\x09\x22\xbf\x00\x50\xe4\x3b\
\x97\x4c\x20\x02\xfb\x2b\x00\x92\x1d\xfc\xf4\x9f\x66\xa2\xf2\x64\
\x43\x63\xe5\x69\x0f\x2b\xeb\xbd\xda\x55\xf6\x01\xa4\x9b\x20\x62\
\xfd\x66\x19\x3e\x32\x68\x01\x90\xb2\x1d\x37\x3b\xe9\x59\x49\x89\
\xfe\x92\x45\x00\xc5\x8a\x6b\xcf\x86\xc1\x43\x00\xce\xf0\x9d\x4b\
\x86\x48\xe4\x1d\xc0\xf3\xb6\x83\xa6\x52\x9c\xff\x4f\xb7\x00\xa7\
\x1f\xfe\x07\xfa\x50\x00\x28\x1b\x01\xd3\x4e\x1d\xac\x04\xa8\x79\
\xea\xd6\x43\x60\x1f\xc0\xb1\x66\x24\x25\xfa\x0c\xa7\x03\xc2\xab\
\xb2\xb8\xee\x02\x18\x79\x02\x80\x93\x2d\xb8\xb3\xd4\xf3\x2b\xb7\
\x54\x77\xd8\x0e\xca\x25\x80\x1e\xa8\x3e\xdc\xdb\x8f\xf4\x5a\x00\
\x9c\xd9\xdc\xb6\x11\x40\x9b\x95\x84\xa8\xaf\x5c\x6d\x98\xd1\xe3\
\x7a\xd0\x90\x9a\x64\x44\x1e\x9d\x3f\x73\xc5\xc7\x7c\x27\x42\xe9\
\x55\x59\x5a\xfb\x71\x35\xfa\x04\x60\xff\x04\xce\x6c\xa6\x2a\x9b\
\x9c\xc4\x15\x16\x00\x69\xb6\xf3\x8c\xd6\xf6\xc6\xde\x7e\xa8\xd7\
\x02\xa0\x6b\x3d\xa8\xf4\x5a\x49\x90\x45\x82\x99\x8e\x22\x3b\xb9\
\xb9\xb3\xdc\x18\x09\xe4\xe7\xb1\xb2\x15\xb5\xb1\xf2\xfa\x3c\xdf\
\xc9\x90\x5b\xf1\x39\xf1\x68\xac\xac\x36\xae\xc0\x8f\xc1\x39\xff\
\x93\x88\x04\x4e\x3e\x24\x08\xc0\x91\xb6\x74\x12\x3c\xd8\x97\xbd\
\x1c\xfa\xd6\xf1\x2a\xfa\xd3\x41\x27\x44\xfd\x31\x2d\x56\x5e\x6f\
\xff\x10\x12\x15\x8e\x00\x9c\x9a\x40\xa5\x5a\x3a\x0f\x3f\xce\x1d\
\x03\x73\x57\xac\xac\xe6\xa2\x6d\xbb\x8a\x9e\x84\xe2\xcb\x60\xb7\
\xff\x29\x05\x12\xb1\xfe\x21\xe1\xfa\xb2\x3b\x86\x01\x98\x6a\x3b\
\x2e\xf5\x4c\x20\x3f\xef\xcb\xcf\x45\xfb\xf2\x43\x89\x88\xfc\x2c\
\x2f\xa9\x01\x78\xd3\xa4\x4b\xc4\x24\x3b\x4a\x00\xfc\xd6\x66\xd0\
\x00\xc1\x26\x03\xb1\x19\x32\xa7\x28\x70\xa9\x18\xf3\x6c\x65\x49\
\xed\x2a\x23\x79\x5f\x59\xd3\xbc\x88\x53\x5f\x39\xe0\xe6\xe2\xe5\
\x63\x22\x26\xfa\x15\xa8\x2e\x14\x09\xf1\x0e\x7f\x7d\xa0\xa9\x84\
\xf5\x0f\x09\x43\x35\x5a\xa6\x7c\xef\x48\xa7\x54\xb4\xd3\xfc\xb2\
\x2f\x3f\xd8\xa7\xbf\x94\x75\x1b\xab\x77\x02\x78\x76\x50\x29\x51\
\xbf\x68\xa0\xd6\x3f\x89\xde\xdd\xb2\xf4\x4d\x00\x3b\x6c\xc7\xcd\
\x31\x51\x15\x2c\x49\x21\xb1\x35\x56\xb6\xa2\x36\x76\x7e\xcd\x24\
\xdf\x09\xd1\xc0\xc4\xca\xbf\x39\x2e\x56\x56\x1b\x8f\x98\xc8\x1f\
\x01\xbd\x05\x61\xde\xde\xb7\x2f\x04\xaf\x7e\xbb\xf5\xd6\x3d\xb6\
\xc3\xaa\x44\x38\xaa\x96\x56\xf2\xdb\x55\x9b\x6f\xd9\xdd\x97\x9f\
\xec\xd3\x08\x40\xb7\x9f\x02\xb8\x64\x60\x09\x51\xbf\xa9\xab\x3e\
\x00\x7d\x0e\x10\xbe\xa9\xf5\x6e\x38\x54\xaa\x11\x95\x79\xf3\x4b\
\xea\xfe\x1b\x82\xfb\xce\x68\xde\xf3\x88\x8b\x3d\xd2\xc9\x9e\x8a\
\x8a\xf5\x91\x31\x2f\x6c\xbf\x42\x8d\x5c\x8f\x4e\x7c\x16\x80\xfd\
\xa9\xb4\x5c\x15\xa0\xc9\x49\x5c\x0d\x66\x82\x23\x8f\x69\xa4\x7d\
\x1a\xfe\x07\xfa\x51\x00\x18\x23\x3f\x09\x02\xfd\xea\xc0\x12\xa2\
\xfe\x0a\x8c\x3a\x2a\x00\x64\x13\x80\xab\xdd\xc4\xce\x49\x43\x45\
\xf4\x06\x00\x37\x6c\x2f\x2d\xda\x16\xd3\xda\x9f\x8b\x91\x47\x22\
\xa9\xc8\xa3\xab\x5b\x17\xbf\xe1\x3b\x39\x02\x16\x15\xaf\x9a\x98\
\x34\xc9\x2b\x54\x70\x85\x6c\xde\x71\x95\x8a\x9c\x01\xf5\x9d\x55\
\x16\x12\x57\xab\x84\x84\x23\x00\x69\x14\x00\x3f\xeb\xeb\xcf\xf6\
\xa3\x2c\x53\x89\x95\xd6\x6d\x05\x70\xe6\x00\x72\xa2\xfe\xdb\x3f\
\xb9\xb9\x6d\x94\xed\x4f\x9c\x95\x25\x2b\xfe\x42\x45\xfe\xcb\x66\
\xcc\x10\xdb\x2e\xd0\xcd\x81\xc8\x4b\x08\xb0\xd5\x00\xfb\x03\x91\
\x7d\x82\xe0\x80\xef\xc4\x72\x91\xc2\x0c\x33\xaa\x23\x02\x60\x38\
\x0c\xce\x36\xaa\xd3\x14\x32\x03\xc0\x64\xdf\xb9\xe5\x02\x15\xfd\
\xdc\xda\xa6\xa5\x3f\xb0\x19\xb3\xa2\x62\x7d\xa4\x68\xf3\x8e\xbd\
\xe0\x48\x4c\xba\xec\x9c\xdc\xdc\x36\xb1\xaf\xef\x1b\xfd\x98\x02\
\x10\x15\xd4\xfd\x5c\xa1\xf3\x07\x9a\x19\xf5\xcb\xf0\x1d\xb3\x8a\
\xde\x8d\xe7\xf0\x07\x9b\x41\x55\x22\x9b\x00\x8e\x62\x5b\xba\xb1\
\x84\xc8\x00\x00\x20\x00\x49\x44\x41\x54\x32\x59\x21\x93\x45\x71\
\x05\x04\x50\x00\xd2\xfd\xdf\x64\x9f\x40\xa1\xd2\xfd\x6f\x57\x01\
\xe5\xbf\x67\xab\xa2\xaa\x1b\x6d\xc7\x2c\xda\xfc\xe6\x79\xe0\x9b\
\x7f\xda\xa8\xe0\x81\xfe\x7c\x68\xec\x67\x67\x26\x97\x03\xa6\x55\
\x20\xd6\xa7\x01\xda\x66\x4c\xf8\x03\x00\x7e\x42\x25\xa2\x63\xed\
\x5d\xd3\xbc\xf4\x4f\xb6\x83\xaa\x04\x1c\xfe\x4f\x27\x35\xfd\x1a\
\xc1\xe9\x57\x01\xa0\xf9\x85\x0f\x01\xd8\xdf\xaf\x84\x68\xc0\x5c\
\xac\x04\xd8\xb0\xe1\xba\x14\x80\x5e\x77\x88\x22\xa2\xf0\x10\xe8\
\xef\x00\xb1\xdf\x39\xa1\xf6\x9f\x61\xd4\xa3\xf6\xf6\x60\xf7\xaf\
\xfa\xf3\x82\x7e\x15\x00\x0d\x8d\x95\x07\xa1\xf8\x49\xff\x72\xa2\
\x81\x12\xe3\x66\x25\x80\x42\x9f\x72\x11\x97\x88\xb2\x93\xaa\x38\
\x79\x26\x18\x35\x2c\x00\xd2\x44\xa0\x3f\xda\xd0\x1a\xef\xec\xcf\
\x6b\xfa\xbd\x39\x83\x40\x36\xf4\xf7\x35\x34\x30\xaa\x70\x72\xf3\
\x08\xf4\x69\x17\x71\x89\x28\x5b\xb9\x29\x00\x54\x38\x02\x90\x2e\
\x81\xa2\xdf\x0d\x9c\xfd\x2e\x00\x3a\xf6\x8f\xf8\x19\x80\xbd\xfd\
\x7d\x1d\x0d\xc8\x99\xb1\xf2\x6f\x8e\xb3\x1d\xd4\x48\xe1\x6f\x6c\
\xc7\x24\xa2\xac\xa5\x28\xe8\x7c\xc6\x76\xd0\xee\x4d\xb4\x26\xd8\
\x8e\x4b\xa7\xb4\x2f\xb1\x7f\x54\xbf\xcf\xec\xe9\x77\x01\x70\xef\
\x2b\x37\x1e\x56\x36\x03\xa6\x8d\x24\xf2\x2e\xb6\x1d\xf3\xae\xa6\
\x85\x6f\x01\xb0\xde\xf0\x43\x44\x59\x48\xb1\xa5\xa1\xf1\xb6\x5d\
\xb6\xc3\x4a\xd4\x5c\x68\x3b\x26\xf5\xe8\xc7\xf7\xbe\x72\xe3\xe1\
\xfe\xbe\x68\x40\xfb\x33\x0b\x74\xfd\x40\x5e\x47\xfd\xa7\xc0\xa5\
\x8e\x42\xb3\x0f\x80\x88\xa0\x8e\x86\xff\x03\xe8\x6c\x17\x71\xe9\
\x64\xaa\xf8\xef\x81\xbc\x6e\x40\x05\x40\xe7\xbe\xd1\x0f\x02\xd8\
\x37\x90\xd7\x52\x3f\x29\x9c\xdc\x44\xa2\x60\x1f\x00\x11\xc1\x38\
\x6a\x0a\x16\x88\xab\x0f\x2f\x74\xbc\x03\xc3\x47\xa4\x1e\x1c\xc8\
\x0b\x07\x54\x00\xdc\xfb\xca\x8d\x87\x05\x78\x60\x20\xaf\xa5\x7e\
\xbb\x34\x8e\xb8\x83\x93\xb4\x0c\x47\x00\x88\x08\x70\xb0\x02\xa0\
\xfb\x99\xf5\x5e\xdb\x71\xe9\x94\x7e\x58\xf3\xd4\xad\x87\x06\xf2\
\xc2\x01\xbf\xb1\x04\xc2\x69\x80\x34\x19\xb9\x6d\xe6\xc8\xf3\x6d\
\x07\xd5\x82\xfc\x4d\x00\x0e\xda\x8e\x4b\x44\x59\xe5\xc0\xa4\x77\
\xed\x69\xb5\x1d\x74\x7b\xe9\xd8\x62\x00\x23\x6d\xc7\xa5\x53\x50\
\xb9\x6f\xa0\x2f\x1d\x70\x01\xd0\x9e\x6a\x7f\x10\xc0\xce\x81\xbe\
\x9e\xfa\x4e\x34\x62\x7d\x1a\xa0\xa1\xb1\x32\x01\xc5\xef\x6d\xc7\
\x25\xa2\xec\x21\xd0\x67\xe2\x8f\xc5\x93\xf6\x23\xeb\xfb\xec\xc7\
\xa4\x53\xd8\xde\x76\xfe\xc4\x7e\x6d\xfe\x73\xac\x01\x17\x00\x1b\
\x5a\xe3\x9d\x10\xfd\xde\x40\x5f\x4f\x7d\xe7\xae\x11\x90\x1b\x02\
\x11\x85\x99\xab\x0d\x80\xc0\x06\xc0\xb4\x50\xe8\x7d\xdd\xbb\xbb\
\x0e\xc8\xa0\xe6\x96\x8d\x98\x7b\x07\xf3\x7a\xea\x1b\x71\xd5\x08\
\x08\xc3\x46\x40\xa2\x10\x53\x77\x9b\x82\xb1\x00\x48\x03\x41\xe4\
\x3f\x06\xf3\xfa\x41\x15\x00\x77\x6d\xaa\xde\x08\x60\xd3\x60\x62\
\x50\x9f\x9c\xbf\xb0\x74\x75\x91\xed\xa0\x11\x8d\xfc\x06\xe0\xc9\
\xe9\x44\x21\xa5\x52\x90\xb4\x5e\x00\x2c\x9e\x71\xe7\x58\x00\xe7\
\xd9\x8e\x4b\xc7\x13\xa0\xb1\xa1\xb9\xaa\x79\x30\x31\x2c\x74\x97\
\xeb\xbf\x0f\x3e\x06\xf5\x42\x92\xa6\xd3\x7a\x47\xed\xea\xd6\xc5\
\x6f\x00\x78\xc1\x76\x5c\x22\xca\x0a\x2d\x2e\x36\x00\x4a\x44\x83\
\x4b\xc1\x33\xb1\x9d\x53\x95\xef\x0c\x36\xc6\xa0\x0b\x80\xbc\x44\
\xf4\x3b\x00\xfa\x75\x00\x01\xf5\x9f\xa8\xb8\x1a\x52\x7b\xd4\x51\
\x5c\x22\xca\x60\xa2\x78\xc4\x4d\x64\xce\xff\xa7\x41\x32\x40\xf0\
\xfd\xc1\x06\x19\x74\x01\xb0\x6a\xf3\x2d\xbb\x01\xf9\xd9\x60\xe3\
\xd0\xe9\x49\xe0\x66\x53\x0d\x15\x65\x01\x40\x14\x46\xe2\xa8\xf8\
\x17\x5c\xe2\x24\x2e\x1d\x43\x7e\x76\x77\xcb\xd2\x37\x07\x1b\xc5\
\xd2\x06\x33\x29\x4e\x03\x38\xa6\xa2\x97\xb8\xd8\x10\x28\x48\x05\
\x8f\x02\x08\x6c\xc7\x25\xa2\x8c\x96\x32\xc8\x7b\xdc\x76\xd0\x8a\
\x8a\xf5\x11\x70\x03\x20\xe7\x04\x5a\x6f\x23\x8e\x9d\x37\x94\xfc\
\xa1\x3f\x05\x30\xe8\x6a\x84\x4e\x6b\xf4\x1b\x65\x45\x17\xd8\x0e\
\xfa\xed\xd6\x5b\xf7\x80\x8d\x9c\x44\x21\xa3\x1b\xd7\x34\x2f\x6a\
\xb3\x1d\x75\xcc\xf3\x6f\x94\x80\x1b\x00\xb9\x25\x78\x75\xcf\x8c\
\x49\xbf\xb0\x11\xca\x4a\x01\xd0\xbd\xa9\xcc\xdd\x36\x62\x51\xcf\
\x34\xc0\x87\x9c\x04\x16\x71\x34\x17\x48\x44\x99\xc9\xcd\x3d\xaf\
\x11\x47\xcf\x28\x7a\x87\xe2\xae\xc1\xac\xfd\x3f\x96\xb5\x21\xe5\
\x64\x9e\x59\x0d\x20\x61\x2b\x1e\x9d\x82\x38\xba\xb9\x02\x36\x02\
\x12\x85\x89\xb8\x9a\xff\x57\x16\x00\x8e\x75\x06\xaa\xeb\x6c\x05\
\xb3\x56\x00\xdc\xb3\xb1\x6a\x3b\x44\x7f\x6c\x2b\x1e\x9d\x4c\x81\
\x0f\x75\xcf\xb1\x59\x95\x4c\x1c\x7a\x1c\x2c\xde\x88\xc2\x22\x99\
\xe8\x38\xfc\xa4\xed\xa0\x5d\xcf\x26\xfd\x80\xed\xb8\xf4\x0e\x85\
\xfe\xc0\x46\xf3\xdf\x11\x56\x9b\xca\x02\x44\x56\xd9\x8c\x47\x27\
\x19\x3d\x6a\xf3\x8e\x59\xb6\x83\xde\xf3\xe2\x17\xf7\x01\xf2\x3b\
\xdb\x71\x89\x28\xf3\xa8\xe8\x33\x5d\xf7\xbc\x5d\x63\x5f\x7a\xa3\
\x1c\xc0\x68\xdb\x71\xe9\x1d\x2a\x66\x8d\xcd\x78\x56\x0b\x80\xbb\
\x9b\xaa\x1e\x01\xd0\x62\x33\x26\x1d\xcf\x88\x5c\xe1\x24\xb0\x2a\
\xfb\x00\x88\x42\x40\xd4\xd1\xfc\xbf\xab\x1e\x25\x3a\xe2\xf9\xbb\
\x9b\xaa\x9e\xb0\x19\xd0\xc1\x39\xf3\x76\x96\x27\x50\x0f\x34\x70\
\x72\x93\x89\x61\x1f\x00\x51\x28\xb8\xea\xf9\xe1\xfc\xbf\x53\x2a\
\xba\x0a\x10\xab\x5b\xb7\x5b\x2f\x00\x0a\x0e\x99\xef\x00\xb0\x3e\
\xbc\x44\x47\xc8\xfb\x63\xe5\xf5\x79\xb6\xa3\x76\xec\x1d\xf9\x24\
\x80\xc3\xb6\xe3\x12\x51\x46\x39\xdc\x79\x60\xa4\xf5\x13\x00\x2b\
\x8a\xe3\xf9\x2a\x7a\xb9\xed\xb8\x74\xd4\xde\xc2\x83\xe6\xbb\xb6\
\x83\x5a\x2f\x00\x56\x6e\xa9\xde\x0b\x85\xf5\x44\xe9\xa8\xe1\xda\
\x71\xf8\x3d\xb6\x83\xde\xfb\xca\x8d\x87\x01\xf9\xa5\xed\xb8\x44\
\x94\x39\x44\xf0\x70\xd7\xbd\x6e\xd7\xa8\xc8\x98\x4b\x00\x0c\xb3\
\x1d\x97\xba\x89\xac\x5d\xb9\xa5\x7a\xaf\xed\xb0\x0e\xa6\x00\x80\
\x00\xc1\x4a\x70\x77\x39\x67\x5c\xf5\x01\x88\xe0\xbf\x5c\xc4\x25\
\xa2\xcc\x10\x00\x83\x3a\x3e\xb6\x27\xc2\xe1\x7f\x97\x92\x48\x69\
\x9d\x8b\xc0\x4e\x0a\x80\xbb\x5b\x96\xbd\xa0\x00\x97\x04\x3a\xe3\
\xa6\x0f\x40\xf3\x0a\xee\x07\x70\xc0\x45\x6c\x22\xf2\xee\xc0\x61\
\x74\x3a\x79\x2e\x0b\xd4\x4d\x73\x32\x41\x80\xef\x37\xb4\x2e\xd9\
\xea\x22\xb6\x93\x02\x00\x00\x44\xf4\xdf\x5c\xc5\x0e\x3b\x85\xbc\
\x6f\xd9\xec\xe5\x43\x6c\xc7\x6d\x68\xac\x3c\x08\x91\x9f\xd8\x8e\
\x4b\x44\x19\xe1\x87\xf7\x35\x7d\xc1\x7a\x81\x1f\x2b\xaf\x1f\x0a\
\xc0\xc9\x61\x65\x04\xa8\x04\xcb\x5d\xc5\x76\x56\x00\x34\x34\x2d\
\x7d\x46\x45\xad\x6f\x36\x41\x00\x80\xc2\x7d\x07\xf2\x9c\x1c\xb9\
\x69\x52\xb2\xd2\x45\x5c\x22\xf2\x4b\x15\x56\xd7\x90\x1f\x21\x1d\
\x87\x2e\x03\x50\xe0\x22\x76\xd8\x09\xf4\x91\x86\xa6\x65\xbf\x77\
\x15\xdf\x59\x01\xd0\xed\x1b\x8e\xe3\x87\x96\x09\xf4\xc3\x2e\xe2\
\xde\xd5\x5a\xf5\x24\x80\x87\x5d\xc4\x26\x22\x3f\x44\xe5\x17\x6b\
\x5b\x96\xfc\xc6\x49\x70\x23\x9c\xff\x77\x44\xd5\x38\xfb\xf4\x0f\
\x38\x2e\x00\xd6\x36\x2d\xf9\x31\x20\xad\x2e\xaf\x11\x5a\xa2\xff\
\xbf\xbd\x3b\x8f\x92\xaa\x3e\x13\x3e\xfe\x7d\x6e\x55\x2f\xc8\xda\
\x28\x20\x28\x6a\x78\x55\xd4\xee\x6a\xc4\xd6\x88\xd1\xb8\x0d\x26\
\xd1\xd1\xc4\xe8\x8b\x89\xe6\xd5\x51\x91\x6a\x10\xe9\x6a\x48\x1c\
\x93\x13\x1d\xfb\xcd\x9b\x45\xa3\x11\xba\x59\xab\x1a\x97\x19\xb3\
\x42\xe6\x24\x3a\x33\xea\x31\x68\x36\xd9\x62\x5a\xa0\xab\x1b\x91\
\x18\x54\x10\x11\x02\x34\x8b\x0d\xbd\xd5\x7d\xde\x3f\x1a\x0c\x1a\
\x51\x96\xae\xfa\x55\xdd\x7a\x3e\xe7\x78\x3c\x2e\xdc\xdf\x57\xe1\
\x70\x9f\xba\x75\xef\xef\x5e\x93\xae\x43\xab\x72\x7f\xba\x8e\x6d\
\x8c\xc9\xbc\x94\x47\x4d\xba\x8e\xad\x4a\xda\x7e\x2f\xca\x73\x6b\
\x86\x35\x6d\x7f\x36\x9d\x0b\xa4\xf9\x0a\x80\xa8\xa0\x3f\x4a\xef\
\x1a\x79\x2b\x32\x29\x32\x7d\x44\x3a\x0e\x5c\xdf\x14\x5b\xa2\xf0\
\x9b\x74\x1c\xdb\x18\x93\x59\x0a\xcf\xcc\x6f\xac\x5a\x96\x8e\x63\
\x57\x9e\x5d\x7b\x1a\x50\x96\x8e\x63\xe7\x3b\x51\x7d\xb8\x86\x9a\
\xb4\x3e\x4d\x97\xee\xaf\x00\xd0\xc2\xe2\x1f\x83\x6c\x48\xf7\x3a\
\xf9\x28\x85\x7c\x29\x5d\xc7\x0e\xe3\x4f\x04\xde\x4b\xd7\xf1\x8d\
\x31\x19\xb1\xc7\x0b\x51\x9d\xb6\xa3\xa7\xe4\xba\xb4\x1d\x3b\xaf\
\xc9\x86\xc2\xb6\x9e\xdf\xf8\xe7\xc3\xd2\x3e\x00\x24\x1a\x2a\x3b\
\x55\xd3\xf3\x0c\xa3\x91\x1b\xd3\x75\xe4\xb9\xc9\xa9\xeb\x54\xb8\
\x37\x5d\xc7\x37\xc6\xa4\x9f\x8a\xde\x1d\x5f\x19\xfb\x4b\xda\x8e\
\x8f\x7e\x25\x5d\xc7\xce\x67\xa2\xfa\xfd\x99\xaf\x57\xb5\xa7\x7b\
\x9d\xb4\x0f\x00\x00\x6d\x5e\xc7\x5c\xa0\xc7\x5e\x61\x68\xde\x77\
\x5e\x65\x69\xdd\xa8\x74\x1d\xfc\x84\xc6\x96\x99\xc0\xef\xd3\x75\
\x7c\x63\x4c\x5a\xbd\x50\xdf\x18\x4b\xcb\x9d\xff\x00\x77\x94\xcd\
\x28\x07\x46\xa7\xeb\xf8\xf9\x4b\x36\x14\xb6\xc9\xe3\x99\x58\x29\
\x23\x03\xc0\x93\x8d\x77\xb7\xa2\xfa\x50\x26\xd6\xca\x37\xea\xe9\
\xbf\xa4\xeb\xd8\x35\xd4\xf8\xa9\xae\xd0\xbf\x00\xef\xa6\x6b\x0d\
\x63\x4c\x5a\xbc\x1b\xd6\xae\xdb\x7a\xfa\xe5\x31\x07\x0a\x21\x95\
\xe9\x3a\x76\x3e\xcb\xd4\xa7\x7f\xc8\xd0\x00\x00\x40\x51\xaf\xb9\
\xc0\xa6\x8c\xad\x97\x3f\x6e\xd9\xb7\x11\x47\x5a\x3c\xfa\xea\x5d\
\x6f\xf9\x70\x35\x76\x3f\x80\x31\xb9\x62\x0f\xa2\xd7\xce\x69\xfa\
\x7a\xda\xee\xbd\xba\xb3\x74\x76\x1f\x15\x6e\x4a\xd7\xf1\xf3\x57\
\xe6\x3e\xfd\x43\x06\x07\x80\x7d\xbb\xcc\xd9\xbe\x00\x3d\xef\x58\
\x3a\xf6\xde\x9e\xce\x05\xe6\x27\x63\x0d\x02\x5f\x01\xba\xd2\xb9\
\x8e\x31\xe6\xa8\x75\x8a\x70\x7d\xa2\xb1\x7a\x79\x3a\x17\x49\x79\
\x5d\x51\x60\x40\x3a\xd7\xc8\x4b\xc2\x0f\x32\xf5\xe9\x1f\x32\x79\
\x05\x00\xe8\xd8\xd5\x77\x1e\xf0\x76\x26\xd7\xcc\x0f\x32\xad\xe6\
\xd2\x9a\x70\x3a\x57\x88\x27\x63\xcf\x20\xdc\x81\x0d\x01\xc6\x64\
\xab\x2e\x55\xc6\xc7\x1b\x63\xcf\xa5\x73\x91\x68\x45\xbc\x40\x21\
\x96\xce\x35\xf2\x93\x6c\x28\xda\xc3\x63\x99\x5c\x31\xa3\x03\xc0\
\xbe\xd7\x50\x3e\x90\xc9\x35\xf3\xc4\xa7\x36\x6e\x1b\x98\xf6\xbb\
\x71\x13\x8d\xb1\x7f\x17\xd5\xab\x80\x1e\x7f\x2d\xa5\x31\xe6\xa8\
\xb4\xaa\xea\x97\xeb\x9b\x62\x4f\xa6\x7b\x21\x6d\x6f\xbf\x19\x38\
\x29\xdd\xeb\xe4\x1b\x15\xff\x81\x4c\x7e\xfa\x87\x0c\x0f\x00\x00\
\x45\x7b\x65\xbe\xed\x0b\xd0\xf3\x04\xfd\xce\xb8\xd2\x9a\xc2\x74\
\xaf\x13\x6f\xaa\xfe\x8d\xaf\xfa\x59\x60\x63\xba\xd7\x32\xc6\x1c\
\x92\x4d\x3e\x5c\x52\xdf\x54\x9d\xf6\x17\x79\xdd\x7a\xca\xe3\xc5\
\x22\x6a\x3b\x85\xf6\xbc\x37\x8b\xf7\x78\x8f\x66\x7a\xd1\x8c\x0f\
\x00\x33\x5f\xaf\x6a\x17\xd5\xef\x67\x7a\xdd\x3c\x30\xa2\x44\x06\
\x4e\xcc\xc4\x42\xf3\x9b\xaa\x1b\xf1\xf9\x8c\xa0\x2f\x66\x62\x3d\
\x63\xcc\x47\x13\xf4\xc5\xb0\x76\x9d\x3f\x3f\x19\x6b\xc8\xc4\x7a\
\x85\x7d\x77\x55\x61\x9f\xfe\x7b\x9c\x22\xf7\x66\xfa\xd3\x3f\x38\
\x18\x00\x00\xb4\xa8\xf8\x51\x60\xad\x8b\xb5\x03\x4d\xf4\xde\x49\
\x91\x39\x25\x99\x58\x2a\xd1\x1c\x5b\x1f\x4f\xc6\xc6\x0a\x54\x62\
\x4f\x08\x18\x93\x69\x7b\x05\xf9\xe6\xd0\xe4\x8e\x2b\xd2\x79\xb7\
\xff\x81\x26\x9f\x31\xeb\x58\xe0\x9b\x99\x58\x2b\xcf\xac\x38\x21\
\xb9\xfd\x67\x2e\x16\x76\x32\x00\x74\xef\x0e\x68\xbf\x90\xd2\x60\
\x50\x8a\x8e\x1f\x64\x6e\x39\xd1\x78\x32\x96\x90\x10\xe7\x28\x3c\
\x93\xb9\x75\x8d\xc9\x67\xfa\x6c\x08\xbf\x2c\x9e\xac\x7a\x30\xdd\
\x7b\xc5\x1f\xa8\xb3\x20\xf5\x10\x90\x91\x0f\x18\xf9\x44\x54\xef\
\xc9\xe4\xcf\xe3\x07\xd6\x76\xb1\xe8\x7e\x95\x91\xda\x3f\x28\x7c\
\xd6\x65\x43\x00\xf9\x78\x5c\x92\x58\x15\x7b\x29\xd3\x0b\x47\xcb\
\x67\x9c\x2f\xc8\xbd\xaa\x5c\x9d\xe9\xb5\x8d\x09\x3a\x15\x5d\x1c\
\xf2\xf5\xde\x79\x4d\x53\x7f\x97\xe9\xb5\x27\x44\xea\x2e\x11\xf4\
\xb7\x38\x3e\x67\x04\xd0\xf3\x89\x64\xec\xf3\xae\x16\x77\xfa\x93\
\x39\x71\x54\xdd\xa7\x7d\x5f\x97\xb9\xee\x08\xa0\xd5\xbd\xfb\xa4\
\xce\x9d\xbe\x74\xda\x5e\x17\x8b\x4f\x28\xab\xfd\x8c\x78\x4c\x44\
\xb9\x16\xe8\xeb\xa2\xc1\x98\x80\x68\x05\x9e\x12\xfc\x59\xf1\xe4\
\xd4\xa5\x2e\x02\xa2\x15\xf1\x63\x68\x6f\x5b\x89\x70\x9a\x8b\xf5\
\x03\xcc\xf7\x3c\x39\x77\xde\xaa\xaa\x15\xae\x02\x9c\x9f\x78\xa3\
\x65\xb5\x3f\x43\xf8\xaa\xeb\x8e\xe0\x91\x59\x89\x64\xd5\x14\x97\
\x05\x53\x2f\x78\xa4\xd7\x9e\xdd\xde\x17\x55\xbc\x9b\x40\xaf\x00\
\x7a\xb9\xec\x31\x26\x47\xb4\x81\x3c\x2f\xc2\xcf\xf7\xd0\xfe\xf4\
\x93\x8d\x77\xb7\xba\x8c\xa9\x8c\xd4\x25\x14\x9d\xe0\xb2\x21\xa0\
\x7e\x9c\x48\xc6\x6e\x76\x19\xe0\x7c\x00\x98\x78\xf6\xf4\x53\xfc\
\x94\xb7\x06\x28\x72\xdd\x12\x30\x2a\xf0\xe5\x78\x32\xf6\x94\xeb\
\x10\x80\x9a\x4b\x6b\xc2\x6f\x6f\x2b\x19\x15\x42\xc6\x2a\x3a\x96\
\xee\xaf\x7e\xec\xe7\xdc\x18\x48\x09\xac\xf4\xd1\x45\xe0\x2d\xea\
\xd3\xa7\x6b\xb1\xab\xab\x77\x1f\x56\x59\x56\x77\x9d\x8a\xfe\xa7\
\xeb\x8e\x00\xea\x08\xe1\x9f\x39\x37\x39\x75\x9d\xcb\x08\xe7\x03\
\x00\x40\x65\x79\xed\x43\xaa\x7c\xc3\x75\x47\xe0\x28\x5b\xbd\xb0\
\x7f\xde\xbc\x95\x53\xdf\x74\x9d\xf2\x61\xd1\x8a\xf8\x31\xda\xd1\
\xfe\x19\x11\xbd\x08\xe5\x42\xe0\x62\x20\xed\xfb\x18\x18\x93\x05\
\x52\x02\x2b\x55\x74\x31\xca\x4b\x14\xf6\x7a\x3e\xd1\x50\xb9\xd3\
\x75\xd4\x87\x45\xcb\xea\xfe\x17\xa2\x2f\x63\x37\xfe\xf5\x38\x11\
\x1e\x8e\x37\xc6\xee\x76\xde\xe1\x3a\x00\xe0\xd6\xb3\xa7\x0f\x28\
\x4c\x79\xaf\x03\xc7\xba\x6e\x09\xa0\xd5\x45\x7b\xe5\x82\x99\xaf\
\x57\x65\xf5\xee\x7d\x37\x97\x3f\xd4\xbb\x58\x8b\x2e\x00\x7f\xac\
\x87\x8c\xd5\xee\xd7\x8c\x3a\x79\x4a\xc5\x98\x34\x58\x07\x2c\x02\
\x5d\x94\xf2\xfd\x17\x1e\x6d\x9e\xb6\xdd\x75\xd0\xc7\xb9\x7d\xe4\
\x83\x7d\xc3\x85\xc5\x4b\x80\x32\xd7\x2d\x01\xb4\x99\xc2\xe2\x91\
\xd9\x30\xf4\x65\xc5\x00\x00\x10\x8d\xd4\x4e\x06\x66\xb9\xee\x08\
\x26\xf9\xf5\xb0\xe4\xf6\xeb\x5d\x3d\x6a\x72\x24\xc6\x97\x3e\x32\
\x30\xec\x85\xc6\x28\x8c\x01\x2e\x00\x3e\x0d\xf4\x73\x9c\x65\xcc\
\xa1\xd8\x2d\xe8\xcb\xaa\xb2\x54\xd1\x65\x52\xd4\xb5\x2c\xd1\xf0\
\x8d\xad\xae\xa3\x0e\xd5\xb8\x71\x0b\x42\x03\xd6\x6c\x7a\x5a\xe0\
\x2a\xd7\x2d\x41\xa4\xca\x2d\x99\xd8\xb2\xf9\x50\x64\xcd\x00\x30\
\x6e\xdc\x82\x50\xc9\x9a\x4d\x2f\xd3\xfd\xc9\xcf\xf4\xbc\xd9\x89\
\x64\xec\x2e\xd7\x11\x47\x63\x52\x64\xfa\x08\x5f\xe4\x22\x85\x0a\
\x51\xb9\xd0\xae\x12\x98\x2c\xb1\x0e\x61\xb1\x42\x83\x08\x0d\x84\
\x8b\x97\x27\x1a\x2a\x3b\x5d\x47\x1d\x19\x95\x68\xa4\x76\x2e\x48\
\xa5\xeb\x92\x20\x52\xd1\xc5\xf5\x8d\xb1\xcf\x82\xa8\xeb\x16\xc8\
\xa2\x01\x00\x60\x42\xe9\x8c\xf3\xc4\x93\x65\xd8\x6f\xea\x69\xa1\
\xe8\x77\xeb\x93\xd5\xf7\xb9\xee\xe8\x29\x93\x22\x73\x4a\x7c\xe9\
\x3c\x5f\x61\x8c\xf8\x32\x46\x45\x3f\x8d\x7d\x5f\x69\xd2\x6b\x07\
\xf0\x27\x41\x97\xf9\x84\x96\x85\x09\x2d\x9b\x9b\xbc\xb3\xc5\x75\
\x54\x4f\x99\x10\x99\xf1\x80\x20\xf7\xb8\xee\x08\x28\x5f\xd4\x3b\
\x3f\xde\x34\xe5\xcf\xae\x43\xf6\xcb\xaa\x01\x00\x60\x42\x79\xed\
\x7c\x51\xc6\xbb\xee\x08\xb0\x6f\x25\x92\xb1\xc0\xbe\x91\xf1\xf6\
\xd1\x33\x87\x85\xba\xf4\x2c\x44\x4b\x05\x2a\x50\x2a\x80\x33\xb0\
\xa1\xd2\x1c\xbe\x4d\x22\x34\xf8\xaa\xcd\x9e\xb0\xda\x17\xbf\xa1\
\x7e\xd5\xd4\xd5\xd9\xf2\xe9\xad\xa7\x55\x46\xea\xee\x55\xf4\xff\
\xb9\xee\x08\x2a\x51\xe6\xc4\x9b\x62\x93\x5d\x77\x1c\x28\xeb\x06\
\x80\xc9\x67\xcc\x3a\xb6\x33\x9c\x5a\x83\x70\x9c\xeb\x96\xa0\x52\
\xf4\xc1\xfa\x64\x75\xde\x6c\xc5\x7c\xfb\xc8\x07\xfb\x7a\x85\xc5\
\xa7\x87\x44\x4b\x15\x2a\xf6\x7d\x85\x30\x1a\x38\xc6\x75\x9b\xc9\
\x0a\x9d\xc0\x5f\x10\x1a\x14\x1a\x50\x69\x96\xc2\x8e\x95\xb9\xf4\
\xbd\xfd\xd1\x51\x89\x96\xd7\xdd\x8f\x62\x6f\xf9\x4b\x9f\xed\x14\
\x76\x8e\xcc\xb6\x5f\x53\x59\x37\x00\x00\x44\x23\x75\x95\xa0\xf3\
\x5c\x77\x04\x9b\xcc\x1a\x96\xdc\x1e\xcb\xa5\x1b\x03\x7b\x52\xcd\
\xa5\x35\xe1\x8d\x2d\xfd\x46\x7a\x1a\x3e\x53\xd1\x91\xc0\x48\xf5\
\x19\x29\xc2\xe9\xc0\x00\xd7\x7d\x26\x2d\x76\xd2\xfd\x12\xb2\xd7\
\x04\x79\x4d\xf1\x5f\x53\xcf\x5f\x7d\x42\xc9\xae\xd7\x6a\x7e\x57\
\xd3\xe5\x3a\xce\x85\x7d\xf7\x5e\xcd\x01\xa2\xae\x5b\x82\x4c\xa0\
\x32\x9e\x8c\x25\x5c\x77\x7c\x58\x56\x0e\x00\x35\xd4\x78\xef\x44\
\x4a\x96\x01\xe7\xb9\x6e\x09\x36\x79\x3a\xec\x87\xbe\x36\xa7\x79\
\xb2\xbd\xcd\xef\x00\x93\x22\x73\x4a\x3a\xe9\x1c\x11\x12\x2d\xf5\
\x95\xb3\x04\x6f\x84\xa0\x23\x14\x4a\x81\x62\xd7\x7d\xe6\x63\x75\
\x01\xeb\xe9\x7e\xec\x6e\x9d\x0a\xab\x51\x69\x0e\x93\x5a\x37\x37\
\x59\xfd\x46\x50\x2f\xdf\x1f\x89\x29\xa7\xd6\xf5\x6b\xef\xa5\x3f\
\x05\xfe\xd9\x75\x4b\xc0\xbd\x3c\x2c\xd9\x32\x26\x1b\x3f\x6c\x65\
\xe5\x00\x00\x70\x47\xa4\xb6\xc2\x83\xe5\x40\xc8\x75\x4b\xc0\x25\
\x7d\xf1\xbe\x34\xbf\x71\xca\x1b\xae\x43\xb2\x5d\xb4\x22\x5e\x10\
\xea\xdc\x3b\xa2\x4b\x38\x45\x54\x86\x8b\xea\x70\x5f\xbd\x53\x10\
\x4e\x12\x74\x38\x30\x1c\xdb\xcc\x28\xdd\x3a\x80\x0d\x8a\x6c\x40\
\x59\x2f\xa2\x6f\x29\xba\xc1\x13\xd9\xe0\xa1\x6f\xa4\x0a\x7a\xad\
\xcb\xdd\x3b\xf0\x33\xa7\x7b\x93\x1f\x9e\x02\x2d\x75\xdd\x12\x70\
\x5d\x9e\x27\x9f\x76\xb9\xdf\xff\xc7\xc9\xda\x01\x00\x20\x1a\xa9\
\x9d\x05\x64\xd5\x4d\x13\x01\xb5\x4d\x60\x7c\xb6\x6c\x1b\x9c\xbb\
\x54\xa2\x67\xce\x38\xde\x2f\x08\x9d\xec\xa9\x3f\x5c\x90\xe1\x2a\
\x7a\xb2\xa8\x0c\x57\x65\x10\xc2\x20\x60\x30\xf6\xa4\xc2\xc1\xec\
\x00\x36\xab\xe8\x56\x4f\x65\x0b\xca\x7a\x84\xf5\x88\xac\x57\xfc\
\x0d\x74\xea\xfa\xc4\xab\xd5\xef\xda\xa7\xf8\xa3\xb3\x6f\x7b\xdf\
\xf9\xd8\xaf\xc3\xf4\x53\xf9\x7e\xa2\xa9\xea\xdb\xae\x33\x0e\x26\
\xab\x07\x80\x9b\xcb\x1f\xea\xdd\x4b\x0b\x1b\x81\x11\xae\x5b\xf2\
\x82\xf0\x24\x05\xc5\x13\x13\x0d\x95\x7b\x5c\xa7\x04\x59\xb4\x22\
\x5e\xd0\xe5\x77\x0c\xf2\x3a\x53\xc7\x85\x60\x88\x2f\xde\x60\x44\
\x8f\x13\x9f\x41\xc0\x10\x15\x06\x79\x30\x50\x91\xde\xa0\x03\xe8\
\x7e\xa3\x62\x1f\x72\xe7\x65\x4a\x7b\x51\x5a\x11\x76\x21\xec\x52\
\xb4\x15\x95\xad\xa2\xfc\x0d\xd8\xac\x1e\x7f\x43\x65\xab\xa7\xfe\
\x96\x14\x6c\xf6\x0b\x42\x5b\x77\x77\x6c\xdb\xba\xb0\xb9\xa6\xc3\
\x75\x78\x90\x4d\xbd\xe0\x91\x5e\xad\xad\xde\x03\xa8\x54\xb9\x6e\
\xc9\x13\x6b\x3b\x76\xf7\x1b\xf5\xc4\x9b\xb7\xb5\xb9\x0e\x39\x98\
\xac\x1e\x00\x00\xa2\x65\x75\x9f\x43\xf4\x39\x72\xa0\x35\x20\xd6\
\xf8\x22\xd1\xf9\x8d\x55\x7f\x74\x1d\x62\x3e\xa8\x86\x1a\x6f\x73\
\x64\x70\xff\x8e\x2e\xbf\x5f\xd8\xf3\x7b\x4b\x98\x3e\x29\x9f\x7e\
\x9e\xd2\x0f\xcf\xef\x83\xca\xfe\xfb\x13\xfa\x80\x14\xbc\xff\x03\
\x45\xfb\xfb\xaa\xef\x3f\x06\x29\xc8\x3f\x7c\xf2\x53\xc1\x47\x75\
\xe7\xdf\x7f\x88\x97\x12\xe1\x80\xed\xa3\xb5\x13\xe8\xbe\x57\x44\
\x75\x8f\x8f\xb4\x22\xb2\x1b\xdf\xdf\xe9\xe1\xb5\x76\xf9\x5e\x6b\
\x61\xd8\xdb\x35\x24\xb9\x65\x67\x36\x7e\xd7\x99\xef\x26\x44\xea\
\x2e\x11\x34\x01\x9c\xee\xba\x25\x4f\xa8\x22\x97\xd5\x27\xab\x7e\
\xef\x3a\xe4\xe3\xe4\xc4\x49\x35\x1a\xa9\x7d\x14\xb8\xdd\x75\x47\
\x1e\x51\xa0\xbe\x23\xe4\xdf\xf3\xc4\xca\xa9\x3b\x5c\xc7\x18\x63\
\x8e\xcc\xf8\xd2\x47\x06\x86\xbc\xd0\x43\xc0\x6d\xe4\xc8\xef\xf7\
\x01\x91\x48\x24\x63\x59\xbf\x9b\x62\x4e\xfc\x82\x88\x56\xc4\xfb\
\xd3\xd1\xd6\x04\x9c\xe8\xba\x25\xcf\x6c\x17\xe4\x87\xed\xbb\xfb\
\xd6\x66\xf3\x65\x2c\x63\xcc\x07\x45\x2b\xe2\x05\xd2\xd1\x76\x5b\
\xf7\xc6\x3e\x32\xd8\x75\x4f\x9e\xd9\x14\xa2\xa0\x34\x17\x76\x88\
\xcc\x89\x01\x00\xa0\x32\x52\xfb\x25\x85\x5f\xbb\xee\xc8\x53\xeb\
\x44\xf5\xfe\xa1\xc7\xed\xf8\x79\xbe\x3e\x2f\x6d\x4c\x2e\xa8\xb9\
\xb4\x26\xbc\x71\x6b\xc9\x8d\x22\x7c\x07\x38\xc5\x75\x4f\x3e\x52\
\xe5\xba\xfa\xa6\xd8\xaf\x5c\x77\x1c\x8a\x9c\x19\x00\x00\xa2\x65\
\xb5\x3f\x43\xf8\xaa\xeb\x8e\x3c\xf6\x06\xe8\x23\x14\xf6\x7a\xcc\
\x6e\x14\x34\x26\x7b\xdc\x5c\xfe\x50\xef\x5e\x7e\xd1\x78\x44\xa7\
\x62\x27\x7e\x77\x44\x7e\x91\x68\xac\xca\x99\x73\x54\x4e\x0d\x00\
\xb7\x8d\xae\x1b\x54\xd0\xa5\xcd\xc0\x20\xd7\x2d\x79\x6e\x9b\x28\
\x3f\x16\x8f\xf9\xf3\x1a\x63\x4d\xae\x63\x8c\xc9\x57\xd1\xc8\xcc\
\x88\xa8\x3f\x5e\x85\x9b\x81\x81\xae\x7b\xf2\xdc\xc6\x94\x9f\x2a\
\x7f\xb4\x79\xda\x76\xd7\x21\x87\x2a\xa7\x06\x00\x80\x09\xe5\x33\
\xae\x17\x95\x5f\xba\xee\x30\xef\x5b\x0e\xfa\x0b\x5f\x42\xbf\xb6\
\xcd\x84\x8c\x49\xbf\x3b\xca\x67\x7e\xca\xd3\xd4\xb5\x20\x37\x62\
\xbb\xa5\x66\x0b\x45\xe5\x0b\x89\xa6\xaa\xe7\x5d\x87\x1c\x8e\x9c\
\x1b\x00\xc0\x9e\x0a\xc8\x5a\xc2\x4a\x55\xfd\x6f\xf1\xe5\xc5\x8e\
\xd6\x7e\x4b\xed\xc6\x41\x63\x8e\xde\x94\x53\xeb\x8a\x3a\x7a\xf9\
\xe7\x03\xff\xa4\x22\x5f\x44\x39\xdb\x75\x93\xf9\x30\x99\x95\x48\
\x56\x4d\x71\x5d\x71\xb8\x72\x72\x00\xd8\xb7\x41\xd0\x2b\xd8\x33\
\xad\xd9\xac\x4b\x60\x95\x8f\x2e\x02\x6f\xd1\x0e\x7f\xfb\x1f\x6c\
\xa3\x17\x63\x3e\xd9\xb8\x71\x0b\x42\xfd\xd7\x6c\x3a\x3b\x84\x8c\
\x45\xf4\x22\x55\x2e\x06\xfa\xb9\xee\x32\x07\xb5\xa6\x77\x9f\xd4\
\x39\xd3\x97\x4e\xdb\xeb\x3a\xe4\x70\xe5\xe4\x00\x00\x50\x59\x36\
\xf3\x5c\x15\x7f\x09\x50\xf0\x89\xff\xb2\xc9\x06\xad\xc0\x52\x41\
\x16\xa9\xa7\x8b\x09\x17\x2f\xb7\x3d\xdb\x8d\xe9\xde\xe0\x69\xe3\
\xa8\x7e\x67\x7a\x7e\xe8\x42\x45\xc6\x82\x5e\x81\xbd\x91\x32\x57\
\x74\x79\x9e\x5c\x38\x6f\x55\xd5\x9f\x5c\x87\x1c\x89\x9c\x1d\x00\
\x00\xa2\x91\xda\xfb\x80\xef\xb8\xee\x30\x47\x64\xbb\xc0\xef\x51\
\x7e\x2b\x1e\xbf\x3d\xbe\xb1\x65\xb5\xed\x20\x67\xf2\x41\x0d\x35\
\xde\xbb\xe5\x25\x67\xa9\xcf\x65\x08\x97\x29\x5c\x82\xdd\xc0\x97\
\x93\x04\xb9\x2f\x9e\xac\xfa\xae\xeb\x8e\x23\x95\xd3\x03\xc0\xb8\
\x71\x0b\x42\x25\xaf\x6e\xfa\x1d\xc2\x45\xae\x5b\xcc\x51\xdb\x09\
\x2c\x47\x58\x2a\xb0\xac\xdd\xf3\x97\xd9\x2e\x84\x26\x08\x6e\x3d\
\x7b\xfa\x80\x22\xdf\x1b\xa3\x30\x46\x7c\x19\xa3\xa2\x63\x80\xfe\
\xae\xbb\xcc\xd1\x92\xa5\xc3\x8e\xdd\x7e\x71\x2e\xef\x8d\x92\xd3\
\x03\x00\xc0\x9d\x65\x3f\x1a\xde\x25\xe1\x55\xd8\x9b\xad\x82\x68\
\x1d\xc2\x62\x85\x06\x55\x5e\x3a\x31\xd9\xb2\xc2\xae\x12\x98\x6c\
\x37\x29\x32\x7d\x84\x2f\x72\x91\x42\x85\xa8\x5c\xa8\x30\x1a\xf0\
\x3e\xf1\x07\x9a\x5c\xb2\xc3\x17\xef\x9c\x5c\x7f\xf2\x29\xe7\x07\
\x00\x80\xca\xb2\x19\xff\x47\x45\x9e\x74\xdd\x61\xd2\x6e\x27\xb0\
\x5c\xd0\x65\x3e\xa1\x65\x21\x09\x37\xcc\x6b\x9c\xb4\xc5\x75\x94\
\xc9\x5f\x13\xcb\xe7\x0e\x56\xed\x38\x57\x61\x0c\x70\x01\xf0\x69\
\xec\x86\xbd\xa0\x53\xf0\xaf\x4b\x24\xa7\xe6\xfc\xce\xb4\x81\x18\
\x00\xc0\x1e\x0d\xcc\x63\x2d\x2a\xba\x5a\xa0\x41\xa0\xc1\x17\xbf\
\x61\xc7\xe9\x27\xae\x59\xb8\xf0\x86\x94\xeb\x30\x13\x2c\xb7\x8f\
\x9e\x39\xac\x20\xa5\x15\x8a\x56\x08\x54\xa8\x72\x16\xf6\xaa\xf2\
\x7c\x34\x3d\x91\x8c\x4d\x73\x1d\xd1\x13\x02\x33\x00\xdc\x7a\xca\
\xe3\xc5\x85\x7d\x77\x2f\x06\x3d\xc7\x75\x8b\x71\xae\x03\x78\x1d\
\xa1\x41\xa1\x41\x84\x86\x70\x57\x78\xe5\x9c\xe6\xc9\xef\xb9\x0e\
\x33\xd9\xef\xce\xd2\xd9\x7d\x3a\xbc\xae\x91\x21\xd1\x52\x85\x8a\
\x7d\x97\xf2\xcf\x06\x7a\xbb\x6e\x33\xce\xbd\xdc\xe2\xb7\x5c\x14\
\x94\x47\x9a\x03\x33\x00\x00\x8c\x2f\x7d\xe4\xd4\x90\x17\xfa\x33\
\x76\x83\x8d\xf9\x47\x3e\xf0\x17\x85\xa4\xa8\xac\x15\xcf\x7f\x4d\
\xc4\x5b\xd3\x26\xa9\xb5\x76\xb3\x61\x7e\x9a\x14\x99\x53\xd2\x29\
\x5d\x23\x45\x39\xc3\x13\x3d\x5d\xd1\x91\xa8\x57\x0e\x3a\x02\xfb\
\xce\xde\xfc\xa3\x16\x2f\xe4\x9f\x33\x6f\xe5\xd4\x37\x5d\x87\xf4\
\x94\x40\x0d\x00\x00\x95\xe5\x75\xd7\xa8\xea\x53\x04\xf0\xbf\xcd\
\xa4\x4d\x8b\xc0\x3a\x15\x56\x8b\x4a\xb3\xe2\xaf\xf3\x91\x75\x5d\
\xbb\xfb\x35\xdb\x6e\x86\xb9\xad\xe6\xd2\x9a\xf0\xe6\x6d\xfd\x4f\
\xea\x22\x34\x02\xd1\x52\xf9\xfb\x65\xfb\xfd\x7f\x18\x73\x28\x54\
\x95\xeb\x73\xe5\x2d\x7f\x87\x2a\x90\x27\xc9\x68\x79\xdd\xc3\xa8\
\x7e\xdd\x75\x87\xc9\x79\x1d\xc0\x5f\x15\xd6\x7a\xca\x9b\x2a\xfa\
\x96\x0a\xeb\x43\xe2\x6d\xf0\xba\x42\xeb\xe7\x34\x4f\x7e\xd7\x75\
\xa0\x51\x89\x9e\x39\xe3\x78\xbf\x20\x74\xb2\xa7\xfe\x70\x94\x93\
\xf0\x38\x09\x5f\x3e\x85\x30\x12\xf8\x14\xb6\x59\x98\x39\x6a\x3a\
\x23\x91\xac\x9e\xea\xba\xa2\xa7\x05\x72\x00\xa8\xb9\xb4\x26\xbc\
\x69\x5b\xc9\x8b\x0a\x9f\x75\xdd\x62\x02\xad\x0d\x65\x03\xc2\x7a\
\x41\x37\xa8\xc8\x5b\xa2\xbc\xe5\x23\x1b\xf0\xbc\xf5\x12\x2e\x78\
\xdb\x5e\x9b\x7c\x74\x6e\x2e\x7f\xa8\x77\x91\x1f\x3e\xc9\x23\x34\
\x1c\x4f\x4f\x12\xd5\xe1\xbe\x7a\xa7\x88\xa7\xdd\x27\x7b\x38\x11\
\x28\x72\xdd\x69\x02\x6d\x49\x8b\xdf\x72\x59\x50\xbe\xf7\x3f\x50\
\x20\x07\x00\x80\x3b\xca\x66\x0c\xf1\x44\x56\x00\x43\x5d\xb7\x98\
\xbc\xd6\x06\xb4\xec\xfb\xe3\x1d\x84\x4d\xa0\x2d\x20\x2d\xa2\xbc\
\x83\xc8\x26\x15\x6d\x51\x52\x2d\xc5\xad\xe1\x0d\x33\x5f\xaf\xda\
\xe5\xb8\x37\xad\x6e\x3d\xe5\xf1\x62\xaf\xe4\xbd\x81\x21\xbf\xb3\
\x44\x08\x95\xe0\xeb\x50\x15\x19\x26\x50\x82\x32\x54\x84\x61\x3e\
\x5a\x22\x2a\x25\xc0\x30\x6c\x4b\x5c\xe3\xd6\x26\xcf\x4b\x9d\x37\
\x6f\xd5\xb4\x8d\xae\x43\xd2\x21\xb0\x03\x00\x40\xb4\xb4\xf6\x32\
\x3c\x9e\x07\xc2\xae\x5b\x8c\x39\x44\xbb\xe9\x1e\x16\x5a\x81\xf7\
\x80\x9d\x88\xee\x02\x69\xc5\xe7\x3d\x15\xdd\x25\xc2\x2e\x7c\xef\
\x3d\xc1\x6f\x55\x61\x17\xea\xed\x14\xf1\xdb\x52\x48\xeb\xfe\x83\
\x84\x7c\xd9\xeb\x79\xa9\xf7\xef\x5f\x50\x29\x7e\x4f\x54\xdf\x7f\
\xf7\xc2\x90\xe4\x96\x9d\xfb\x37\x55\xaa\xa1\xc6\xdb\x1c\x19\xdc\
\xff\xef\xff\xae\x14\x88\xb6\xf5\xd9\xff\xd7\xbe\x1f\x2a\x4e\x79\
\xda\xeb\xfd\x63\xa3\xbd\x7d\x8f\x5e\xe2\xd3\x4f\x94\x7e\xbe\x27\
\x7d\x04\xfa\xa8\x6a\x5f\x44\xfa\x8b\xd2\x47\xa0\xb7\x42\x5f\xd0\
\x01\x20\xbd\x41\xfa\x80\x96\x00\xef\x1f\xd7\x98\x2c\xd7\xe6\x79\
\x72\x49\xae\xee\xf3\x7f\x28\x02\x3d\x00\x00\x44\x23\xb5\x93\x81\
\x59\xae\x3b\x8c\x31\xc6\xe4\x0e\x51\xbd\x23\xde\x54\xfd\xa8\xeb\
\x8e\x74\x0a\xb9\x0e\x48\xb7\x86\x2d\xcf\xbd\x5c\x31\xf8\xca\x21\
\x08\xe7\xb9\x6e\x31\xc6\x18\x93\x13\xa6\x27\x9a\xaa\x1f\x70\x1d\
\x91\x6e\x79\xf1\xac\xeb\xb0\xe3\x5a\xaa\x04\x7d\xd1\x75\x87\x31\
\xc6\x98\xac\xf7\xc2\xb0\x63\x5b\xfe\xd5\x75\x44\x26\x04\xfe\x2b\
\x80\xfd\xc6\x97\x3e\x32\x30\xe4\x85\x97\x83\x9e\xea\xba\xc5\x18\
\x63\x4c\x56\x7a\x93\xc2\xce\xf3\x12\x0d\xdf\xd8\xea\x3a\x24\x13\
\xf2\x66\x00\x00\xa8\x2c\xad\x3b\x4b\x3d\x5d\x8a\xbd\xac\xc3\x18\
\x63\xcc\x07\xed\xf6\x55\x2f\x9a\xdf\x54\xdd\xe8\x3a\x24\x53\xf2\
\xe2\x2b\x80\xfd\xe2\xcd\x55\xab\xd5\xd3\x1b\x00\x7b\x51\x8c\x31\
\xc6\x98\xfd\x52\x22\xf2\xb5\x7c\x3a\xf9\x43\x1e\xdc\x04\xf8\x61\
\xaf\x6c\x7e\xee\xaf\x15\x83\xbf\xd0\x8a\xc8\xe7\x5c\xb7\x18\x63\
\x8c\x71\x4f\x60\x52\x3c\x19\xfb\x99\xeb\x8e\x4c\xcb\xbb\x01\x00\
\xa0\x61\xcb\x73\x4b\x2b\x8e\xff\xc2\x40\x90\xf3\x5d\xb7\x18\x63\
\x8c\x71\x47\x84\x1f\xc4\x93\xb1\x1f\xba\xee\x70\x21\xaf\xbe\x02\
\x38\xd0\xb0\xc6\x1d\x53\x15\x7e\xe9\xba\xc3\x18\x63\x8c\x1b\x02\
\x0b\x86\x36\xb6\xdc\xeb\xba\xc3\x95\xbc\xba\x09\xf0\xc3\x6e\x3d\
\xe5\xf1\xe2\xa2\xbe\xbb\x9e\xb7\x77\x06\x18\x63\x4c\x9e\x51\x5e\
\xea\x78\xaf\xdf\x15\xf9\xfc\xc6\xcf\xbc\xbd\x02\x00\xf0\xc4\x9b\
\xb7\xb5\x69\x61\xf1\x35\x40\x5e\xdd\xf8\x61\x8c\x31\x79\xee\xaf\
\x9d\x05\x72\x5d\x3e\x9f\xfc\x21\xcf\xaf\x00\xec\x17\x2d\xad\x3d\
\x09\x8f\x25\xc0\x09\xae\x5b\x8c\x31\xc6\xa4\xd5\x66\x54\x2e\x4c\
\x34\x55\xfd\xd5\x75\x88\x6b\x79\x7d\x05\x60\xbf\x44\x73\x6c\xbd\
\x7a\xa9\xcf\xd3\xfd\x12\x16\x63\x8c\x31\xc1\xb4\x13\xf1\xaf\xb2\
\x93\x7f\x37\x1b\x00\xf6\xa9\x5f\x35\xad\x59\x91\x2f\xd3\xfd\xfa\
\x56\x63\x8c\x31\xc1\xb2\xc7\x17\xb9\x26\xd1\x38\xf5\x15\xd7\x21\
\xd9\xc2\x06\x80\x03\xd4\x27\xab\x7e\x0f\xfe\x8d\x40\x97\xeb\x16\
\x63\x8c\x31\x3d\xa6\x5d\x54\xaf\x9d\xdf\x58\xf5\x47\xd7\x21\xd9\
\xc4\x06\x80\x0f\x49\x24\xa7\xfe\x5a\x44\x6c\x08\x30\xc6\x98\x60\
\x48\x81\xde\x1c\x6f\xaa\xfe\x8d\xeb\x90\x6c\x63\x03\xc0\x47\x88\
\x37\x56\xfd\x12\xe1\x0e\xc0\x77\xdd\x62\x8c\x31\xe6\x88\xa9\xa8\
\x56\x26\x92\xd5\x0b\x5d\x87\x64\xa3\xbc\xdc\x09\xf0\x50\x34\x6c\
\x7e\x6e\xd5\x39\x83\xaf\x7a\x5b\x84\x2f\x62\x4f\x4b\x18\x63\x4c\
\xee\x51\xbd\x3b\xd1\x54\x3d\xdb\x75\x46\xb6\xb2\x01\xe0\x63\xbc\
\xb2\xe5\xd9\x15\xe7\x0e\xb9\x72\x37\xf0\x79\xd7\x2d\xc6\x18\x63\
\x0e\x83\x70\x6f\x22\x59\xfd\xa0\xeb\x8c\x6c\x66\x03\xc0\x27\x68\
\xd8\xf2\xdc\xd2\x73\x87\x5c\x95\x02\x2e\x77\xdd\x62\x8c\x31\xe6\
\x90\xfc\x5b\x22\x19\xfb\xae\xeb\x88\x6c\x67\x03\xc0\x21\x68\xd8\
\xf2\xec\x1f\x2a\x06\x5f\x59\x80\x70\xb1\xeb\x16\x63\x8c\x31\x07\
\x27\xc8\x7d\x76\xf2\x3f\x34\x36\x00\x1c\xa2\x86\x2d\xcf\xbd\x78\
\xee\x90\xab\xda\x80\xb1\xae\x5b\x8c\x31\xc6\xfc\x23\x41\xee\x8b\
\x27\xab\xec\xe4\x7f\x88\x6c\x00\x38\x0c\x0d\x5b\x9e\x5d\x6c\x43\
\x80\x31\xc6\x64\x21\xe1\xde\x44\x32\xf6\x3d\xd7\x19\xb9\xc4\x06\
\x80\xc3\xd4\xb0\xe5\xd9\xc5\x15\x43\xae\xdc\x0a\x5c\x89\x3d\x1d\
\x60\x8c\x31\xee\x89\x7e\x3b\xd1\x58\xfd\x7d\xd7\x19\xb9\xc6\x06\
\x80\x23\xd0\xb0\xe5\xb9\x97\x2b\x8e\xbf\x6a\x0b\x36\x04\x18\x63\
\x8c\x5b\xaa\xdf\x48\x24\xab\x7f\xe8\x3a\x23\x17\xd9\xc9\xeb\x28\
\x44\x23\xb5\x37\x01\xff\x0e\x84\x5d\xb7\x18\x63\x4c\x9e\x51\x44\
\xa6\x25\x1a\xab\x66\xb8\x0e\xc9\x55\x36\x00\x1c\xa5\x09\x65\xb5\
\x37\x88\xf0\x63\xa0\xc0\x75\x8b\x31\xc6\xe4\x89\x0e\x51\xbd\x25\
\xde\x54\xfd\x0b\xd7\x21\xb9\xcc\x06\x80\x1e\x10\x8d\x4c\xbf\x16\
\xbc\x9f\x03\x45\xae\x5b\x8c\x31\x26\xe0\x5a\x51\xb9\x2e\xd1\x54\
\xf5\xbc\xeb\x90\x5c\x67\x03\x40\x0f\x99\x58\x36\xfd\x52\x5f\xbc\
\x5f\x01\x03\x5c\xb7\x18\x63\x4c\x40\xb5\xa8\x72\x75\x7d\x53\x6c\
\x89\xeb\x90\x20\xb0\x01\xa0\x07\x4d\x18\xf5\x48\xa9\xf8\xe1\x67\
\x41\x87\xbb\x6e\x31\xc6\x98\x80\xd9\xe4\xab\x7e\x61\x7e\x53\x75\
\xa3\xeb\x90\xa0\xb0\x01\xa0\x87\xdd\x3e\x7a\xe6\xb0\x70\x97\xff\
\x0c\x30\xca\x75\x8b\x31\xc6\x04\xc4\x1b\xa8\x5c\x91\x68\xaa\xfa\
\xab\xeb\x90\x20\xb1\xd7\x01\xf7\xb0\xc7\x56\x4c\x79\x27\x44\xc1\
\x65\x28\x2f\xb9\x6e\x31\xc6\x98\x5c\xa7\xca\x9f\x3c\x29\x1c\x63\
\x27\xff\x9e\x67\x03\x40\x1a\xcc\x4d\xde\xd9\x52\xd4\x26\x63\x05\
\x16\xb8\x6e\x31\xc6\x98\x5c\x25\xf0\x2b\x29\x2a\xbe\x6c\x5e\xe3\
\xa4\x2d\xae\x5b\x82\xc8\x06\x80\x34\x99\xf9\x7a\x55\xfb\xf6\x33\
\x86\xde\x04\xd8\xbb\xa8\x8d\x31\xe6\x70\x89\xd6\x0d\x4d\xb6\xfc\
\xef\x44\x43\xe5\x1e\xd7\x29\x41\x65\xf7\x00\x64\x40\xb4\x6c\xc6\
\xd7\x11\x79\x10\xdb\x79\xd1\x18\x63\x3e\x49\x17\xc8\x5d\x89\x64\
\x55\xdc\x75\x48\xd0\xd9\x00\x90\x21\x13\x46\xcd\xf8\xbc\xf8\xf2\
\x73\xec\x31\x41\x63\x8c\x39\x98\xf7\x50\xf9\x6a\xa2\xa9\xea\x7f\
\x5c\x87\xe4\x03\x1b\x00\x32\x68\xc2\xa8\x59\xa7\x8b\x9f\x7a\x1a\
\x18\xe9\xba\xc5\x18\x63\xb2\xcc\x46\xcf\x93\x6b\xe6\xad\xaa\x5a\
\xe1\x3a\x24\x5f\xd8\x3d\x00\x19\x54\xbf\xea\xae\xb5\x05\x9d\xa1\
\x0b\x11\x7e\xeb\xba\xc5\x18\x63\xb2\x85\xc0\x32\xba\xfc\xf3\xec\
\xe4\x9f\x59\x36\x00\x64\xd8\xec\x35\x77\x6d\x1b\x36\xb0\xe5\x73\
\x88\xd6\xb9\x6e\x31\xc6\x18\xe7\x84\x27\x8f\xe9\x93\xba\x3c\xf1\
\xea\xd4\x4d\xae\x53\xf2\x8d\x7d\x05\xe0\x50\x65\xa4\x36\xaa\x30\
\x0b\x7b\x91\x90\x31\x26\xff\xb4\x2b\x3a\xa5\x3e\x59\x5d\xef\x3a\
\x24\x5f\xd9\x00\xe0\x58\xb4\xb4\xf6\x32\x3c\xfd\x39\xc8\x60\xd7\
\x2d\xc6\x18\x93\x21\x1b\x11\xbd\x3e\xd1\x58\xbd\xdc\x75\x48\x3e\
\xb3\x01\x20\x0b\x4c\x2c\x9f\x3b\x58\xb5\xfd\x67\x8a\x5c\xee\xba\
\xc5\x18\x63\xd2\x4a\x79\x29\xac\xe1\x71\x73\x9a\x27\xbf\xeb\x3a\
\x25\xdf\xd9\x73\xe9\x59\xe0\xcf\x9b\xff\xa7\xf5\x9a\xb3\xc6\xfc\
\x74\x77\x5b\x2f\x05\x2e\xc1\x06\x33\x63\x4c\x30\x25\x28\x2a\xfe\
\xca\xbc\x55\x93\x76\xb9\x0e\x31\x76\xa2\xc9\x3a\x13\xca\x6a\xbf\
\x2c\xc2\xe3\x40\x7f\xd7\x2d\xc6\x18\xd3\x43\x76\x2b\x32\xa9\x3e\
\x59\xf5\x13\xd7\x21\xe6\xef\x6c\x00\xc8\x42\xe3\xcf\x9c\x75\x72\
\x28\x9c\x5a\x08\x9c\xe7\xba\xc5\x18\x63\x8e\x8e\xbc\x22\x21\xfd\
\x6a\x7c\x65\xec\x2f\xae\x4b\xcc\x07\xd9\x63\x80\x59\xe8\xd1\x57\
\xef\x7a\xab\x63\x77\xbf\x8b\xed\x51\x41\x63\x4c\x8e\x4b\x14\xed\
\xe5\x33\x76\xf2\xcf\x4e\x76\x05\x20\xcb\x4d\x88\xd4\x7d\x4d\xd0\
\xd9\xd8\x57\x02\xc6\x98\xdc\xb1\x5d\xe0\xf6\x78\x32\xf6\x94\xeb\
\x10\x73\x70\x36\x00\xe4\x80\x68\x69\xed\x49\x78\x3c\x09\x5c\xec\
\xba\xc5\x18\x63\x3e\xc1\x72\x5f\xbc\x1b\xe7\x37\x4e\x79\xc3\x75\
\x88\xf9\x78\xf6\x15\x40\x0e\x48\x34\xc7\xd6\xb7\x9c\x31\xf4\x72\
\x84\x7b\x81\x4e\xd7\x3d\xc6\x18\xf3\x11\x52\x28\xdf\x1b\x76\x6c\
\xcb\x45\x76\xf2\xcf\x0d\x76\x05\x20\xc7\x54\x96\xcd\x3c\x57\xc5\
\xff\x09\x70\xba\xeb\x16\x63\x8c\xd9\xe7\x0d\x45\x6e\xab\x4f\x56\
\xfd\xde\x75\x88\x39\x74\x76\x05\x20\xc7\xc4\x9b\xa6\xfc\xb9\x77\
\x9f\xd4\xd9\x76\x83\xa0\x31\x26\x0b\x28\x90\x08\xfb\xe1\x72\x3b\
\xf9\xe7\x1e\xbb\x02\x90\xc3\xba\xf7\x0c\xd0\x79\xb6\x8d\xb0\x31\
\x26\xf3\x64\x83\xa8\x3f\x3e\xde\x54\xfd\x1b\xd7\x25\xe6\xc8\xd8\
\x15\x80\x1c\x56\xdf\x14\xfb\x55\x47\x48\x47\x02\x09\xd7\x2d\xc6\
\x98\x7c\x22\x0b\x53\x7e\xd7\xd9\x76\xf2\xcf\x6d\x76\x05\x20\x20\
\x26\x44\x66\x5e\x29\x68\x1c\x74\xb8\xeb\x16\x63\x4c\x50\xe9\x16\
\x55\x99\x58\xdf\x14\xfb\x95\xeb\x12\x73\xf4\xec\x0a\x40\x40\xd4\
\x27\xa7\x3c\x4b\x61\x51\x44\x85\x47\xe9\xfe\x5e\xce\x18\x63\x7a\
\x8a\xaa\xca\x7f\x50\xd8\x55\x6a\x27\xff\xe0\xb0\x2b\x00\x01\x54\
\x19\x99\x71\xb1\xaa\xcc\x47\x38\xcd\x75\x8b\x31\x26\xe7\xad\x43\
\x65\x52\xa2\xa9\xea\x79\xd7\x21\xa6\x67\xd9\x15\x80\x00\x8a\x27\
\xab\xff\x10\xd6\xf0\x39\x0a\x33\x81\x94\xeb\x1e\x63\x4c\x4e\xea\
\x44\xf9\x5e\xef\x3e\xa9\x32\x3b\xf9\x07\x93\x5d\x01\x08\xb8\x89\
\xa3\xea\x46\xfb\x3e\xb3\x41\x2f\x70\xdd\x62\x8c\xc9\x19\x4b\x3c\
\xa1\x72\x5e\x63\xac\xc9\x75\x88\x49\x1f\x1b\x00\xf2\x82\x4a\x65\
\x79\xed\xcd\xaa\xf2\x30\x30\xc8\x75\x8d\x31\x26\x6b\xed\x54\xe1\
\xfe\x13\x1a\x5b\x66\xd6\x50\xe3\xbb\x8e\x31\xe9\x65\x03\x40\x1e\
\x99\x7c\xc6\xac\x63\xbb\x0a\xfc\x1f\x28\x3a\x1e\xfb\xfa\xc7\x18\
\xf3\x77\xaa\x2a\x4f\x4a\x2a\xf5\xcd\xc4\xab\x53\x37\xb9\x8e\x31\
\x99\x61\x03\x40\x1e\x8a\x96\x4f\x3f\x07\xf5\xe6\x00\xe7\xbb\x6e\
\x31\xc6\xb8\xa6\x7f\x56\x95\x58\x7d\x53\x6c\x89\xeb\x12\x93\x59\
\x36\x00\xe4\xa9\x71\xe3\x16\x84\x4a\x5e\x7b\x37\x8a\xaf\xdf\x41\
\x38\xce\x75\x8f\x31\x26\xe3\x36\x8a\xea\x37\xe3\x4d\xb1\x9f\x80\
\xd8\xa3\xc3\x79\xc8\x06\x80\x3c\x77\x67\xe9\xec\x3e\x5d\xa1\xae\
\x6f\xa0\xdc\x03\x14\xbb\xee\x31\xc6\xa4\x5d\x07\xa2\xf3\xba\xda\
\xdb\xef\x7d\xec\xb5\x7b\x76\xbb\x8e\x31\xee\xd8\x00\x60\x00\xb8\
\xa3\xbc\xee\x44\x4f\xf5\x3e\xe0\x0e\xec\xfe\x00\x63\x02\x49\x84\
\xff\xf6\xd4\x8f\xcd\x4d\x4e\x5d\xe7\xba\xc5\xb8\x67\x03\x80\xf9\
\x80\x3b\x22\xb5\x15\x82\x3c\x2c\xe8\xa5\xae\x5b\x8c\x31\x3d\x45\
\x96\x2a\x7c\xcb\xde\xd8\x67\x0e\x64\x03\x80\xf9\x48\x13\x22\x75\
\x63\x05\x9d\x0e\x94\xb9\x6e\x31\xc6\x1c\x29\x69\x06\xff\xff\x26\
\x92\xd5\x0b\x5d\x97\x98\xec\x63\x03\x80\x39\xa8\x68\x45\xbc\x40\
\x3b\xf6\xde\x2a\x22\xdf\x46\x39\xd9\x75\x8f\x31\xe6\x10\x29\x7f\
\x51\x8f\x7f\x3b\xa1\xb1\x65\x81\x3d\xcf\x6f\x0e\xc6\x06\x00\xf3\
\x89\xa2\x15\xf1\x02\xe9\xdc\x7b\xa3\xaa\xdc\x0f\x8c\x70\xdd\x63\
\x8c\x39\xa8\xbf\x09\xf2\xa3\xc2\xbd\xcc\x98\xf9\x7a\x55\xbb\xeb\
\x18\x93\xdd\x6c\x00\x30\x87\x6c\xca\xa9\x75\x45\xed\xbd\xfc\x09\
\x20\xdf\x02\x86\xb9\xee\x31\xc6\xbc\x6f\xb3\x2a\x0f\xf7\xe9\x9b\
\x9a\x3d\x7d\xe9\xb4\xbd\xae\x63\x4c\x6e\xb0\x01\xc0\x1c\xb6\x71\
\xa5\x35\x85\x03\xbd\x92\x5b\x15\xee\xc7\x06\x01\x63\x5c\x5a\xaf\
\xc2\x23\x52\x50\x5c\x9f\x68\xa8\xdc\xe3\x3a\xc6\xe4\x16\x1b\x00\
\xcc\x11\x8b\x56\xc4\x8f\xa1\xb3\x3d\x8a\x32\x0d\x74\xb8\xeb\x1e\
\x63\xf2\x87\xbc\x2e\xea\x3f\xb0\x5d\x77\x3c\xb9\xb0\xb9\xa6\xc3\
\x75\x8d\xc9\x4d\x36\x00\x98\xa3\x16\xad\x88\x17\xd0\xb1\xf7\x5a\
\xe0\x5f\x41\xce\x75\xdd\x63\x4c\x70\x49\xb3\x88\xff\xc3\xa1\x03\
\x77\xfc\xb4\xe6\x77\x35\x5d\xae\x6b\x4c\x6e\xb3\x01\xc0\xf4\x20\
\x95\x68\xd9\xcc\xab\x10\xbd\x1b\xb8\xc4\x75\x8d\x31\x41\x21\xb0\
\x4c\xf1\x1f\x4c\x24\xab\x9f\xb2\x6d\x7b\x4d\x4f\xb1\x01\xc0\xa4\
\xc5\xc4\x51\x75\xa3\x7d\xd5\xa9\x28\x37\x01\x21\xd7\x3d\xc6\xe4\
\x20\x5f\x84\x67\x24\xe5\x3d\x30\xaf\x79\xca\x62\xd7\x31\x26\x78\
\x6c\x00\x30\x69\x35\x61\xd4\xac\xd3\xc5\xf7\xa7\x80\xde\x02\xf4\
\x73\xdd\x63\x4c\x0e\xd8\x0e\x24\x7c\x91\xd9\xf3\x1b\xab\xde\x76\
\x1d\x63\x82\xcb\x06\x00\x93\x11\x77\x96\xce\xee\x93\xf2\xba\x6e\
\x52\x98\x0c\x94\xbb\xee\x31\x26\xeb\x74\x6f\xde\x33\xbb\x8d\x8e\
\xf9\x4f\x36\xde\xdd\xea\x3a\xc7\x04\x9f\x0d\x00\x26\xe3\x26\x44\
\xea\x2e\x11\x98\x0c\x7a\x2d\x50\xe0\xba\xc7\x18\x87\xba\x40\x9e\
\x51\xcf\x9f\x53\xbf\x2a\xf6\xbc\x7d\xbf\x6f\x32\xc9\x06\x00\xe3\
\xcc\xed\xa3\x67\x0e\x0b\xa7\xfc\x28\xca\x04\x6c\x3f\x01\x93\x5f\
\xd6\x21\xfa\x68\x57\x28\xf4\xc4\x63\x2b\xa6\xbc\xe3\x3a\xc6\xe4\
\x27\x1b\x00\x8c\x73\x35\xd4\x78\x1b\x23\x03\x2f\x17\xd1\x5b\x50\
\xae\x07\x8e\x71\xdd\x64\x4c\x1a\xb4\x83\x3c\xad\x90\xa8\x4f\x4e\
\x79\xc1\x3e\xed\x1b\xd7\x6c\x00\x30\x59\xe5\xd6\xb3\xa7\x0f\x28\
\x4a\x79\x37\xf8\xa2\xb7\x88\xca\x85\xae\xf7\x70\x8a\xe4\x00\x00\
\x03\x2b\x49\x44\x41\x54\x7b\x8c\xe9\x01\x6b\x04\x79\xa2\x23\xcc\
\x63\x8f\xaf\xa8\xfa\x9b\xeb\x18\x63\xf6\xb3\x01\xc0\x64\xad\x68\
\x64\x66\x44\xf1\x6f\x15\xf8\x1a\x30\xc4\x75\x8f\x31\x87\x61\xa3\
\xc2\x2f\x14\x7e\x3a\x3f\x19\x6b\x70\x1d\x63\xcc\x47\xb1\x01\xc0\
\x64\xbd\x68\x45\xbc\x40\x3a\xda\xae\x50\xb8\x01\xf8\x12\x30\xc0\
\x75\x93\x31\x1f\x61\x3b\xf0\x4b\x45\x7e\x7a\x42\x72\xfb\x1f\xed\
\x35\xbc\x26\xdb\xd9\x00\x60\x72\xca\xb8\x71\x0b\x42\x25\x6b\x37\
\x5d\x80\xea\x38\x7c\xb9\x09\xe1\x38\xd7\x4d\x26\xaf\xed\x15\xe1\
\x05\x55\xfd\x8f\x16\x7f\xc7\x53\xb6\x2f\xbf\xc9\x25\x36\x00\x98\
\x9c\x35\xe5\xd4\xba\xa2\x8e\x63\xf8\x9c\xa2\xe3\x50\xbe\x08\xf4\
\x77\xdd\x64\xf2\xc2\x76\xe0\x19\xd0\xa7\xf7\x4a\xe7\x33\xf6\xcc\
\xbe\xc9\x55\x36\x00\x98\x40\x98\x72\x6a\x5d\x51\x5b\x2f\xb9\xdc\
\x53\xff\x6a\xf5\xf8\x67\x94\x93\x5d\x37\x99\x40\x59\x07\xfa\x34\
\xbe\x3c\x3d\x6c\x50\xcb\x1f\xed\x45\x3c\x26\x08\x6c\x00\x30\x81\
\x34\x29\x32\x7d\x44\x97\x78\xd7\x88\x72\x35\xdd\x2f\x26\xb2\x0d\
\x87\xcc\xe1\x5a\x8d\xb0\xd0\x57\xfe\x6b\x7e\xb2\xea\x15\x7b\x6c\
\xcf\x04\x8d\x0d\x00\x26\xf0\x26\x9f\x31\xeb\xd8\xce\x82\xd4\xe7\
\x15\xbd\x5a\x90\xb1\xc0\x20\xd7\x4d\x26\x2b\x6d\x04\x16\x29\xf2\
\x1b\x55\x7f\xd1\xfc\xa6\xea\xcd\xae\x83\x8c\x49\x27\x1b\x00\x4c\
\xde\x99\x14\x99\x3e\xc2\xc7\x1b\xab\xc8\x58\xd0\x7f\x02\x06\xba\
\x6e\x32\x4e\xec\x01\x96\x08\xb2\x28\x85\x2e\xb2\x4f\xf9\x26\xdf\
\xd8\x00\x60\xf2\xda\xb8\x71\x0b\x42\x03\x56\xbf\x73\x8e\x78\x72\
\x19\x70\x19\xf0\x59\xa0\xb7\xe3\x2c\x93\x1e\xbb\x81\xe5\x08\x8b\
\x7d\xe4\x05\xaf\xa0\x68\x59\xa2\xa1\xb2\xd3\x75\x94\x31\xae\xd8\
\x00\x60\xcc\x01\xa2\x15\xf1\x02\xaf\xab\x7d\xb4\x9f\x62\x0c\xa2\
\xe7\x03\x63\x80\x11\xae\xbb\xcc\x11\x79\x53\x60\xb1\xc2\x52\xf5\
\xfd\xc5\x3b\xce\x3a\x21\xb9\x70\xe1\x0d\x29\xd7\x51\xc6\x64\x0b\
\x1b\x00\x8c\xf9\x04\x13\xcb\xe7\x0e\x56\x3a\xcf\x57\x5f\xcf\x17\
\xd1\x0b\x14\x39\x0f\xe8\xeb\xba\xcb\x7c\xc0\x4e\x60\x15\xd0\x20\
\x22\x4b\x3a\x43\xb2\xc4\x5e\xb2\x63\xcc\xc7\xb3\x01\xc0\x98\xc3\
\x34\x6e\xdc\x82\x50\xc9\x9a\xcd\xa7\xa9\xfa\xe5\x02\xe5\x40\x39\
\x42\x04\x38\xc5\x71\x5a\xbe\xd8\x08\xac\x54\x74\x05\xc2\xca\xb0\
\xea\x8a\xb9\xc9\xea\x37\xec\xfb\x7b\x63\x0e\x8f\x0d\x00\xc6\xf4\
\x90\x68\x45\xbc\x3f\x5d\x6d\x11\x54\x22\xa8\x3f\x0a\xe4\x4c\xe0\
\x74\xe0\x78\xd7\x6d\x39\xea\x1d\x84\xd7\x50\x5d\x2b\xc8\x5a\x54\
\x93\x1d\x05\xde\x4a\x7b\xa1\x8e\x31\x3d\xc3\x06\x00\x63\xd2\xec\
\xf6\x91\x0f\xf6\x2d\x2c\xee\x75\xaa\xef\xfb\xa7\x22\x9c\x86\xca\
\xa9\x28\xa7\x21\x9c\x46\xde\xbf\xe4\x48\xb7\x08\xb2\x41\x45\x5e\
\x17\xf5\x5f\x43\xbc\x35\x29\xd5\xb5\x7e\x47\xdb\xda\xc7\x5e\xbb\
\x67\xb7\xeb\x3a\x63\x82\xcc\x06\x00\x63\x1c\xba\xb9\xfc\xa1\xde\
\x45\x7e\xf8\x24\xbc\xf0\x50\xf1\xfd\x13\x44\x38\x41\x61\x98\x20\
\xc3\x41\x87\x02\x27\xd2\x7d\x05\x21\xe4\x38\xf5\x70\xa5\x80\xad\
\x20\x5b\xc1\x5f\x0f\xb2\x01\x78\x5b\x44\xdf\x4a\x11\x7a\x3b\xe4\
\xf9\x1b\xda\x77\xf4\xdb\xf0\xc4\x9b\xb7\xb5\xb9\x0e\x35\x26\x5f\
\xd9\x00\x60\x4c\x96\xab\xa1\xc6\xfb\xdb\x19\xc7\x95\x74\x15\xa7\
\x06\xaa\xaf\x03\x55\x43\x03\x41\x07\x7a\xaa\x03\x15\x06\x0a\x94\
\xa8\xc7\x40\x55\x7a\xc9\xbe\x37\x25\x0a\x94\x00\xe8\xbe\x3f\xd3\
\xfd\xf7\xe5\x80\x3f\xef\xe8\xfe\xc7\x07\xd5\x01\xb4\x02\xef\x81\
\x76\x80\xec\x50\xe8\x10\xa4\x15\xb4\xfb\xef\xa9\xb7\x4d\x44\xb7\
\xa9\xb0\x4d\x7d\xdd\xa6\x9e\xb7\x35\xe4\xe9\x36\x2f\x55\xb0\x75\
\x6e\xf2\xce\x96\xb4\xfd\x0f\x31\xc6\xf4\x88\xff\x0f\x89\xad\x94\
\xa0\xdf\xf3\x29\x1e\x00\x00\x00\x00\x49\x45\x4e\x44\xae\x42\x60\
\x82\
\x00\x00\x02\xa1\
\x89\
\x50\x4e\x47\x0d\x0a\x1a\x0a\x00\x00\x00\x0d\x49\x48\x44\x52\x00\
\x00\x00\x94\x00\x00\x00\xca\x08\x06\x00\x00\x00\x43\xb8\x69\x53\
\x00\x00\x00\x09\x70\x48\x59\x73\x00\x00\x2e\x23\x00\x00\x2e\x23\
\x01\x78\xa5\x3f\x76\x00\x00\x02\x53\x49\x44\x41\x54\x78\x9c\xed\
\xd7\x31\x4e\x03\x31\x14\x45\xd1\x99\x6c\x91\x92\x36\xbb\x0a\x65\
\xe8\x60\x8b\x19\x1a\xe8\x89\x74\x25\x0f\x9f\x73\x24\x4b\x2e\x9f\
\xe4\xdb\x78\xbf\xdd\x3f\x8e\x6d\x96\xfd\xfa\xfa\xb2\x7a\xc3\xaf\
\xbd\xbd\x7f\xfe\x5c\x47\xbc\xc3\x65\xf5\x80\xd8\xbe\x7a\xc0\x7f\
\x37\x2d\x28\x16\x13\x14\x29\x41\x91\x12\x14\xa9\x49\x41\x8d\xf8\
\x25\xfd\x75\x93\x82\xf2\xc3\x3b\x81\x49\x41\x71\x02\x82\x22\x25\
\x28\x52\x82\x22\x25\x28\x52\x82\x22\x25\x28\x52\x82\x22\x25\x28\
\x52\x82\x22\x25\x28\x52\x82\x22\x25\x28\x52\x82\x22\x25\x28\x52\
\x82\x22\x25\x28\x52\x82\x22\x25\x28\x52\x82\x22\x25\x28\x52\x82\
\x22\x25\x28\x52\x82\x22\x25\x28\x52\x82\x22\x25\x28\x52\x82\x22\
\x25\x28\x52\x82\x22\x25\x28\x52\x82\x22\x25\x28\x52\x82\x22\x25\
\x28\x52\x82\x22\x25\x28\x52\x82\x22\x25\x28\x52\x82\x22\x25\x28\
\x52\x82\x22\x25\x28\x52\x82\x22\x25\x28\x52\x82\x22\x25\x28\x52\
\x82\x22\x25\x28\x52\x82\x22\x25\x28\x52\x82\x22\x25\x28\x52\x82\
\x22\x25\x28\x52\x82\x22\x25\x28\x52\x82\x22\x25\x28\x52\x82\x22\
\x25\x28\x52\x82\x22\x25\x28\x52\x82\x22\x25\x28\x52\x82\x22\x25\
\x28\x52\x82\x22\x25\x28\x52\x82\x22\x25\x28\x52\x82\x22\x25\x28\
\x52\x82\x22\x25\x28\x52\x82\x22\x25\x28\x52\x82\x22\x25\x28\x52\
\x82\x22\x25\x28\x52\x82\x22\x25\x28\x52\x82\x22\x25\x28\x52\x82\
\x22\x25\x28\x52\x82\x22\x25\x28\x52\x82\x22\x25\x28\x52\x82\x22\
\x25\x28\x52\x82\x22\x25\x28\x52\x82\x22\x25\x28\x52\x82\x22\x25\
\x28\x52\x82\x22\x25\x28\x52\x82\x22\x25\x28\x52\x82\x22\x25\x28\
\x52\x82\x22\x25\x28\x52\x82\x22\x25\x28\x52\x82\x22\x25\x28\x52\
\x82\x22\x25\x28\x52\x82\x22\x25\x28\x52\x82\x22\x25\x28\x52\x82\
\x22\x25\x28\x52\x82\x22\x25\x28\x52\x82\x22\x25\x28\x52\x82\x22\
\x25\x28\x52\x82\x22\x25\x28\x52\x82\x22\x25\x28\x52\x82\x22\x25\
\x28\x52\x82\x22\x25\x28\x52\x82\x22\x25\x28\x52\x82\x22\x25\x28\
\x52\x82\x22\x25\x28\x52\x82\x22\x25\x28\x52\x82\x22\x25\x28\x52\
\x82\x22\x25\x28\x52\x82\x22\x25\x28\x52\x82\x22\x25\x28\x52\x82\
\x22\x25\x28\x52\x82\x22\x25\x28\x52\x82\x22\x25\x28\x52\x82\x22\
\x25\x28\x52\x82\x22\x25\x28\x52\x82\x22\x25\x28\x52\x82\x22\x25\
\x28\x52\x82\x22\x25\x28\x52\x82\x22\x25\x28\x52\x82\x22\x25\x28\
\x52\x82\x22\x25\x28\x52\x82\x22\x25\x28\x52\x82\x22\x25\x28\x52\
\x82\x22\x25\x28\x52\x82\x22\x25\x28\x52\x82\x22\x25\x28\x52\x82\
\x22\x25\x28\x52\x82\x22\x25\x28\x52\x82\x22\x25\x28\x52\x82\x22\
\x25\x28\x52\x82\x22\x25\x28\x52\x82\x22\x25\x28\x52\xd3\x82\x3a\
\xb6\x6d\x7b\xac\x1e\xf1\xa4\xe3\xfb\x8c\xf0\x05\x5b\xb9\x0d\x7a\
\xc7\xba\xbc\x9f\x00\x00\x00\x00\x49\x45\x4e\x44\xae\x42\x60\x82\
\
\x00\x00\x22\x3d\
\x89\
\x50\x4e\x47\x0d\x0a\x1a\x0a\x00\x00\x00\x0d\x49\x48\x44\x52\x00\
\x00\x02\x00\x00\x00\x02\x00\x08\x06\x00\x00\x00\xf4\x78\xd4\xfa\
\x00\x00\x00\x04\x73\x42\x49\x54\x08\x08\x08\x08\x7c\x08\x64\x88\
\x00\x00\x00\x09\x70\x48\x59\x73\x00\x00\x0e\xc4\x00\x00\x0e\xc4\
\x01\x95\x2b\x0e\x1b\x00\x00\x00\x19\x74\x45\x58\x74\x53\x6f\x66\
\x74\x77\x61\x72\x65\x00\x77\x77\x77\x2e\x69\x6e\x6b\x73\x63\x61\
\x70\x65\x2e\x6f\x72\x67\x9b\xee\x3c\x1a\x00\x00\x20\x00\x49\x44\
\x41\x54\x78\x9c\xed\xdd\x7b\x98\x54\xf5\x9d\xe7\xf1\xef\xef\xd4\
\xad\x6f\xd0\xcd\x45\x4c\x34\x18\x31\xc1\x6b\x74\x46\x44\x92\x27\
\x17\x41\x13\x6f\x21\x24\x6e\x4c\x1b\xbb\xb9\xd8\x18\xd2\x3e\xe3\
\x26\x1b\xb3\x06\xc4\x9d\x9d\x67\x6a\x92\x9d\x1d\x01\x33\xe3\x86\
\x5c\x14\x44\xb0\x81\x6e\xb4\xa3\x8f\x33\x6a\x50\x4c\x56\x4c\x34\
\x1b\x63\x23\xc6\x44\xa3\x18\x05\x35\x48\x40\xe8\x7b\x57\x75\xdd\
\xce\x6f\xff\x40\x76\x8d\x21\x4a\x53\x55\xfd\xad\x73\x7e\xef\xd7\
\xf3\xf8\xf8\xe7\xf9\xf4\x03\xf4\x79\xd7\xa9\x53\xa7\x44\x00\x00\
\x00\x00\x00\x00\x00\x00\x00\x00\x00\x00\x00\x00\x00\x00\x00\x00\
\x00\x00\x00\x00\x00\x00\x00\x00\x00\x00\x00\x00\x00\x00\x00\x00\
\x00\x00\x00\x00\x00\x00\x00\x00\x00\x00\x00\x00\x00\x00\x00\x00\
\x00\x00\x00\x00\x00\x00\x00\x00\x00\x00\x00\x00\x00\x00\x00\x00\
\x00\x00\x00\x00\x00\x00\x00\x00\x00\x00\x00\x00\x00\x00\x00\x00\
\x00\x00\x00\x00\x00\x00\x00\x00\x00\x00\x00\x00\x00\x00\x00\x00\
\x00\x00\x00\x00\x00\x00\x00\x00\x00\x00\x00\x00\x00\x00\x00\x00\
\x00\x00\x00\x00\x00\x00\x00\x00\x00\x00\x00\x00\x00\x00\x00\x00\
\x00\x00\x00\x00\x00\x00\x00\x00\x00\x00\x00\x00\x00\x47\xc3\x68\
\x0f\x08\xab\xeb\x5a\xb6\x37\xc4\x73\xfe\xa9\xd6\xfa\x27\x1b\xe3\
\x9d\x6c\xac\x3d\xd9\x8a\x7c\xd0\x88\xd4\x59\x91\x1a\x11\xa9\x17\
\x91\x3a\x11\x89\x15\x73\x9c\xe5\xed\xd3\x55\xff\x0c\x97\x34\x77\
\x59\xcd\xe3\xa3\x38\xcf\xee\xbc\x4f\x7b\x42\x51\x1e\xfa\x3f\xff\
\x83\xdf\x61\xc0\x51\x8a\x6a\x0f\x08\x8b\x1b\x17\x3c\x39\xa1\x90\
\x8b\x7c\xca\x18\x99\x65\xad\xcc\x92\x6c\xe1\x4c\x11\xf1\x8c\x18\
\x11\x6b\xe5\xd0\x59\x92\xb3\x25\x10\x1e\x57\x7c\xfa\x7b\xcf\xc5\
\x22\xb5\x5b\x24\x92\x58\xbd\x71\xf3\xbc\xe7\xb5\xf7\x00\x23\x41\
\x00\x14\x61\x69\xf3\xb3\xe3\x7c\xc9\x35\x8a\xb5\xf3\x0a\x79\xf9\
\x84\x18\xf1\xac\x08\xd7\x55\x00\x47\xf4\xa7\xf6\x9d\x2e\x22\xa7\
\x8b\x98\xeb\xbe\x70\xde\xb2\x74\x4d\x6c\xec\x13\x71\xaf\x7a\xc5\
\x9d\x8f\xb4\x6c\xd1\xde\x06\xbc\x17\x02\x60\x84\x92\x49\xeb\xa5\
\x5f\x7c\x7a\xb6\x35\xf6\x6a\x5f\xb2\x97\x8a\x48\x82\x13\x3e\xe0\
\x3a\x2b\x99\xdc\x40\x75\x26\x37\xf0\x19\x11\xf9\xcc\x65\xe7\x2d\
\x4b\x55\x57\x8d\xbf\x37\x2a\x89\xeb\xd7\x6f\x59\xb0\x4f\x7b\x1d\
\x70\x38\x04\xc0\x11\x6a\x6d\xed\x8a\x35\x0c\x49\x73\x7a\xc7\xb6\
\x25\xd6\xc8\xe9\xda\x7b\x00\x54\xae\xe1\xdc\x40\xcd\x70\x6e\x60\
\x5e\xc4\x8b\xcd\x6d\xfc\xf4\x0f\x9e\xa9\xa9\x6a\xf8\xea\x9d\x0f\
\xce\xdd\xa6\xbd\x0b\x78\x3b\x02\xe0\x3d\xb4\xb6\x76\xc5\xc6\x0d\
\x99\x56\x3b\x68\x97\x88\xc8\x09\xbc\x87\x0f\xe0\x48\x15\xfc\x9c\
\x19\x48\xed\x39\x7b\x30\xbd\xb7\xab\xf1\x82\xef\xfd\xae\xa6\x7a\
\x42\x0b\x21\x80\x4a\xe1\x69\x0f\xa8\x64\x37\x34\x3f\x7d\x5e\xc3\
\xa0\x6c\xb3\xd6\x7e\x5f\x44\x4e\xd0\xde\x03\x20\x98\xac\xf5\x65\
\x20\xbd\xef\x23\xfb\x7a\x76\x74\x5d\xf1\x99\x1f\x6e\x6d\xb9\x6c\
\x6d\x83\xf6\x26\x80\x00\x38\x8c\x25\x57\x3e\x7d\xdc\x92\xb9\x5d\
\xed\x56\xfc\xc7\x44\xe4\x4c\xed\x3d\x00\xc2\xc1\xda\x82\xf4\x0f\
\xbd\x31\xb3\xfb\xc0\x9e\x7d\xf3\x2e\x5e\xfd\x0f\xda\x7b\xe0\x36\
\x02\xe0\x1d\x16\x37\x77\x35\x8a\xe7\x3f\x2f\x56\x9a\xb4\xb7\x00\
\x08\xa7\x6c\x3e\x15\xdb\xdf\xff\xea\xb7\xbf\x74\xc1\x2d\x3b\x16\
\x7d\xfe\xdf\x8f\xd5\xde\x03\x37\x11\x00\x6f\xf9\x66\xe3\x2f\xab\
\x17\xcf\xdd\x76\xab\x11\xb9\x5b\x0e\x3e\xa4\x07\x00\xca\x6a\x30\
\xbd\x7f\xea\xbe\x9e\xe7\x5e\x9f\x7f\xf1\xda\xf9\xda\x5b\xe0\x1e\
\x02\x40\x44\x6e\x6c\xea\x3a\x35\x16\x8b\x3f\x69\xac\xbd\x46\x7b\
\x0b\x00\xb7\x1c\xbc\x1a\xb0\xb3\xad\xe9\xc2\xdb\x56\x6b\x6f\x81\
\x5b\x9c\x0f\x80\x1b\x9a\xba\x3e\x59\x30\xf2\x4b\xe1\xbd\x7e\x00\
\x4a\xac\xf8\xd2\x33\xf8\xfa\xa2\x2b\x3e\xfd\x83\x6d\x8d\x8d\xc9\
\xb8\xf6\x1e\xb8\xc1\xe9\x00\xb8\xa1\x69\xdb\x1c\x6b\xe4\x61\x11\
\x19\xa7\xbd\x05\x00\xfa\x53\x7b\xa6\xd9\x03\xe3\x5e\x9a\x33\xe7\
\xb6\x1a\xed\x2d\x08\x3f\x67\x03\x60\x71\xf3\x53\x0b\xac\xb1\xf7\
\xc8\xc1\x2f\xe6\x01\x80\x8a\x30\x98\x7e\xf3\x84\xd8\xc0\xd0\xae\
\xaf\x5c\x7c\xfb\x78\xed\x2d\x08\x37\x27\x03\x60\xf1\xdc\xa7\xae\
\x36\x62\xd6\x49\x91\xdf\xc4\x07\x00\xe5\x90\xca\x74\x1f\xd3\x3d\
\xdc\xfb\x87\xd6\x39\xed\x13\xb5\xb7\x20\xbc\x9c\x0b\x80\xc5\x73\
\xb7\x7d\xce\x58\x73\x9b\xf0\x95\x3d\x00\x2a\x58\x3a\xdb\x3b\x6e\
\x7f\xff\xee\x3f\xf0\x31\x41\x94\x8b\x53\x01\xb0\x64\xee\xb6\x8f\
\x19\x6b\x37\x09\x8f\x40\x06\x10\x00\xa9\x6c\x5f\x7d\x77\xdf\x8e\
\x17\x89\x00\x94\x83\x33\x01\x70\x63\x53\xd7\xa9\x62\xed\x4f\x44\
\xa4\x56\x7b\x0b\x00\x1c\xa9\x54\xb6\xaf\xfe\x40\xdf\x8e\x17\xe6\
\xff\xa7\xb6\x49\xda\x5b\x10\x2e\x4e\x04\x40\xb2\xe5\xd1\xaa\x82\
\x91\x0e\xe1\x6e\x7f\x00\x01\x94\xce\xf6\x35\x0c\x75\xef\xe5\xa9\
\x81\x28\x29\x27\x02\x60\x28\x37\xf6\x16\x11\xf9\x5b\xed\x1d\x00\
\x70\xb4\x78\x3b\x00\xa5\x16\xfa\x00\x58\x32\xf7\xa9\x2f\xf1\x84\
\x3f\x00\x61\x40\x04\xa0\x94\x42\x1d\x00\x4b\xae\x7c\xfa\x38\xb1\
\xe6\x76\xed\x1d\x00\x50\x2a\xdc\x13\x80\x52\x09\x75\x00\x48\xc4\
\xbf\x59\xf8\x62\x1f\x00\x21\xc3\x3d\x01\x28\x85\xd0\x06\xc0\xe2\
\x79\xdb\x3e\x25\x56\xae\xd4\xde\x01\x00\xe5\xc0\xdb\x01\x28\x56\
\x28\x03\x20\x39\xeb\xd1\xa8\xf1\xed\xf7\x85\x87\xfd\x00\x08\x31\
\x22\x00\xc5\x08\x65\x00\xa4\x8f\x1f\x7b\x8d\x88\x9c\xa5\xbd\x03\
\x00\xca\x8d\x7b\x02\x70\xb4\x42\x17\x00\xad\xad\x5d\x31\x6b\xed\
\x62\xed\x1d\x00\x30\x5a\xb8\x27\x00\x47\x23\x74\x01\xd0\x30\x24\
\xcd\x22\xf2\x41\xed\x1d\x00\x30\x9a\x78\x3b\x00\x23\x15\xb2\x00\
\xb0\x46\xac\xf0\xea\x1f\x80\x93\x88\x00\x8c\x44\xa8\x02\x60\xc9\
\xbc\xae\x39\x22\x72\x86\xf6\x0e\x00\xd0\xc2\x3d\x01\x38\x52\xa1\
\x0a\x00\xf1\xcd\x42\xed\x09\x00\xa0\x8d\x7b\x02\x70\x24\x42\x13\
\x00\x4b\x9b\x9f\x1d\x27\x22\x97\x6a\xef\x00\x80\x4a\xc0\xdb\x01\
\x78\x2f\xa1\x09\x00\x6b\x33\x57\x88\x48\x42\x7b\x07\x00\x54\x0a\
\x22\x00\xef\x26\x3c\x01\x20\x66\xae\xf6\x06\x00\xa8\x34\x44\x00\
\xfe\x9a\x50\x04\xc0\x37\x1b\x7f\x39\x5e\x8c\x7c\x42\x7b\x07\x00\
\x54\x22\x22\x00\x87\x13\x8a\x00\x88\xc4\x13\x33\x25\x24\x3f\x0b\
\x00\x94\x03\x11\x80\x77\x0a\xc5\x49\x33\x62\xed\x4c\xed\x0d\x00\
\x50\xe9\x88\x00\xbc\x5d\x28\x02\xc0\x5a\x99\xa5\xbd\x01\x00\x82\
\x80\x08\xc0\x21\x81\x0f\x80\xeb\x5a\xb6\x37\x88\x91\x33\xb5\x77\
\x00\x40\x50\xf0\xb0\x20\x88\x84\x20\x00\xa2\x19\x7b\x9a\x84\xe0\
\xe7\x00\x80\xd1\xc4\xc3\x82\x10\xf8\x13\xa7\xe7\xf9\x27\x6b\x6f\
\x00\x80\x20\xe2\xed\x00\xb7\x05\x3e\x00\x44\xcc\x54\xed\x05\x00\
\x10\x54\x44\x80\xbb\x02\x1f\x00\xc6\x5a\xae\x00\x00\x40\x11\x88\
\x00\x37\x05\x3e\x00\xc4\xc8\x09\xda\x13\x00\x20\xe8\xb8\x31\xd0\
\x3d\xc1\x0f\x00\x2b\x63\xb4\x27\x00\x40\x18\x70\x63\xa0\x5b\x02\
\x1f\x00\x56\xa4\x4e\x7b\x03\x00\x84\x05\x6f\x07\xb8\x23\xf0\x01\
\x20\x04\x00\x00\x94\x14\x11\xe0\x06\x02\x00\x00\xf0\x17\x88\x80\
\xf0\x0b\x43\x00\xc4\xb5\x07\x00\x40\x18\x11\x01\xe1\x16\x86\x00\
\x00\x00\x94\x09\x11\x10\x5e\x04\x00\x00\xe0\x5d\x11\x01\xe1\x44\
\x00\x00\x00\xde\x13\x11\x10\x3e\x04\x00\x00\xe0\x88\x10\x01\xe1\
\x42\x00\x00\x00\x8e\x18\x11\x10\x1e\x04\x00\x00\x60\x44\x88\x80\
\x70\x20\x00\x00\x00\x23\x46\x04\x04\x1f\x01\x00\x00\x38\x2a\x44\
\x40\xb0\x11\x00\x00\x80\xa3\x46\x04\x04\x17\x01\x00\x00\x28\x0a\
\x11\x10\x4c\x04\x00\x00\xa0\x68\x44\x40\xf0\x10\x00\x00\x80\x92\
\x20\x02\x82\x85\x00\x00\x00\x94\x0c\x11\x10\x1c\x04\x00\x00\xa0\
\xa4\x88\x80\x60\x20\x00\x00\x00\x25\x47\x04\x54\x3e\x02\x00\x00\
\x50\x16\x44\x40\x65\x23\x00\x00\x00\x65\x43\x04\x54\x2e\x02\x00\
\x00\x50\x56\x44\x40\x65\x22\x00\x00\x00\x65\x47\x04\x54\x1e\x02\
\x00\x00\x30\x2a\x88\x80\xca\x42\x00\x00\x00\x46\x0d\x11\x50\x39\
\x08\x00\x00\xc0\xa8\x22\x02\x2a\x03\x01\x00\x00\x18\x75\x44\x80\
\x3e\x02\x00\x00\xa0\x82\x08\xd0\x45\x00\x00\x00\xd4\x10\x01\x7a\
\x08\x00\x00\x80\x2a\x22\x40\x07\x01\x00\x00\x50\x47\x04\x8c\x3e\
\x02\x00\x00\x50\x11\x88\x80\xd1\x45\x00\x00\x00\x2a\x06\x11\x30\
\x7a\x08\x00\x00\x40\x45\x21\x02\x46\x07\x01\x00\x00\xa8\x38\x44\
\x40\xf9\x11\x00\x01\x97\x6c\x7c\x2e\xae\x3c\x21\xaf\x7c\x7c\x38\
\xca\x18\xdd\x5f\x5f\xd7\xce\xba\xbb\x4e\x75\x80\x03\x88\x80\xf2\
\x22\x00\x02\xae\x4f\xfa\xb4\x7f\x09\x0d\x2a\x1f\x1f\x8e\xf2\x4c\
\xd4\x6a\x1e\xbf\x37\x36\xf4\x7e\xcd\xe3\xbb\x82\x08\x28\x1f\x02\
\x20\xe0\xe2\xd5\x71\xdd\x00\xb0\xf2\xaa\xea\xf1\xe1\xac\x58\x24\
\x91\xd6\x3c\x7e\x34\x92\xe0\x84\x34\x4a\x88\x80\xf2\x20\x00\x02\
\x2e\x5f\xf0\x74\x03\xc0\x98\x67\x55\x8f\x0f\x67\xc5\xa2\xd5\x6f\
\x68\x1e\xdf\x37\x99\x89\x9a\xc7\x77\x0d\x11\x50\x7a\x04\x40\xc0\
\x99\x82\x3f\x46\xf3\xf8\xd6\xf8\x5b\x35\x8f\x0f\x77\xc5\x22\xd5\
\x5b\x55\x07\xe4\x2d\x27\xa2\x51\x96\xca\xf6\xd5\x1f\xe8\x7b\xe9\
\xf7\xad\x73\xda\x89\xaf\x12\x20\x00\x02\xce\x78\x72\x82\xe6\xf1\
\xf3\xd9\xdc\x7d\x22\x92\xd5\xdc\x00\xf7\x1c\xbc\x01\x30\xba\x5c\
\x73\x83\x2f\xf9\x8f\x68\x1e\xdf\x55\xe9\x6c\xef\xb8\xfd\xfd\xbb\
\xff\xc0\x95\x80\xe2\x11\x00\x01\x67\xac\x3d\x59\xf3\xf8\xff\xd6\
\xf9\xf1\x6e\x31\x72\x9f\xe6\x06\xb8\xa7\x36\x31\xfe\xb5\xf6\x47\
\x16\xbe\xa4\xb9\xc1\xb7\x05\x02\x40\x09\x6f\x07\x94\x06\x01\x10\
\x78\x66\xaa\xf6\x02\xaf\x60\x6f\x12\x11\x5f\x7b\x07\x1c\x61\x8c\
\x24\x62\x63\xaf\xd7\x9e\x91\xf3\xb3\x27\x6a\x6f\x70\x19\x11\x50\
\x3c\x02\x20\xe8\x8c\xee\x15\x00\x11\x91\x9b\x36\x9d\xbb\x5d\x44\
\xd6\x6a\xef\x80\x1b\xc6\x54\x4f\xfa\xfd\xc6\x2d\x57\xff\x58\x7b\
\x47\xa1\x90\x39\x46\x7b\x83\xeb\x88\x80\xe2\x10\x00\x81\x67\x4e\
\x4b\x26\xad\xfa\x9f\xa3\xc9\xc9\xf5\x22\xb2\x53\x7b\x07\xc2\x2d\
\x1e\xad\xc9\xd5\x45\x6a\x2f\xd6\xde\xd1\xd8\x98\x8c\x67\xf3\xe9\
\x1a\xed\x1d\xe0\xc6\xc0\x62\xa8\x9f\x38\x50\xb4\x86\xf4\x1f\xb6\
\x9f\xa9\x3d\x62\x59\xe7\xf4\x3e\x2b\xfe\x17\x8d\x48\xbf\xf6\x16\
\x84\x93\xe7\xc5\x6c\xfd\xd8\x0f\xcc\x5d\xbb\xe5\xea\xd7\xb5\xb7\
\xc4\x7b\xa7\x5c\xe1\xfb\x39\xa3\xbd\x03\x07\x71\x63\xe0\xd1\x21\
\x00\x42\xc0\xf7\xfd\x59\xda\x1b\x44\x44\x56\xb4\xcf\x78\xc6\xb7\
\xfe\xe7\x89\x00\x94\x5a\xc4\x8b\xd9\x89\x63\x4f\xf8\xc6\xfa\x07\
\x17\x74\x6a\x6f\x11\x11\xc9\x9b\xe1\x2b\xb4\x37\xe0\xcf\xf1\x76\
\xc0\xc8\x11\x00\x21\xe0\x59\x99\xa9\xbd\xe1\x90\x15\x1d\x33\x1e\
\xf3\xc5\x9f\x29\x22\xaf\x68\x6f\x41\x38\xc4\xa3\x35\xb9\xf1\x0d\
\x53\xbe\xdc\xb6\x79\xe1\x4a\xed\x2d\x87\x14\x72\xa9\x19\xda\x1b\
\xf0\x97\x88\x80\x91\x21\x00\x42\xc0\x1a\x99\x59\x09\xf7\x01\x1c\
\xb2\xa2\x7d\xc6\x33\x26\x27\xd3\xc4\xca\x6a\xe1\xd3\x01\x38\x5a\
\xc6\xc8\x98\x9a\x63\x9f\x6f\xa8\x3f\x7e\x4a\xa5\xbc\xf2\x17\x39\
\xf8\xfe\x7f\x2a\xd3\x3f\x49\x7b\x07\x0e\x8f\x7b\x02\x8e\x5c\xc5\
\x9c\x34\x50\x94\xf1\xe9\x1d\xdb\x3f\xa9\x3d\xe2\xed\x96\x75\x4e\
\xef\x5b\xde\x31\xbd\xd5\x78\xde\x34\x11\x7b\x97\x88\xe4\xb4\x37\
\x21\x18\x8c\xf1\xa4\xae\x6a\xe2\x6b\x13\xea\xa6\x34\x76\xfe\xec\
\xeb\x67\xb4\x3d\x70\xd5\x6e\xed\x4d\x6f\x57\xd5\x3f\xf9\xeb\xbe\
\xe5\xfd\xff\x4a\xc6\x3d\x01\x47\x26\xaa\x3d\x00\xa5\x61\xa5\x30\
\x57\x44\x7e\xae\xbd\xe3\x9d\x96\x6d\x98\xf6\x1b\x11\xb9\xf2\xc6\
\x05\x4f\x4e\xc8\xe7\xa3\x73\x8c\xb5\xb3\xc4\xc8\x99\x22\x72\x82\
\x88\x34\x08\x7f\x07\x9d\x66\xc4\x48\xc4\x8b\xf9\xd1\x48\x62\x38\
\x16\xad\xde\x13\x8b\x54\x3f\x5a\x88\xc6\x6e\xba\x6b\x73\xcb\xcb\
\xda\xdb\xfe\x9a\xe1\xdc\x50\xab\xf6\x06\xbc\xb7\x54\xb6\xaf\x5e\
\x0e\xbe\x1d\x70\xca\xed\xff\xf1\x85\xbd\xda\x7b\x2a\x51\xe0\x2b\
\x76\x49\x73\x97\xea\x57\x82\x56\x90\x9e\x74\x4f\xfd\xfb\x57\x6e\
\x9e\x9a\xd1\x1e\x02\x84\x55\xcb\x65\x6b\x1b\xf6\xed\x7b\xad\x9b\
\x2b\x00\xc1\x51\x13\xaf\xef\x1b\x5f\x7f\x32\x11\x70\x18\xbc\x05\
\x10\x1e\xe3\x12\xe3\xfb\x3f\xab\x3d\x02\x08\xb3\xec\x70\xe1\xef\
\x39\xf9\x07\x0b\x37\x06\xfe\x75\x04\x40\x88\x18\xeb\x2f\xd4\xde\
\x00\x84\x59\x36\x33\x30\x5f\x7b\x03\x46\x8e\x1b\x03\x0f\x8f\x00\
\x08\x11\x23\xe6\x73\xdf\x9a\xff\x14\x5f\x50\x02\x94\xc1\x55\x17\
\xaf\x9f\x3d\x98\xe9\xe6\x55\x64\x40\x71\x63\xe0\x5f\x22\x00\xc2\
\xc5\x98\x82\x59\xac\x3d\x02\x08\xa3\xc1\x5c\xf7\xf7\xc5\x72\xcb\
\x51\x90\xf1\x76\xc0\x9f\x23\x00\x42\xc6\x88\x34\x2d\xbd\x72\xfb\
\x89\xda\x3b\x80\x30\x69\xbe\x68\xdd\x79\xa9\xf4\xfe\x13\xb5\x77\
\xa0\x78\x44\xc0\xff\x47\x00\x84\x4f\xac\xe0\x15\x96\x68\x8f\x00\
\xc2\x24\x57\x18\xb8\xd5\x0a\xaf\xfe\xc3\x82\x7b\x02\x0e\x22\x00\
\x42\xc8\x88\x7c\xf5\x86\x79\x4f\xff\x8d\xf6\x0e\x20\x0c\xe6\x5d\
\xba\xf6\xb2\xc1\xd4\xbe\xd3\xb4\x77\xa0\xb4\xb8\x27\x80\x00\x08\
\xab\xa8\xf5\x0b\xdf\x13\xb1\x7c\x5c\x09\x28\x4a\xd2\x1b\x4c\x1d\
\xb8\x93\x57\xff\xe1\x74\xe8\x4a\xc0\x57\x2e\xbe\x7d\xbc\xf6\x16\
\x0d\x04\x40\x68\x99\xf3\x6e\x98\xbb\xad\x49\x7b\x05\x10\x64\xcd\
\x17\x1d\xff\xa3\xe1\x6c\xef\x58\xed\x1d\x28\x9f\x74\xb6\x77\x5c\
\x5f\x76\xe0\xf9\x96\x59\x6b\xab\xb4\xb7\x8c\x36\x02\x20\xc4\xac\
\x95\x9b\xaf\x6b\xd9\xde\xa0\xbd\x03\x08\xa2\xf9\x73\xda\xa6\xf4\
\xa7\xf6\x2c\xd2\xde\x81\xf2\x1b\x1c\x3e\x70\xec\x50\x64\xe0\x19\
\x91\xa4\x53\xe7\x44\xa7\x7e\x58\x07\xbd\x3f\x91\xf5\x6f\xd7\x1e\
\x01\x04\x51\x7a\xb0\xfb\xf1\x7c\x21\xcb\xef\x48\x47\x0c\xa4\xf6\
\x9d\x72\xc5\x85\x93\x2a\xee\xfb\x54\xca\x89\xbf\xdc\x21\x67\xc5\
\x5e\xbe\xa4\xa9\xeb\x5a\xed\x1d\x40\x90\x34\x5d\xb8\xfa\xee\xc1\
\xe1\xfd\xc7\x69\xef\xc0\xe8\xea\x1f\x7c\xe3\x13\x4d\x17\xad\xba\
\x55\x7b\xc7\x68\x21\x00\x5c\x60\xe4\x5f\x97\x5e\xf9\xd4\xd9\xda\
\x33\x80\x20\x98\x7f\x49\xdb\x17\x7b\x87\xfe\xd8\xa8\xbd\x03\x3a\
\xfa\x86\x76\x5f\x73\xd5\xc5\xeb\x67\x6b\xef\x18\x0d\x04\x80\x1b\
\x12\xbe\x67\x3a\xbe\xd9\xf8\x4b\x27\xef\x74\x05\x8e\x54\xf3\x85\
\x6b\xa7\xf6\x0f\xfd\x71\x93\xb5\x05\xed\x29\x50\xe2\xfb\x05\xe9\
\x49\xef\xfe\x71\xcb\x65\x6b\x43\x7f\xff\x14\x01\xe0\x8e\x53\x62\
\xf1\xc4\xfd\xc9\xd6\xae\x1a\xed\x21\x40\x25\x6a\x9d\xd3\x3e\x31\
\x9d\x7d\x73\x5b\x26\x9f\x8a\x69\x6f\x81\xae\x6c\x6e\xb0\x2a\x35\
\x30\xf0\x84\xf6\x8e\x72\x23\x00\x5c\x62\xed\xc7\x53\x43\x72\x77\
\x72\xd6\xa3\x51\xed\x29\x40\x25\x69\x6c\x4c\xc6\xf7\x0f\xec\x7d\
\x36\x9d\xed\x1f\xa3\xbd\x05\x95\xa1\x3f\xb5\xef\xf4\xf9\x17\xaf\
\xb9\x5e\x7b\x47\x39\x11\x00\xae\xb1\x32\x3b\x75\x5c\xdd\x2a\x1e\
\x12\x04\x1c\x92\xf4\xe4\xc0\xf8\xdf\xa5\x32\x07\xde\xaf\xbd\x04\
\x95\xa5\x2f\xfd\xe6\x3f\xcf\x99\x73\x5b\x68\xaf\x9a\x12\x00\x4e\
\x32\x0b\x17\x37\x6f\x5b\xd7\xda\xda\xc5\xa5\x4e\x38\xad\xb1\x31\
\x19\xff\xd2\xf9\x13\x9e\x1b\x48\xef\x9b\xaa\xbd\x05\x95\x27\x9b\
\x1b\x4c\xd4\x64\x64\x93\xf6\x8e\x72\x21\x00\x1c\x65\x44\x16\x34\
\x0c\xca\xbd\xdc\x13\x00\x57\xb5\xce\x69\x9f\x58\xd8\x3f\xf6\xf5\
\xc1\xe1\xbd\xa7\x6a\x6f\x41\xe5\x1a\x18\xfc\xd3\xe7\x16\x5c\xda\
\x11\xca\x4f\x51\x11\x00\x6e\xfb\x5c\x6a\x50\x1e\xbd\xbe\xa9\xcb\
\xe9\x6f\xc4\x82\x7b\xe6\xcf\x69\x9b\xb2\xaf\x7f\xf7\xcb\xa9\xe1\
\xee\x49\xda\x5b\x50\xd9\x7c\x9b\x33\xc3\xd9\x03\x77\x6a\xef\x28\
\x07\x02\x00\x33\x22\x46\x9e\x58\xdc\xfc\xeb\xbf\xd5\x1e\x02\x8c\
\x86\xab\x2e\x59\xd7\xd4\xdf\xfb\xc7\x17\x87\xb3\x7d\x3c\xe3\x1f\
\x47\x64\x20\xfd\xe6\x99\xf3\x2f\xba\xfd\x23\xda\x3b\x4a\x8d\x00\
\x80\x88\xc8\xc9\x46\xbc\x5f\x2d\x6e\xee\xfa\x86\xf6\x10\xa0\x9c\
\x9a\x2f\x5a\x7d\xdb\xbe\xfe\x9d\xed\x7c\xd4\x0f\x23\x61\x6d\x41\
\x32\x7e\x76\xb5\xf6\x8e\x52\x0b\xfc\x9d\xe0\x4b\x9a\xbb\xf8\x9e\
\xce\x12\x32\x62\xee\xc9\xc4\xbd\x45\xb7\xac\x3b\xbb\x57\x7b\x0b\
\x50\x2a\xf3\xe7\xb4\x4d\x49\x0f\x76\x3f\xce\xe3\x7d\x71\xb4\x22\
\x5e\xcc\x4e\xaa\x9d\xfc\xc1\xb5\x5b\xae\x7e\x5d\x7b\x4b\xa9\x70\
\x05\x00\x7f\xc6\x8a\xbd\x3c\x9e\x2d\x3c\xbf\xa4\x79\xdb\x5c\x3e\
\x2a\x88\xe0\x4b\x7a\x4d\x17\xad\xba\xb5\xa7\x67\xd7\x1f\x38\xf9\
\xa3\x18\x05\x3f\x67\x86\xfd\xec\xf7\xb4\x77\x94\x12\x01\x80\xc3\
\x79\xbf\x88\xdd\xb0\xa4\x69\xdb\x63\xdf\x6a\xda\x76\x96\xf6\x18\
\xe0\x68\xcc\x9f\xdd\xd6\x78\xd9\xcc\xba\x9e\x9e\x81\xd7\xae\xe1\
\x5b\xfd\x50\x0a\xa9\x5c\xff\x85\xda\x1b\x4a\x29\xf0\xaf\xf0\x78\
\x0b\xa0\xec\xf2\x56\x64\x75\xc4\x8f\x2c\xbf\x69\xd3\xd9\xbb\xb4\
\xc7\x00\xef\xa5\xf9\xa2\x75\xe7\xe5\x0a\x03\xb7\x0e\xa4\xf6\x9d\
\x26\xc2\xaf\x07\x94\xd6\x31\xf5\x1f\x9a\xbd\xfe\xa1\x85\x3f\xd1\
\xde\x51\x0a\x04\x00\x8e\x94\x2f\x22\x3f\xb1\x9e\xfc\xe3\x8a\x0d\
\xd3\x9f\xd6\x1e\x03\xbc\xd3\xbc\x4b\xd7\x5e\x36\x9c\xe9\xff\xee\
\x50\x7a\xff\x49\x96\x13\x3f\xca\xa4\xa1\xe6\xb8\xc7\x37\xfd\xec\
\xda\x4f\x69\xef\x28\x05\x9e\x09\x8f\x23\xe5\x89\xc8\xe7\x8c\x2f\
\xb3\x97\x34\x77\x3d\x28\x62\xd6\xa6\x7b\xc6\x3e\xb8\x72\xf3\xd4\
\x8c\xf6\x30\xb8\xab\xe5\xb2\xb5\x0d\xd9\xe1\xc2\xdf\x0f\x67\xfa\
\x17\xec\xef\x7d\x65\x12\xaf\xf8\x51\x6e\xa9\x4c\xef\x47\xb5\x37\
\x94\x0a\x57\x00\x50\x8c\x5e\x11\xb9\xc7\xf3\xec\x86\x97\x33\x3b\
\x7f\xd1\xd9\x79\x05\xdf\xa1\x8a\xb2\x6b\x6c\x4c\xc6\xab\xfa\x27\
\x7f\x7d\x38\x37\xd4\x3a\x34\xdc\x33\xd5\xb7\xb9\xc0\xff\x1e\x43\
\xb0\x4c\x1a\x3b\xf5\x82\xb6\x87\xaf\x7a\x54\x7b\x47\xb1\x02\xff\
\x0f\x87\x00\xa8\x18\x83\x46\xcc\xaf\xac\xd8\x9f\x1a\x2b\x4f\xf4\
\x8c\x91\x27\x57\xad\x9a\x9e\xd3\x1e\x85\xe0\x4b\xce\x7a\x34\xfa\
\x4a\x62\xe7\xec\x9c\x2d\x7c\x29\x9b\x1b\x9a\x35\x9c\xed\x3b\xbe\
\xe0\x73\xd2\x87\x9e\x71\x75\x93\xef\xec\x78\xe4\x9a\x16\xed\x1d\
\xc5\x0a\xfc\x3f\x22\x02\xa0\x62\xf5\x89\xc8\x8b\x22\xf2\x92\x88\
\xbc\x68\xc4\xbe\x64\x8d\xb7\xcb\x88\x1d\x32\xd6\x0e\x89\x24\x7a\
\xaa\x72\x91\xa1\x64\xe7\x19\x59\xe5\x9d\x50\x74\xed\xac\xbb\xeb\
\x06\xc6\x0c\x1f\x13\xcd\xcb\x09\x79\x2b\x13\xac\x97\x1f\x6f\xf3\
\x85\xb3\x0a\x85\xfc\x19\x39\x9b\x3d\xa9\x50\xc8\x1c\x93\xcd\xa7\
\x6b\x7c\x4e\xf8\xa8\x20\xb5\xd5\xc7\xec\xba\xe7\x7f\x7f\x63\x8a\
\xf6\x8e\x62\x05\xfe\x1f\x15\x01\x00\x1c\xbd\x67\x77\xde\xa7\x3d\
\x01\x08\x9c\x58\xa4\xaa\x70\xff\xe3\xff\x3d\xf0\xf7\xd0\xf1\xd9\
\x58\x00\x00\x46\x20\x57\x18\x8e\xb4\x5c\xb2\xe1\x5c\xed\x1d\xc5\
\x22\x00\x00\x00\x18\xa1\x82\xcd\x9c\xa7\xbd\xa1\x58\x04\x00\x00\
\x00\x23\x94\xf3\x0b\xe7\x68\x6f\x28\x16\x01\x00\x00\xc0\x08\xf9\
\x7e\xee\x14\xed\x0d\xc5\x22\x00\x00\x00\x18\xa1\x7c\x21\x33\x59\
\x7b\x43\xb1\x08\x00\x00\x00\x46\xa8\x60\xf3\x35\xda\x1b\x8a\x45\
\x00\x00\x00\x30\x52\x7e\x21\xa6\x3d\xa1\x58\x04\x00\x00\x00\x23\
\x54\xb0\x85\x88\xf6\x86\x62\x11\x00\x00\x00\x8c\x90\x6f\x0b\x81\
\x3f\x7f\x06\xfe\x07\x00\x00\x60\xb4\xf9\x36\x1f\xf8\x27\xe9\x12\
\x00\x00\x00\x8c\x94\x0d\xfe\x53\xe8\x09\x00\x00\x00\x1c\x44\x00\
\x00\x00\xe0\x20\x02\x00\x00\x00\x07\x11\x00\x00\x00\x38\x88\x00\
\x00\x00\xc0\x41\x04\x00\x00\x00\x0e\x22\x00\x00\x00\x70\x10\x01\
\x00\x00\x80\x83\x08\x00\x00\x00\x1c\x44\x00\x00\x00\xe0\x20\x02\
\x00\x00\x00\x07\x11\x00\x00\x00\x38\x88\x00\x00\x00\xc0\x41\x04\
\x00\x00\x00\x0e\x22\x00\x00\x00\x70\x10\x01\x00\x00\x80\x83\x08\
\x00\x00\x00\x1c\x44\x00\x00\x00\xe0\x20\x02\x00\x00\x00\x07\x11\
\x00\x00\x00\x38\x88\x00\x00\x00\xc0\x41\x04\x00\x00\x00\x0e\x22\
\x00\x00\x00\x70\x10\x01\x00\x00\x80\x83\x08\x00\x00\x00\x1c\x44\
\x00\x00\x00\xe0\x20\x02\x00\x00\x00\x07\x11\x00\x00\x00\x38\x88\
\x00\x00\x00\xc0\x41\x04\x00\x00\x00\x0e\x22\x00\x00\x00\x70\x10\
\x01\x00\x00\x80\x83\x08\x00\x00\x00\x1c\x44\x00\x00\x00\xe0\x20\
\x02\x00\x00\x00\x07\x11\x00\x00\x00\x38\x88\x00\x00\x00\xc0\x41\
\x04\x00\x00\x00\x0e\x22\x00\x00\x00\x70\x10\x01\x00\x00\x80\x83\
\x08\x00\x00\x00\x1c\x44\x00\x00\x00\xe0\x20\x02\x00\x00\x00\x07\
\x11\x00\x00\x00\x38\x88\x00\x00\x00\xc0\x41\x04\x00\x00\x00\x0e\
\x22\x00\x00\x00\x70\x10\x01\x00\x00\x80\x83\x08\x00\x00\x00\x1c\
\x44\x00\x00\x00\xe0\x20\x02\x00\x00\x00\x07\x11\x00\x00\x00\x38\
\x28\xaa\x3d\x00\xa1\xd5\x2b\x22\x2f\x58\x91\x1d\xc6\xda\x1d\xd6\
\x98\x1d\x46\xec\xab\x05\x13\x19\x8c\x15\x4c\x4a\xbc\x48\x5f\x77\
\x5d\x76\x70\xd5\xaa\xe9\x39\xed\xa1\x80\x96\x39\x73\x6e\xab\x69\
\x90\xea\x63\x4d\x2e\x7a\xbc\x35\x99\x71\xd6\xb7\x13\x7d\x9b\x3f\
\xd3\x16\x0a\x67\x66\x6d\x6e\x4a\x21\x9f\x39\x36\x9b\x4f\xd5\xfa\
\x36\x67\xb4\xb7\x22\x7c\x08\x00\x94\xca\x80\x11\xf3\xa4\x15\xfb\
\x53\x4f\xcc\x4f\xab\x4e\x9e\xb6\x3d\x99\x34\xbe\xf6\x28\xa0\x92\
\xdd\x7f\xff\x35\x29\x11\xd9\xf9\xd6\x7f\x7f\xd5\xc2\x4b\xdb\x66\
\x0e\x17\x32\x8b\xb2\xb9\xa1\x59\xc3\xd9\xfe\xe3\x0b\x7e\x96\x20\
\x40\xd1\x08\x00\x14\xa3\x47\xc4\x76\x5a\xcf\xdb\x50\xfb\xe1\x69\
\x4f\x70\xc2\x07\xca\x63\xed\xe6\x05\x8f\x89\xc8\x63\x22\x22\xc9\
\x59\x8f\x46\x5f\xa9\xde\xf5\x77\xa9\xe1\xc1\x6b\x53\xd9\x9e\x53\
\x7c\x62\x00\x47\x89\x00\xc0\x48\xf9\x56\xec\x83\xc6\x9a\x3b\xd2\
\xbd\xf5\x9b\x57\x6e\x9e\x9a\xd1\x1e\x04\xb8\x24\xb9\xf5\xfc\xbc\
\x88\xac\x14\x91\x95\x73\x2f\xdd\x30\xd6\xfa\xc3\xff\x2d\x9b\x1d\
\x68\x19\x1c\xee\x3e\x56\xc4\x6a\xcf\x43\x80\x10\x00\x38\x52\x39\
\x11\xb3\xc9\xd8\xc2\xb2\xe5\x1d\x33\x9e\xd3\x1e\x03\x40\x64\xe3\
\xe6\x79\xfd\x22\xb2\x54\x44\x96\x5e\x75\xc9\x86\x4f\xa7\x72\x3d\
\x2b\x07\xd3\x6f\x9e\x66\x2d\x17\xe3\xf0\xde\x08\x00\xbc\x97\x9c\
\x15\xbb\xca\x8b\x9a\xe5\xcb\xda\xce\x79\x4d\x7b\x0c\x80\xc3\xbb\
\xf3\xa1\x79\x3f\x13\x91\xd3\x17\x5c\xd2\xfe\xc9\x54\xee\xc0\xad\
\x43\xa9\x7d\x67\x58\xae\x08\xe0\x5d\x10\x00\x78\x17\xf6\xe7\xc6\
\x98\xaf\x2d\xdf\x78\xee\x6f\xb5\x97\x00\x38\x32\x6d\x0f\x35\x3f\
\x2e\x22\x1f\x99\xf7\xd9\xb5\x97\xa4\xd2\x07\x36\xa4\x86\x7b\x27\
\x68\x6f\x42\x65\x22\x00\x70\x38\x7b\xac\xd8\xa5\x2b\xda\xa7\xaf\
\x17\x31\xbc\x84\x00\x02\x68\xc3\x4f\x16\x3e\x24\x22\x13\xe7\x5e\
\x74\xfb\x77\xfa\xd3\x7b\x6f\xcc\xe5\xd3\x11\xed\x4d\xa8\x2c\x3c\
\x08\x08\x7f\xc6\x88\x74\x9a\x9c\x9c\xb6\xa2\xfd\xdc\x36\x4e\xfe\
\x40\xf0\x6d\xdc\xb2\xe8\x1f\x26\x1d\x73\xe2\x87\xea\xaa\x26\xee\
\xd6\xde\x82\xca\xc2\x15\x00\x1c\x32\x6c\x45\x96\x2e\x6f\x9f\xfe\
\xbf\xb4\x87\x00\x28\xad\x35\xf7\xce\x7d\x55\x44\x3e\xd0\x7c\xd1\
\xea\xdb\x7a\x06\xff\xd8\x6a\x6d\x41\x7b\x12\x2a\x00\x57\x00\x20\
\x56\xe4\x05\x63\x64\xc6\x0a\x4e\xfe\x40\xa8\xb5\x6f\xf9\xea\x35\
\x13\xc7\x7d\xe8\x8a\x78\xb4\x36\xab\xbd\x05\xfa\x08\x00\xc7\x19\
\x23\x4f\x46\xa3\x85\x4f\x2e\xdb\x38\x9d\x1b\xfd\x00\x07\xac\x7f\
\x70\x41\x67\x7d\xc3\xf1\xa7\x56\xc5\x1b\xfa\xb5\xb7\x40\x17\x01\
\xe0\x30\x2b\xf6\xfe\xea\x5a\xb9\xe0\x5f\xda\x3e\x7a\x40\x7b\x0b\
\x80\xd1\xb3\xfe\xfe\x05\x3b\x6b\x6b\xde\x37\x99\xfb\x02\xdc\x46\
\x00\x38\xca\x8a\xb4\xf5\xd5\x99\xcb\x93\xab\xa6\xa7\xb4\xb7\x00\
\x18\x7d\x1b\x37\xcf\xeb\x37\x13\x7b\x4f\xaa\xab\x3a\xf6\x05\xed\
\x2d\xd0\xc1\x4d\x80\x0e\x32\xd6\xdc\xb1\xbc\x63\xda\x22\xee\xf2\
\x07\xdc\xd6\xd9\x99\xcc\x8a\x24\xcf\x68\xbc\x60\xd2\x0b\x03\xe9\
\x7d\x53\xb5\xf7\x60\x74\x71\x05\xc0\x3d\x0f\x54\xef\xe9\xbf\x86\
\x93\x3f\x80\x83\x92\xbe\x4c\xe8\xfe\x48\x5d\xf5\x84\x37\xb4\x97\
\x60\x74\x11\x00\x6e\xf9\x95\x1f\x89\x5d\xf9\xd6\x97\x89\x00\x80\
\x88\x1c\xbc\x12\x50\x1f\x1b\x73\x26\x37\x06\xba\x85\x00\x70\x84\
\x15\x79\xc1\x93\xf8\x67\x6f\x5e\xff\x37\x43\xda\x5b\x00\x54\x9e\
\x35\x0f\x2f\xea\x4e\xd4\x4c\x9c\xc6\x47\x04\xdd\x41\x00\xb8\x61\
\x58\xc4\x6f\xba\xa9\xfd\xac\x1e\xed\x21\x00\x2a\xd7\x5d\x9b\x5b\
\x5e\xae\xaf\x3d\xbe\xc9\x18\x9e\x1a\xec\x02\x02\xc0\x01\xc6\xda\
\xeb\x56\xb4\xcf\x78\x46\x7b\x07\x80\xca\xb7\xfe\xa1\x05\xf7\x36\
\xd4\x1e\x7f\xb7\xf6\x0e\x94\x1f\x01\x10\x76\x56\x7e\xbc\xac\xe3\
\xdc\xdb\xb4\x67\x00\x08\x8e\x8e\x47\x5a\xbf\x5c\x57\x7d\xcc\xab\
\xda\x3b\x50\x5e\x04\x40\xb8\xbd\x61\xf2\xb2\x48\x7b\x04\x80\xe0\
\xa9\x6f\x98\x38\x33\xea\x25\x7c\xed\x1d\x28\x1f\x02\x20\xc4\xac\
\xb5\xdf\x5a\xd6\x39\xbd\x4f\x7b\x07\x80\xe0\x59\x73\xef\xdc\x57\
\xc7\xd6\xbc\x6f\x95\xf6\x0e\x94\x0f\x01\x10\x56\x56\x7e\xb1\xa2\
\x63\xfa\x26\xed\x19\x00\x82\xab\xfd\x91\xdd\xff\xb9\x3a\xd1\xd0\
\xab\xbd\x03\xe5\x41\x00\x84\x53\xde\x17\xf3\x35\x1e\xf6\x03\xa0\
\x38\x49\x7f\x4c\x62\x7c\x8b\x31\x9c\x2a\xc2\x88\x3f\xd5\x10\xb2\
\x62\x6f\xbb\xb9\xe3\x9c\x67\xb5\x77\x00\x08\xbe\xb6\x87\xaf\xfe\
\xf7\x31\xd5\x13\x9f\xd7\xde\x81\xd2\x23\x00\xc2\x27\xe7\x4b\x64\
\x85\xf6\x08\x00\xe1\x11\xab\x19\xff\x15\xae\x02\x84\x0f\x7f\xa2\
\x61\x63\xa5\xfd\xbb\xed\xd3\xf8\xf8\x0e\x80\x92\xd9\x78\xff\xbc\
\x5f\xd5\x26\x26\xec\xd4\xde\x81\xd2\x22\x00\xc2\xc5\x1a\xf1\x79\
\xf5\x0f\xa0\xe4\x6a\xe3\xe3\xbf\x2e\xc6\x68\xcf\x40\x09\x11\x00\
\x61\x62\xcd\xfd\xcb\x3a\x66\x3c\xa7\x3d\x03\x40\xf8\xdc\xf9\xf0\
\xfc\x07\xeb\x12\xe3\xf7\x6a\xef\x40\xe9\x10\x00\xa1\x62\xd7\x6a\
\x2f\x00\x10\x5e\xf1\xc4\x98\xf5\xda\x1b\x50\x3a\x04\x40\x78\xf4\
\xa4\x7b\xeb\x37\x6b\x8f\x00\x10\x5e\xc6\x54\x7d\xc7\x33\x31\x3e\
\x5e\x1c\x12\x51\xed\x01\x28\x0d\x6b\xcc\xdd\x2b\x37\x4f\xcd\x68\
\xef\xf8\x6b\xae\x6f\xea\x9a\xe8\x89\x5c\x66\x8c\x39\x4f\xc4\x9e\
\x29\x22\x93\x45\x64\x9c\x10\xa1\xaa\x9e\xdd\x79\x9f\xf6\x04\xb7\
\x19\x23\x11\x13\xb3\xd1\x48\x62\x38\x16\xad\xda\x13\x8b\x54\xfd\
\xc2\x48\xfc\x9f\xdb\x1f\x59\xf8\x92\xf6\xb4\xc3\xd9\xb8\x79\x5e\
\x7f\xe3\x05\x2b\x5f\x1a\x48\xef\x3d\x59\x7b\x0b\x8a\x47\x00\x84\
\x85\x91\x8d\xda\x13\x0e\x67\xf1\xbc\xae\x69\x9e\x2f\x4b\xad\xc8\
\x65\x22\x12\x13\xe1\xc5\x03\xf0\xff\x58\x2b\x05\x9b\x35\x05\x3f\
\x5b\x9d\xc9\x0d\x9c\x24\x22\x27\x19\xe3\x5d\x75\xf9\xf9\xb7\xbc\
\x5e\x97\x68\xb8\xe1\xce\x87\x5a\x3a\xb4\x27\xbe\x53\x2c\x3e\xe6\
\x56\x49\xef\xfd\x57\xed\x1d\x28\x1e\xaf\xbe\xc2\xa1\xbb\xf6\xc3\
\xd3\x9e\xd0\x1e\xf1\x76\xd7\xb5\x6c\x6f\xb8\xa1\x69\xdb\x1a\xe3\
\x4b\x97\x15\x69\x14\x91\x98\xf6\x26\x20\x08\xac\xf5\x65\x68\x78\
\xff\xe4\xbd\xfd\x2f\xb7\x37\x5e\xb0\xf2\xc5\x85\x17\xdd\x31\x59\
\x7b\xd3\xdb\xe5\xc6\xec\xfa\x01\x6f\x03\x84\x03\x01\x10\x02\xc6\
\xca\x63\xc9\xa4\xa9\x98\x6f\xed\x5a\x3c\xaf\x6b\x5a\x3c\x5b\xd8\
\x6e\x8d\xbd\x5a\x44\xf8\xdc\x10\x70\x34\xac\x95\x81\xf4\xde\x93\
\xf7\xa7\xf7\xbc\xb2\xe0\xd2\x3b\xbe\xac\x3d\xe7\x90\xce\xce\x64\
\xb6\x2a\x31\x76\x9f\xf6\x0e\x14\x8f\x00\x08\x01\xdf\xc8\x63\xda\
\x1b\x0e\x59\xdc\xf4\xeb\x99\x9e\x2f\x8f\x8a\xc8\x89\xda\x5b\x80\
\x30\xc8\xe5\xd3\xd1\xfd\xfd\xaf\x77\xcc\xbf\x64\xdd\x7f\xd1\xde\
\x72\x48\x3c\x52\xf5\xa4\xf6\x06\x14\x8f\x00\x08\x01\xcf\xf3\xb6\
\x6a\x6f\x10\x79\xeb\xfd\x7e\xe3\xfd\x87\x15\x19\xab\xbd\x05\x08\
\x13\xdf\xcf\x99\x03\x03\xaf\xde\x52\x29\x57\x02\x22\x91\xaa\xbb\
\xb4\x37\xa0\x78\x04\x40\xf0\xf5\x56\x7f\xf8\xec\xdf\x6a\x8f\xb8\
\xae\x65\x7b\x83\xf1\xe5\xc7\x9c\xfc\x81\xf2\xf0\xfd\x9c\xe9\x1d\
\xf8\xd3\xfa\x4a\xb8\x27\x60\x6a\xe6\xc4\xbb\x23\x1e\xf7\x01\x04\
\x1d\x01\x10\x78\xf6\xf7\x95\xf0\xfe\x7f\x22\xe3\x7f\x57\x44\xa6\
\x68\xef\x00\xc2\x2c\x5b\x48\xc5\x06\x72\x43\x5b\xb4\x77\x24\xb7\
\x9e\x9f\x8f\x45\xab\x53\xda\x3b\x50\x1c\x02\x20\xe8\xac\xd9\xa1\
\x3d\x61\xf1\xbc\xae\x69\xd6\xd8\x16\xed\x1d\x80\x0b\x06\x33\xfb\
\x4e\x9d\x3f\xbb\xad\x51\x7b\x47\xd4\x4b\x70\x23\x60\xc0\x11\x00\
\x81\x67\xd5\x1f\x18\xe2\xf9\xb2\x54\xf8\xbb\x04\x8c\x0e\x6b\x25\
\x9d\xee\xb9\x59\x7b\x46\xc4\x8b\xed\xd2\xde\x80\xe2\xf0\x4b\x3b\
\xe0\xac\xd1\xbd\x02\x70\x7d\x53\xd7\xc4\xb7\x1e\xf2\x03\x60\x94\
\x0c\x0d\x1f\x38\xa1\xf9\xc2\xb5\x53\x35\x37\x44\xbc\x28\x5f\x3c\
\x16\x70\x04\x40\xc0\x59\x5f\x5e\xd3\x3c\x7e\xc4\xd8\x2f\x08\x0f\
\xf9\x01\x46\x95\xb5\xbe\xf8\x92\xbf\x41\x73\x83\x89\x56\x3d\xab\
\x79\x7c\x14\x8f\x00\x08\x38\x1b\xf1\x06\x74\x17\x78\x33\x75\x8f\
\x0f\xb8\xa9\x50\x48\xab\xfe\xdb\x33\x52\x78\x53\xf3\xf8\x28\x1e\
\x01\x10\x70\xd1\x88\x3f\xa8\x3a\xc0\xda\xb3\x54\x8f\x0f\x38\x2a\
\x97\x4f\x1f\xa7\x79\x7c\xcf\x26\xf6\x6b\x1e\x1f\xc5\x23\x00\x02\
\x2e\x9b\xce\xea\x06\x80\x91\x0f\xaa\x1e\x1f\x70\x54\xae\x90\xa9\
\xd6\x3c\x7e\xbe\x90\xd9\xab\x79\x7c\x14\x8f\x00\x08\xb8\x7a\xa9\
\xd7\x0d\x00\x91\x3a\xe5\xe3\x03\x4e\xf2\x6d\x5e\xf5\x7b\x36\x1a\
\x72\xb5\x7b\x34\x8f\x8f\xe2\x11\x00\x01\x97\xec\x3c\x23\xab\x3c\
\x81\xaf\x94\x06\x14\x58\xab\xfb\xfc\xaf\x1f\x6e\xbd\x42\xfb\xc5\
\x07\x8a\x44\x00\x00\x00\xe0\x20\x02\x00\x00\x00\x07\x11\x00\x00\
\x00\x38\x88\x00\x00\x00\xc0\x41\x04\x00\x00\x00\x0e\x22\x00\x00\
\x00\x70\x10\x01\x00\x00\x80\x83\x08\x00\x00\x00\x1c\x44\x00\x00\
\x00\xe0\x20\x02\x00\x00\x00\x07\x11\x00\x00\x00\x38\x88\x00\x00\
\x00\xc0\x41\x04\x00\x00\x00\x0e\x22\x00\x00\x00\x70\x10\x01\x00\
\x00\x80\x83\x08\x00\x00\x00\x1c\x44\x00\x00\x00\xe0\x20\x02\x00\
\x00\x00\x07\x11\x00\x00\x00\x38\x88\x00\x00\x00\xc0\x41\x04\x00\
\x00\x00\x0e\x22\x00\x00\x00\x70\x10\x01\x00\x00\x80\x83\x08\x00\
\x00\x00\x1c\x44\x00\x00\x00\xe0\x20\x02\x00\x00\x00\x07\x11\x00\
\x00\x00\x38\x88\x00\x00\x00\xc0\x41\x04\x00\x00\x00\x0e\x22\x00\
\x00\x00\x70\x10\x01\x00\x00\x80\x83\x08\x00\x00\x00\x1c\x44\x00\
\x00\x00\xe0\x20\x02\x00\x00\x00\x07\x11\x00\x00\x00\x38\x88\x00\
\x00\x00\xc0\x41\x04\x00\x00\x00\x0e\x22\x00\x00\x00\x70\x10\x01\
\x00\x00\x80\x83\x08\x00\x00\x00\x1c\x44\x00\x00\x00\xe0\x20\x02\
\x00\x00\x00\x07\x11\x00\x00\x00\x38\x88\x00\x00\x00\xc0\x41\x04\
\x00\x00\x00\x0e\x22\x00\x00\x00\x70\x10\x01\x00\x00\x80\x83\x08\
\x00\x00\x00\x1c\x44\x00\x00\x00\xe0\x20\x02\x00\x00\x00\x07\x11\
\x00\x00\x00\x38\x88\x00\x00\x00\xc0\x41\x04\x00\x00\x00\x0e\x22\
\x00\x00\x00\x70\x10\x01\x00\x00\x80\x83\x08\x00\x00\x00\x1c\x44\
\x00\x00\x00\xe0\x20\x02\x00\x00\x00\x07\x11\x00\x00\x00\x38\x88\
\x00\x00\x00\xc0\x41\x04\x00\x00\x00\x0e\x22\x00\x00\x00\x70\x10\
\x01\x00\x00\x80\x83\x08\x00\x00\x00\x1c\x44\x00\x00\x00\xe0\x20\
\x02\x00\x00\x00\x07\x11\x00\x00\x00\x38\x88\x00\x00\x00\xc0\x41\
\x04\x00\x00\x00\x0e\x22\x00\x00\x00\x70\x10\x01\x00\x00\x80\x83\
\x08\x00\x00\x00\x1c\x44\x00\x00\x00\xe0\x20\x02\x00\x00\x00\x07\
\x11\x00\x00\x00\x38\x88\x00\x00\x00\xc0\x41\x04\x00\x00\x00\x0e\
\x22\x00\x00\x00\x70\x10\x01\x00\x00\x80\x83\x08\x00\x00\x00\x1c\
\x44\x00\x00\x00\xe0\x20\x02\x00\x00\x00\x07\x11\x00\x00\x00\x38\
\x88\x00\x00\x00\xc0\x41\x04\x00\x00\x00\x0e\x22\x00\x00\x00\x70\
\x10\x01\x00\x00\x80\x83\x08\x00\x00\x00\x1c\x44\x00\x00\x00\xe0\
\x20\x02\x00\x00\x00\x07\x11\x00\x00\x00\x38\x88\x00\x00\x00\xc0\
\x41\x04\x00\x00\x00\x0e\x22\x00\x00\x00\x70\x10\x01\x00\x00\x80\
\x83\x08\x00\x00\x00\x1c\x44\x00\x00\x00\xe0\x20\x02\x00\x00\x00\
\x07\x11\x00\x00\x00\x38\x88\x00\x00\x00\xc0\x41\x04\x00\x00\x00\
\x0e\x22\x00\x00\x00\x70\x10\x01\x00\x00\x80\x83\x08\x00\x00\x00\
\x1c\x44\x00\x00\x00\xe0\x20\x02\x00\x00\x00\x07\x11\x00\x00\x00\
\x38\x88\x00\x00\x00\xc0\x41\x04\x00\x00\x00\x0e\x22\x00\x00\x00\
\x70\x10\x01\x00\x00\x80\x83\x08\x00\x00\x00\x1c\x44\x00\x00\x00\
\xe0\x20\x02\x00\x00\x00\x07\x11\x00\x00\x00\x38\x88\x00\x00\x00\
\xc0\x41\x04\x00\x00\x00\x0e\x22\x00\x00\x00\x70\x10\x01\x00\x00\
\x80\x83\x08\x00\x00\x00\x1c\x44\x00\x00\x00\xe0\x20\x02\x00\x00\
\x00\x07\x11\x00\x00\x00\x38\x88\x00\x00\x00\xc0\x41\x04\x00\x00\
\x00\x0e\x22\x00\x00\x00\x70\x10\x01\x00\x00\x80\x83\xc2\x10\x00\
\x59\xed\x01\x00\x00\xb7\x18\x13\xfc\xd3\x67\xf0\x7f\x02\x91\x41\
\xed\x01\x00\x00\xb7\x78\x26\x6a\xb5\x37\x14\x8b\x00\x00\x00\x60\
\x84\x3c\xcf\x2b\x68\x6f\x28\x56\xe0\x03\xc0\x10\x00\x00\x80\x51\
\xe6\x99\x68\x5e\x7b\x43\xb1\x02\x1f\x00\x62\x64\x40\x7b\x02\x00\
\xc0\x2d\x9e\x89\xe4\xb4\x37\x14\x2b\xf8\x01\x60\xe5\x35\xed\x09\
\x00\x00\xb7\x44\x22\xf1\x6e\xed\x0d\xc5\x0a\x7c\x00\x58\x63\x76\
\x68\x6f\x00\x00\xb8\xc5\xf3\x62\xbb\xb4\x37\x14\x2b\xf0\x01\x20\
\x62\x5f\xd2\x5e\x00\x00\x70\x4b\xd4\x8b\x3d\xaf\xbd\xa1\x58\x81\
\x0f\x00\xdf\xf7\xb8\x02\x00\x00\x18\x55\x9e\x89\x3c\xa5\xbd\xa1\
\x58\x81\x0f\x80\x7c\xc2\xfc\x5e\x44\x7c\xed\x1d\x00\x00\x57\x18\
\xf1\x62\x91\x2d\xda\x2b\x8a\x15\xf8\x00\xb8\x65\xdd\xd9\xbd\x62\
\xe5\xb7\xda\x3b\x00\x00\x6e\xa8\x8a\xd5\xa5\xda\x1e\xb8\x6a\xb7\
\xf6\x8e\x62\x05\x3e\x00\x44\x44\x8c\x91\xad\xda\x1b\x00\x00\x6e\
\x48\xc4\xea\x02\xff\xfe\xbf\x48\x48\x02\xa0\x60\xcc\x63\xda\x1b\
\x00\x00\x6e\x88\x46\xab\x7f\xa2\xbd\xa1\x14\xc2\x11\x00\xd9\xcc\
\x63\xc2\x7d\x00\x00\x80\xb2\x33\x52\x55\x9b\xb8\x43\x7b\x45\x29\
\x84\x22\x00\xfe\xad\xf3\xe3\xdd\x22\xf6\x71\xed\x1d\x00\x80\x70\
\xab\x8e\xd7\xf7\xac\xb9\x77\xee\xab\xda\x3b\x4a\x21\x14\x01\x70\
\x90\xb7\x51\x7b\x01\x00\x20\xdc\xaa\xab\xea\xef\xd3\xde\x50\x2a\
\xa1\x09\x00\x4f\x62\x9d\x22\x92\xd1\xde\x01\x00\x08\x27\xcf\x78\
\x52\x5d\x5b\xf3\x4f\xda\x3b\x4a\x25\x34\x01\x70\x53\xfb\x59\x3d\
\xc6\x4a\x28\x6e\xcc\x00\x00\x54\x9e\x9a\xc4\xf8\xdd\x61\xb9\xfc\
\x2f\x12\xa2\x00\x38\xc8\xac\xd5\x5e\x00\x00\x08\xa7\x44\x7c\xec\
\x1a\xed\x0d\xa5\x14\xaa\x00\x58\xd6\x31\xed\x01\xb1\xf2\x3b\xed\
\x1d\x00\x80\x70\x89\xc7\x6a\x33\x53\x33\x53\xbe\xa3\xbd\xa3\x94\
\x42\x15\x00\x22\xc6\x5a\x63\x57\x68\xaf\x00\x00\x84\x4b\x5d\xd5\
\xc4\x3b\x92\x5b\xcf\xcf\x6b\xef\x28\xa5\x90\x05\x80\x48\x5f\x9d\
\xe9\x10\x91\x5d\xda\x3b\x00\x00\xe1\x10\x8b\x56\xe7\xe3\xd9\xe8\
\x7f\xd5\xde\x51\x6a\xa1\x0b\x80\x55\xab\xa6\xe7\x8c\xc8\x72\xed\
\x1d\x00\x80\x70\xa8\xab\x9e\xb4\x69\xdd\xd6\x85\xc3\xda\x3b\x4a\
\x2d\x74\x01\x20\x22\x52\xfd\xc6\xc0\x6a\xb1\xf2\x1b\xed\x1d\x00\
\x80\x60\x4b\xc4\xea\x86\x13\xd9\xe8\x57\xb5\x77\x94\x43\x28\x03\
\x20\xb9\xf5\xfc\xbc\x11\xf9\x9a\x88\x58\xed\x2d\x00\x80\xa0\x32\
\x32\xb6\xe6\x7d\x37\x84\xf1\xd5\xbf\x48\x48\x03\x40\x44\x64\x59\
\xc7\xf4\xc7\xad\x48\x87\xf6\x0e\x00\x40\x30\xd5\x56\x1f\xf3\xf2\
\xfa\x87\x5a\xbe\xa7\xbd\xa3\x5c\x42\x1b\x00\x22\x22\x31\x4f\xbe\
\x25\x22\xbd\xda\x3b\x00\x00\xc1\xe2\x79\x71\x5b\x6b\xea\xbf\xa8\
\xbd\xa3\x9c\x42\x1d\x00\xff\x73\xc3\xf4\x3d\xd6\xda\x45\xda\x3b\
\x00\x00\xc1\xd2\x50\x77\xdc\xf2\xb6\x9f\x5d\xf5\xac\xf6\x8e\x72\
\x0a\x75\x00\x88\x88\xac\xe8\x38\xf7\x1e\x2b\xf2\x23\xed\x1d\x00\
\x80\x60\x18\x5b\xf3\xbe\xdf\xb4\x3f\xbc\x68\xa9\xf6\x8e\x72\x0b\
\x7d\x00\x88\x88\x0c\xf7\xd4\x7f\x53\x44\xb6\x6b\xef\x00\x00\x54\
\xb6\x78\xac\x6e\x78\x4c\xb4\xea\x02\xed\x1d\xa3\xc1\x89\x00\x58\
\xb9\x79\x6a\x46\x3c\xdb\x24\x22\xdd\xda\x5b\x00\x00\x95\x29\xe2\
\xc5\xed\xd8\xaa\xe3\x3f\xbf\xe6\xe1\x45\x4e\x9c\x2b\x9c\x08\x00\
\x11\x91\xe5\x1b\xce\x7d\xd1\xf7\xe5\xb3\x22\x32\xa4\xbd\x05\x00\
\x50\x59\x8c\x89\xc8\xf8\xba\xc9\xd7\x6e\xd8\x32\xff\x11\xed\x2d\
\xa3\xc5\x99\x00\x10\x11\xb9\x79\xd3\xf4\x27\x8d\x2f\x5f\x16\x91\
\x50\x3d\xcf\x19\x00\x50\x0c\x23\xe3\xeb\x4e\xb8\x69\xfd\xc3\x0b\
\x6f\xd5\x5e\x32\x9a\x9c\x0a\x00\x11\x91\x65\x9b\xa6\x3f\x28\xd6\
\xb4\x0a\x0f\x09\x02\x00\x88\x91\x71\x63\x26\xdf\xb1\x71\xcb\x57\
\x6e\xd4\x5e\x32\xda\x9c\x0b\x00\x11\x91\xe5\x1d\xe7\xac\xb5\x62\
\x5b\x44\x24\xa7\xbd\x05\x00\xa0\xc5\xc8\xf8\xb1\x93\xd7\x77\x6c\
\x69\xfd\x8a\xf6\x12\x0d\x4e\x06\x80\x88\xc8\x8a\xf6\x73\xdb\xac\
\x31\x5f\x14\x91\x94\xf6\x16\x00\xc0\xe8\x32\x26\x22\x13\xc6\x4e\
\xf9\x76\xfb\xc3\xad\x0b\xb4\xb7\x68\x71\x36\x00\x44\x44\x56\x6c\
\x3c\xe7\x01\x11\x7b\xbe\x88\xec\xd7\xde\x02\x00\x18\x1d\x9e\x17\
\xb7\x13\xc7\x9c\xf8\x77\x1b\x1f\xbe\xfa\x1f\xb5\xb7\x68\x72\x3a\
\x00\x44\x44\x96\xb7\x9f\xfb\xeb\x48\xa1\xf0\x09\x11\x79\x46\x7b\
\x0b\x00\xa0\xbc\x12\xb1\x31\xe9\xf1\xb5\x53\x2e\x76\xed\x86\xbf\
\xc3\x71\x3e\x00\x44\x44\xfe\xe5\xae\x8f\xee\x48\xf7\xd4\x7f\x4c\
\x44\x42\xfb\xa5\x0f\x00\xe0\xba\xba\xea\x63\x5e\x99\x58\x3d\xe1\
\x03\x2e\x7d\xd4\xef\xdd\x44\xb5\x07\x54\x8a\x95\x9b\xa7\x66\x44\
\xe4\x1b\x8b\x9b\x9e\xfa\xb9\x31\xe6\x76\x11\x69\xd0\xde\x04\x00\
\x28\x9e\xe7\xc5\x6d\x43\xdd\x71\xcb\x5d\x78\xbc\xef\x48\x70\x05\
\xe0\x1d\x56\x74\x9c\x7b\x8f\xcd\xf9\xa7\x89\x98\xf5\xc2\x47\x05\
\x01\x20\xc0\x8c\xd4\x56\x4d\xfc\xe3\xa4\x31\x27\x7d\x94\x93\xff\
\x5f\xe2\x0a\xc0\x61\xac\xe8\x9c\xf1\x27\x11\x59\xb0\x78\xde\xb6\
\xd5\xc6\xb7\xdf\x17\x91\xb3\xb4\x37\x01\x00\x8e\x5c\x55\x74\x4c\
\xba\xb6\x7a\xd2\xb7\x36\x6e\x59\xf8\x43\xed\x2d\x95\x8a\x2b\x00\
\xef\x62\xc5\x86\x73\x7e\x51\xf3\xc6\xc0\x39\x46\xe4\x5a\x11\xd9\
\xa5\xbd\x07\x00\xf0\xee\x62\xd1\xea\xfc\xb8\x31\x1f\xdc\x10\x7b\
\x5f\xba\x81\x93\xff\xbb\xe3\x0a\xc0\x7b\x48\x6e\x3d\x3f\x2f\x22\
\x3f\x4a\x26\xed\x6d\xe9\x17\x9f\x9e\x6d\x8d\x4d\x8a\xc8\x34\xe5\
\x59\x00\x87\x30\x5d\x17\x00\x00\x01\xae\x49\x44\x41\x54\x80\xb7\
\x49\xc4\xea\x86\x6b\xab\x26\xb4\xc5\xb3\xd1\x6f\xac\xdb\xb2\x70\
\x58\x7b\x4f\x10\x10\x00\x47\x28\x99\x34\xbe\x88\xdc\x2f\x62\x1f\
\x58\x3c\xf7\xe9\xd9\xc6\xfa\x0b\x45\xcc\x6c\x11\x49\x68\x6f\x03\
\x00\x17\x79\xc6\x93\x9a\xc4\xf8\xdd\x55\xb1\xda\xdb\x37\x6c\xd9\
\xfd\x6d\x91\xaf\xfa\xda\x9b\x82\x84\x00\x18\x31\x63\x57\x6c\x94\
\x07\x44\xe4\x81\xeb\x5a\xb6\x37\xc4\xb3\xf9\xcb\xad\x35\xf3\x8c\
\x91\x4f\x89\x48\x44\x7b\x1d\x00\x84\x9b\x91\xea\x78\x7d\x4f\x75\
\x55\xfd\x7d\xd5\xb5\x35\xff\xb4\xe6\xde\xb9\xaf\x6a\x2f\x0a\x2a\
\x02\xa0\x08\xb7\xac\x3b\xbb\x57\x44\xd6\x88\xc8\x9a\x64\xe3\x73\
\x75\x83\xb1\xd4\xc7\x3c\x31\x9f\x11\x91\x4f\x8a\xc8\x0c\x11\x89\
\xa9\x0e\x04\x80\xa0\x33\x46\xe2\xd1\xda\x4c\x22\x56\xfb\x4a\x2c\
\x92\x78\xa8\x10\x89\xff\xe0\xae\xcd\x2d\x2f\x6b\xcf\x0a\x03\x02\
\xa0\x44\x92\x9d\x67\x0c\x8a\xc8\x4f\xdf\xfa\x4f\x6e\x68\xec\xaa\
\xb7\x31\x7b\x8a\x88\x37\x55\xc4\x9e\x22\x62\xa6\x8a\xd8\x13\x45\
\xa4\xf6\xad\xff\xc6\xbd\xf5\xff\xb8\xd6\x66\x00\xd0\x64\x8c\x27\
\xc6\x44\x6d\xd4\x44\xf3\xe2\x79\x05\x4f\x22\xf9\x68\x24\xd6\x1d\
\x89\xc4\x5f\x8d\x78\xb1\xdf\x79\x26\xf2\x94\x17\x8b\x6c\x69\x7b\
\xe0\xaa\xdd\xda\x5b\x01\x00\x00\x00\x00\x00\x00\x00\x00\x00\x00\
\x00\x00\x00\x00\x00\x00\x00\x00\x00\x00\x00\x00\x00\x00\x00\x00\
\x00\x00\x00\x00\x00\x00\x00\x00\x00\x00\x00\x00\x00\x00\x00\x00\
\x00\x00\x00\x00\x00\x00\x00\x00\x00\x00\x00\x00\x00\x00\x00\x00\
\x00\x00\x00\x00\x00\x00\x00\x00\x00\x00\x00\x00\x00\x00\x00\x00\
\x00\x00\x00\x00\x00\x00\x00\x00\x00\x00\x00\x00\x00\x00\x00\x00\
\x00\x00\x00\x00\x00\x00\x00\x00\x00\x00\x00\x00\x00\x00\x00\x00\
\x00\x00\x00\x00\x00\x00\x00\x00\x00\x00\x00\x00\x00\x00\x00\x00\
\x00\x00\x00\x00\x00\x00\x00\x00\x00\x00\x00\x00\x00\x00\x00\x00\
\x00\x00\x00\x00\x38\xe4\xff\x02\x1f\xcd\xbb\x90\xc1\xa0\xa5\x07\
\x00\x00\x00\x00\x49\x45\x4e\x44\xae\x42\x60\x82\
\x00\x00\x32\x4c\
\x89\
\x50\x4e\x47\x0d\x0a\x1a\x0a\x00\x00\x00\x0d\x49\x48\x44\x52\x00\
\x00\x00\xa0\x00\x00\x00\xb7\x08\x06\x00\x00\x00\x95\x1c\x55\x0e\
\x00\x00\x00\x09\x70\x48\x59\x73\x00\x00\x2e\x23\x00\x00\x2e\x23\
\x01\x78\xa5\x3f\x76\x00\x00\x31\xfe\x49\x44\x41\x54\x78\x9c\x9d\
\x7d\x7f\xcc\xad\x57\x55\xe6\xb3\x8e\xc7\x46\x9c\xce\x48\x10\x13\
\x71\x92\x4e\x66\x06\x81\xd0\x3f\x6c\x13\x12\x6f\x8c\x66\x2e\xf3\
\x87\xb9\x99\x49\x66\x6a\x35\x19\x8b\x1a\x19\x18\x07\x04\xa2\xfc\
\xa8\x02\x42\x06\x75\xe8\xd8\xa4\x9d\xc2\x28\xa2\x53\x41\x88\x4a\
\xa9\x4e\xa8\x88\x68\x6f\x22\x42\x6b\xa5\xdc\xc8\x8f\x7b\x29\xb7\
\xa5\x68\x61\x4c\x19\xa7\x61\xe6\xaa\x0d\xb9\xcc\xad\x4d\xe9\xf2\
\x8f\xf7\xbc\xdf\xac\xef\x39\xcf\xb3\xf6\x3e\xec\xe4\xcb\x79\xcf\
\xbb\xf7\x5e\xeb\x59\x6b\xaf\xf5\x3c\xe7\xdc\xef\x7c\xe7\xc6\xf9\
\xf3\xe7\xef\x89\x88\xdb\x01\x7c\x25\x33\x7f\x2b\x22\x9e\xc8\x4c\
\xac\x23\x22\xb0\x3e\xaf\xd7\xeb\x73\x00\xed\x3d\xf5\x3c\x33\xed\
\xfd\x3a\xd6\x35\x3c\xd6\xfd\xf5\x51\xed\xa9\x7e\xf8\x39\xfb\x72\
\xb1\xd6\xf5\xca\xa7\xb2\x3f\x93\x23\x17\xab\xf2\x33\xca\x95\x5a\
\x3f\x73\x86\x6c\xbf\xc6\xd1\xad\x55\xb1\xab\xfc\x2a\xfb\x7b\xf6\
\xce\x9f\x3f\x9f\xc5\xe8\xfd\x00\x5e\x01\xe0\x2e\x67\xbc\x4b\x0c\
\x83\xea\x0e\x6d\x74\xb8\x6a\x6e\x36\x29\xa3\xa2\x9e\xf5\xc3\x49\
\x1d\x1d\x8e\xf3\xd9\x61\xb5\x07\x33\x68\xb0\x19\xec\x7c\x0e\xec\
\x4b\xe1\x3d\x34\x6e\x9e\x63\xbf\x23\x1f\x9b\x7a\x33\x22\xae\x04\
\xf0\x91\x88\x78\xd5\xba\x21\x33\x51\xaf\xd7\xcd\x23\xa6\x73\xc1\
\x57\x30\xd5\x36\xaf\x5f\xe7\xdc\xde\xae\x7b\x77\xb1\xc8\x42\xa8\
\xbe\xbb\x51\xe7\x57\x2c\xaa\x98\x3b\x7c\x75\xde\x35\x8a\xb3\xeb\
\x18\xa4\xda\xe2\xeb\x75\x2f\xc7\xe9\x1a\xb1\xda\xef\x94\xc2\x15\
\x18\xe7\x49\x3d\x77\xe7\xb0\x8e\x2d\x6f\xda\x39\xb9\x11\xc0\xb7\
\x65\xe6\x03\x00\xde\x07\xe0\xcb\x2a\x38\xd7\x55\xbc\xa6\x2b\x1a\
\x95\x20\xd7\x7d\xa3\x4e\xe3\xb9\x8e\xa1\x95\x4d\x87\xcd\x61\xed\
\x98\x84\xb1\x3a\x46\x53\xc3\x15\x9f\x6b\x7e\x8e\x87\x8b\x4b\xad\
\x53\x7b\x54\x8c\x1c\x6f\xb5\xad\x9a\xa3\x6b\x48\x1e\x11\x81\x0d\
\x80\xf7\x73\x60\x00\x2e\x03\x70\x7d\x44\xfc\x7a\x44\x3c\x18\x11\
\x2f\x8a\x88\x8d\x63\x2b\xd7\x41\x23\x99\x53\x49\xa9\xc0\x5d\x90\
\x5d\xf0\x8a\xb9\xd6\x39\x97\x04\xc5\xca\xcc\xc4\x5c\x74\xae\xf8\
\x14\xf3\x71\xec\x6a\x3d\x0f\xd7\x20\x2a\x2f\xac\x4c\xcc\xaa\xca\
\x3e\xdf\x57\x4d\xe1\x9a\x92\x59\x53\xe5\xae\x6b\xfa\xba\x76\x13\
\x11\x0f\x72\xe0\xe4\xf4\x19\x00\xde\x99\x99\xbf\xed\x12\xa5\x64\
\x84\x81\xa9\xc0\x38\x09\xae\xdb\x15\x13\xb8\xe2\x73\x2f\x05\xf8\
\x9e\x63\x47\x77\x58\xa3\x35\xcc\x0c\x23\x7b\x2c\x71\x2e\x26\x55\
\x50\x6e\x0d\xdb\xee\x62\xe9\x58\xb8\xf3\xb5\x3e\x2a\xf6\xac\x31\
\x70\xb3\xa9\xeb\x88\xc0\x26\x33\xaf\x71\x85\x42\x81\xff\x40\x66\
\xde\x96\x99\x3f\x1a\x11\x57\xd4\x4e\x57\x01\xab\xa2\xab\xf7\x15\
\x18\x97\x34\x25\x09\x8a\x59\x78\xcf\xa8\x98\x2a\x56\xc7\x4a\x0e\
\x9b\x62\x85\x91\xdc\xb8\x3c\xd7\x7b\x8a\x71\xd8\xa7\x62\x6d\xd7\
\x90\x4a\x2d\x54\x7c\xa3\x7c\x39\xe5\x52\xcc\xec\xf6\xab\x78\xe3\
\xfc\xf9\xf3\x7b\x3b\x94\x54\xd0\xb8\x04\xe0\x16\x00\x37\x46\xc4\
\x45\x95\xb4\x11\xbd\xab\xc0\x14\x33\x1e\x12\x10\xe3\x56\x45\xaf\
\xd6\xb2\x1d\x97\x0b\x9e\x57\x73\xae\xd1\x5c\x93\xa8\xfd\xaa\x90\
\xbb\xbc\x28\x06\x1c\xad\x57\xb9\x53\xf1\x33\x5e\xde\xc7\x73\x2a\
\x56\x67\x3b\x62\x79\x0d\x68\xd9\xa7\x61\x95\xa7\x00\x78\x03\x80\
\xfb\x32\x73\xeb\xba\x83\xbb\x4f\x75\x5b\x65\x40\x65\xc3\x05\xcf\
\x3e\xaa\x2d\x65\x83\x19\x57\xd9\xa2\x18\xf7\x1e\x47\xb2\xe5\x18\
\xd2\x31\xa8\x93\x28\x5e\xdb\xc5\xa0\xfc\xb8\x9c\xaa\x7b\x35\x77\
\x33\x76\x39\xde\x3a\xc7\x0c\xaf\xe6\xd8\xe6\x06\x62\xb8\xc5\x62\
\xfc\x53\x00\xf7\x64\xe6\xbf\x8f\x88\x13\xdd\x01\xb1\x7d\xee\x3a\
\x15\x10\xef\x51\x85\xc1\x3f\x07\x60\x3f\xe6\xa7\x93\x2c\x75\x88\
\xf5\x3e\x1f\x22\x27\x5c\xd9\x55\x4c\xa1\xfc\xba\x78\xd4\x3e\x15\
\x8b\x1a\x23\x56\x1c\x11\x91\x2a\xe0\x75\x5f\x3d\x9b\xae\xa9\xd7\
\xb9\x4d\x44\xbc\x5f\x05\xa0\x3a\x41\x01\x8e\x88\x13\x11\xf1\xeb\
\x00\xee\x8d\x88\xdb\x32\xf3\x0a\x06\xc4\x9d\x4e\xfb\x8f\xd9\xaf\
\x85\xa8\x40\x57\x9c\xea\xe0\x3b\xc9\x53\x09\x50\xb8\xd8\x07\x27\
\xd5\xb1\x9d\xc2\xdd\x49\x65\xc7\x38\x8c\x67\x24\xbd\x1c\x4f\x17\
\xb7\x3a\x67\x57\x64\x9d\x5c\x3b\x1b\x2a\x4e\xc6\xb9\x5e\x6f\x32\
\xf3\x41\xb7\xd9\x15\xa5\x1a\x99\x19\x00\xae\x8b\x88\xcf\x02\xf8\
\xe7\xca\x71\x77\x30\x1c\x6c\xc7\x0c\xae\xcb\xea\x3e\x55\x84\x2e\
\x71\x3c\xaf\x0a\x79\x54\x48\x1c\xaf\x8b\xa9\x2b\xd0\x6a\x43\xc5\
\xa3\x8a\x42\xf9\xe1\x18\x5d\x91\x2a\xac\xae\xf0\x94\x3d\x35\x94\
\x9a\x29\x3b\xeb\xd8\x00\xb8\x46\x25\xc9\x25\xb8\x03\xb7\x9b\xff\
\xc6\x88\xf8\x30\x80\xff\x00\xe0\x07\x01\xec\x2d\xee\x24\x8e\xd7\
\x19\x1f\xb6\x31\x3a\x6c\x4e\x22\xab\xbf\x8e\x3d\x18\xff\xa0\x21\
\x5b\x1c\x4e\x92\xb8\x09\x98\x5d\x15\x26\x6e\x16\x66\x25\xc7\xbc\
\xaa\xb9\x14\xf6\xae\x51\xf9\x9e\x3a\xd7\x0e\x77\xdc\x7f\xff\xfd\
\xc9\x8b\xf9\xba\x0b\x86\x87\x48\xc6\x19\x00\x2f\xcf\xcc\x4f\x75\
\x0c\xc3\xbe\x54\x22\x8c\x7d\x9b\x30\xc5\x5a\x9d\x5c\x28\x0c\x0a\
\x87\x2b\x9a\x43\xf2\x38\x8a\xa5\xcb\x07\xe7\x91\x87\xf2\x35\x33\
\x0e\x39\x0b\xd7\x7c\xb3\x98\xd7\xc7\x8d\x5a\x54\xc1\x28\xa7\xea\
\xb1\x29\xae\x13\x99\xf9\x71\x00\xdf\xef\x18\x86\x81\x3b\x1a\x57\
\x92\xea\x58\xb9\x7b\xe9\xe0\x18\xcc\x49\x9f\x63\x2b\xbe\xa7\x0a\
\x42\x49\xf9\xa8\x11\x15\xd3\xb3\xbf\x6a\x7b\xb4\x86\xf3\xb0\x5e\
\xf3\x3d\x55\x3c\x1c\xab\x62\x4e\xc7\xa2\x4a\x45\xf9\x0c\xb7\x7c\
\x53\x25\x97\x0d\x1f\xd2\x75\x3b\xdb\x1b\x00\xef\x8e\x88\xe7\x64\
\xe6\xff\x01\xf0\x5b\x00\x2e\x75\xd2\xc0\xcf\x3b\xf9\x77\x01\xba\
\xa4\x2a\x1b\x5c\x20\xaa\x01\x1d\x73\xb1\x8d\x2e\x3f\x9d\xdc\xa9\
\xfd\x87\xd8\x74\xb6\x66\x72\xa6\xf0\xd4\xb9\x43\xd8\x50\x35\x59\
\xbd\xae\xcf\x37\x00\xde\xaf\x02\x58\x0f\x43\x15\x88\x0b\x44\xb1\
\x4e\xb9\x77\x79\x66\xbe\x39\x22\x6e\x8d\x88\xcf\x64\xe6\xf7\x71\
\x80\x2a\xc8\xee\xc0\xba\xe0\x55\x71\x3b\x3b\x8c\xc1\x75\x2f\xfb\
\xe8\x8a\x9b\x19\xd4\x15\x01\xfb\x1c\x49\x1b\xdb\xed\x18\x6a\x5d\
\x57\x7f\x14\x49\x28\xa6\xab\x8f\xbc\x86\x59\x53\x9d\x3f\xdb\x72\
\x0a\xb7\xc9\xcc\x07\x99\x8e\x39\x41\x4e\x3a\xd4\x5a\x06\xac\xc0\
\x60\x79\x97\x7c\x07\x80\x9b\xea\x7e\x0e\xb2\x26\xb3\x0b\xda\xf8\
\xd8\xbb\x56\xd2\xa7\x7e\xd4\x3e\x95\x1f\xe7\xcb\x0d\x8e\x43\xd9\
\xeb\xf2\xa6\x24\xdb\x0d\xc6\xad\x9a\x92\x25\x58\x35\x73\x7d\x54\
\xe7\xef\xd4\x62\x5d\x57\xe3\x51\x8d\xbd\x8d\x88\x6b\xaa\x13\x0e\
\x9a\x0d\x3a\x2a\x76\xf2\x51\xe7\xf8\x1a\xc0\xab\x33\xf3\xf2\x88\
\xf8\x04\x80\xdf\x8b\x88\x0b\x8e\xf9\x94\x4f\x55\x98\x75\x4d\xc7\
\x3a\x2a\x5e\x55\xd4\x8e\x35\x18\x83\x63\x45\xf6\x71\xe8\x1e\x5e\
\xcf\x71\x8d\x8a\x53\xf9\x71\xf6\xd4\xf9\x29\x3b\x6a\xaf\xcb\x5f\
\x17\x43\xe6\xf2\xef\x80\xcf\x51\x89\x52\xc9\x76\xac\xd7\x05\xee\
\xd6\xed\x6c\x6d\x00\xbc\x14\xc0\x3b\x32\xf3\x2f\x32\xf3\x35\x11\
\x71\x99\x63\x0a\xbe\x3f\x0a\x50\x25\x46\x61\x1f\xc5\xc8\xbe\xab\
\x2d\xf6\xd3\x31\x8a\xb2\xc3\x73\x8c\xc5\x61\xef\xe4\x5e\x35\xa9\
\x5b\x33\xdb\xa4\xa3\x26\x61\x5b\xea\xac\x94\x8d\x4d\x9d\x50\x01\
\x71\xd0\xea\x1e\x5f\xbb\x7b\x4a\xfa\x8a\xff\xa7\x02\xb8\x39\x33\
\x3f\xa4\x82\xef\xba\xb8\x93\x61\xc7\xa4\x4a\x12\x38\x49\x4e\xea\
\x54\xae\x46\x36\x3b\x46\xe7\xa2\xed\x0a\xc4\xe5\x5f\xed\xe3\x9c\
\x28\xb9\xec\xce\xcc\x35\x7b\x17\xaf\x6b\x68\xc6\xb3\xc6\x7d\xec\
\x77\xc1\xa3\xae\x60\xc7\x7c\x5d\xf7\xaa\x80\xd8\x87\x29\x94\xef\
\xc9\xcc\x3b\x01\xfc\x58\x44\x3c\xd7\x61\x62\xc6\x51\x72\xc2\x92\
\xe1\x18\xbc\x5e\x1f\x22\x85\x8e\x15\x67\xf7\xf3\x1c\xdb\x70\x87\
\xeb\x98\xce\x9d\x09\xfb\x70\x45\xa1\xf2\xd4\x15\xa1\x23\x2e\xc6\
\xc4\x84\x53\xd7\x1f\x7d\x22\x5a\x75\x3e\x0f\x77\xd8\x6e\xdd\x8c\
\x1c\xd5\x3d\x65\xfd\x29\x00\xb7\x02\xf8\x34\x80\x5f\x8e\x88\xa7\
\x2b\xf0\xaa\x11\xd4\x3a\x85\x69\xc4\x5c\xea\x90\x95\xcc\xaa\xe4\
\x8e\x24\xae\xda\x71\x0d\xac\x8a\x40\x31\x71\xf5\xe9\x14\x8c\xd5\
\xc6\xb1\x68\x57\xfc\x6a\x3d\x3f\x77\xcd\xcc\xd8\xea\xfe\x0d\x80\
\x07\x5d\x21\xac\x1b\x66\x58\xa1\x4b\x12\xb3\x11\x83\x56\x45\xb5\
\x7b\xdc\x02\x78\x19\x80\xcf\x45\xc4\x3f\x72\x07\xe5\x64\xa5\xfa\
\x57\xf7\x79\x38\x09\x65\x16\x6d\x1a\xc7\xc6\xad\xee\x8d\x18\x63\
\x46\xfa\x5c\xe3\xb9\x38\xbb\x62\x50\x45\xe3\x8a\x90\xed\xba\xe6\
\xe7\x66\x64\xfb\x9b\xd8\xbd\x0b\x76\xdd\xe3\x0c\x31\x10\x25\x87\
\x9d\x7c\x28\x9f\x75\x2d\xd9\x7b\x1a\x80\x8f\x45\xc4\x4b\x32\xf3\
\x54\xd7\xcd\x2a\x49\xce\xdf\x21\x05\xa7\xe4\x97\x6d\x55\x4c\x8a\
\x79\x99\xf5\x3a\x95\xa9\xb9\xe2\xe6\xe5\x75\xaa\x89\x9d\x9a\x75\
\xcc\xcc\x4c\xc9\x7b\x38\x6e\xd5\x78\x1d\xbb\xca\x5c\xab\xdf\x05\
\xb3\xa1\xee\x9e\x72\xc6\x7b\x5c\x27\x39\xf9\xe1\x00\x85\xfd\xd3\
\x11\xf1\x4a\x00\x9f\xe3\xc2\x57\x87\xeb\x1a\x48\x1d\x86\xc3\x3b\
\x5a\x33\x92\xc9\x0e\x5b\xcd\xc5\xa1\xb9\x1a\x15\x94\xda\xeb\xf0\
\x29\x1c\x23\xcc\x9d\x4f\x97\x0f\x96\x60\xab\xfd\xb5\x5b\x9d\x5c\
\xb8\x3d\xd5\xae\x0b\xde\x05\xa6\xd6\xd3\xbd\x53\x99\x79\x5f\x66\
\x7e\xa7\x0b\xae\x4b\xf8\x4c\x23\xb1\x5c\x70\xe7\x3b\xe6\xab\x76\
\xdd\xc1\xbb\x1c\x3b\xb9\x54\x32\xc6\x32\xad\xce\x87\x59\xb3\xb3\
\xeb\x86\x63\xea\xea\xd3\xb1\x5b\xf5\xe7\xec\x6d\x78\x41\x05\xc7\
\x06\x58\xbf\x5d\x62\x5c\xc0\xca\x57\xf7\x58\x83\x63\xbf\x11\x71\
\x59\x44\x7c\x10\xc0\x4f\x64\xe6\x8f\xa1\xfc\x5e\x5b\x1d\x8a\x93\
\x06\xf5\xbc\x3b\xd4\xfa\xc8\xf2\xc8\xb9\x73\xcd\xe0\x0a\x83\x6d\
\x77\xcf\xd9\x9e\xbb\xe7\xe2\x52\xb9\x51\xac\x77\x48\x83\xb9\x73\
\xeb\x6a\xe2\xe8\x77\xc1\xca\x51\xf7\xe8\x58\xb1\x93\x0a\x2e\x30\
\x67\x97\x13\xc3\x3e\xca\xfd\xa7\x47\xc4\x7f\x8b\x88\x5b\x33\xf3\
\xe3\x99\x79\x52\x25\x48\x1d\xb8\x7a\xde\x49\x9f\x6a\xcc\x3a\xaf\
\x7e\xd8\x8f\x3b\x10\x75\xdf\xad\x71\xec\xeb\x70\x30\x8b\x73\x51\
\x75\x6c\xd8\xc9\xa7\x2a\x48\xbe\x76\x39\xaf\x36\x8e\x7e\x17\xac\
\x16\x39\x66\xec\x98\x90\x83\x55\x81\xd4\xbd\xea\x70\x39\xc1\x6a\
\xad\xb0\x79\x15\x80\x8f\x64\xe6\xcb\x5c\xd2\xd4\x61\x38\x56\x53\
\x87\xa7\xf2\xa2\xf2\xc4\xd7\x2a\x8f\x6c\x4f\xe5\xd7\xe5\xd2\x91\
\x45\xd7\x64\x33\x8d\xdd\xe1\x74\x79\x74\x0d\xe6\xd6\xb0\xdd\x2d\
\x80\x6b\x9c\x13\xc5\x1e\x2a\x19\x1c\x9c\x03\x3f\x92\x22\xa6\x7f\
\x65\x57\x75\x71\xb5\x97\x99\x6f\xc9\xcc\x2b\x22\xe2\x7f\x66\xe6\
\x7b\x00\x5c\xec\xf0\xcf\xc6\xa4\x86\x6a\x3a\xbe\x76\x6c\xa5\x8a\
\xd3\xd9\x63\x5c\x5d\xb3\x2b\x7c\x9d\x02\x8c\x9a\x53\x35\xc3\x21\
\x39\xea\xe6\x22\x62\x79\x17\xac\xba\x5a\x25\xc1\x75\x61\xd7\xa5\
\xce\x9e\x0a\xb0\xf3\xeb\x24\x4d\x25\xac\xac\x7d\x24\x33\xdf\x88\
\xe5\xb3\x88\x4f\x76\xb1\xcc\xc4\xa9\xfc\x2b\xbc\x6c\xa7\xcb\x41\
\x9d\x53\xfb\x5c\xac\xce\xae\xb3\xef\x1a\xa4\xfa\xec\x72\xc1\xfe\
\xba\xbd\x5d\x11\xb3\x8d\x4d\x35\x50\xbb\x8b\x3b\x54\xb1\x06\x07\
\xc3\x1d\xa1\x0e\x8d\x87\xf3\xcb\xc1\xf1\x9c\x93\x42\xc2\xf0\x8c\
\x88\x78\x27\x80\x77\xb1\x2c\xb8\xee\xed\x0e\x9f\xd7\x77\xcc\xa2\
\xec\x30\x83\xb3\x5f\xc5\xec\x0a\xa7\x9a\x63\x3f\x8e\x2d\x6b\x3c\
\x8a\xf5\x38\x2e\x67\xc3\x49\xaf\xc2\x55\xef\xf3\xdc\x96\x93\xc3\
\xc6\xab\x11\x97\x20\xd7\x51\xbc\x4f\x31\x0a\xef\x71\x72\xd2\xf9\
\xaa\xfe\x38\x31\xbb\xb5\x3f\x12\x11\x5f\x0f\xe0\x6e\x00\x77\x66\
\xe6\xc3\xca\xa7\x92\x64\x85\xaf\xda\x77\xf1\x2a\x8c\x8e\x89\x46\
\xb9\x69\x18\xbe\xf5\x57\xd7\x74\x0d\xa8\x70\xba\xfd\xaa\xc8\x3a\
\x82\xe1\x79\xce\xd3\x26\x33\x4f\xbb\x8a\xad\x9b\xb8\x23\x1c\x18\
\xb6\x31\x53\xcc\xae\xa8\x47\x4d\x51\xd7\xf2\x7e\x0a\x38\x32\xf3\
\x3a\x00\xbf\x1a\xcb\x97\x31\xbd\x19\xc0\xe5\xea\x20\xeb\xf3\x6e\
\x28\x99\x53\xea\xc0\x2c\xd9\xe1\x65\x86\x70\x92\xa9\x0e\xb4\xae\
\x53\x39\x1b\xa9\x87\x9a\x53\xd2\xc9\x31\xb9\xf3\x75\xb1\x70\xfd\
\x6c\x22\xe2\x1c\x1f\xb4\xa3\xdf\xee\x50\x5c\xc1\x30\x18\x27\x2d\
\xae\x4b\x5c\x62\x1c\x1b\x29\xf6\xa2\x64\xaf\x5f\x2b\xf2\x09\x88\
\x6f\x86\x50\x32\xc1\xd8\x66\x0e\x81\xf1\x3b\xdc\x4a\xf6\xd4\xf3\
\x0e\x9f\x2a\xfc\x8e\x54\x54\xc3\x29\x3c\xaa\x98\xdd\x39\xaa\xa2\
\x73\xbe\x2a\xbe\x0d\x80\x53\x3c\x51\xab\x94\x1d\xab\xe2\x70\x9d\
\xc6\x40\xea\xb5\xea\xdc\x4e\x9e\x55\xb0\xf5\x3e\x17\xc5\xa8\x38\
\x23\xe2\xd9\x00\x3e\x9a\x99\x3f\x9e\x99\x27\x54\x4c\x1d\x13\xaa\
\x84\x77\xcc\xa1\xae\x19\x1b\xe7\xc3\x0d\x77\x06\xa3\x26\x56\x31\
\xf0\x7a\xe5\x67\x66\xa8\xc6\x54\xbe\xf6\xd4\x61\xfd\x76\xac\x99\
\xd7\x30\xeb\xba\x2e\x59\xa3\xe7\x5d\x60\xaa\x83\x47\xaf\x79\x46\
\x32\x3d\x29\xe1\x99\x99\xb7\x47\xc4\x4f\x03\xf8\x5f\x35\x0f\xd5\
\x06\xe3\x57\x6b\x46\x73\xb3\xf7\x5d\x91\x75\x58\xf8\x9e\xb2\xd5\
\xc9\x79\x9d\x77\x35\xe0\x6c\x75\xb1\x55\xfb\x6c\x67\xe3\x92\x51\
\x17\xd6\x1f\x66\x1b\xc7\x94\x6c\xcb\x31\x94\xa3\x6c\x97\xc0\x7a\
\x6f\xa6\x43\x79\x5d\x65\xae\x62\x2f\x22\xe2\x3a\x00\x9f\xcd\xcc\
\x7f\xcc\x89\x63\xb9\xad\x0a\xd1\xf9\xad\x98\x3b\xb9\x63\x6c\xec\
\x83\xd7\xa9\x5c\xba\x83\xee\xee\xcd\x14\xa3\x63\xf5\x43\x14\x4c\
\xe5\x60\x8d\x6f\xef\x6b\x77\x39\xc0\x43\x5e\x5f\x74\x34\x6e\x0e\
\x7e\x0f\x30\x27\x73\x64\xb3\xe2\x75\xf6\x2c\xfd\x53\x42\x00\x5c\
\x1e\x11\xf7\x62\xf9\x26\x87\xeb\x72\xf9\xbe\x9b\x3d\x9b\xea\x1e\
\xc7\xe9\x70\x28\xe9\xae\x36\xba\x03\x57\x79\x33\x2f\x2f\xf6\x8a\
\x99\x8b\x55\x35\xba\x9a\x67\xa6\x63\xdf\x1d\x7b\xab\xdc\xf0\xfd\
\x0d\x80\xd3\x9c\xd4\xfa\xa3\xba\x94\x8d\x29\xb6\x50\xec\xa7\xd6\
\xcf\x8e\x4e\x42\x3b\x96\x61\xdc\xce\x46\x49\xf8\x15\x99\xf9\xb6\
\x88\xb8\x0d\xc0\x9f\x02\xb8\x5a\xd9\xe1\x43\x52\x05\xe0\xb0\xa8\
\xe2\x77\x0c\xc6\xc5\xea\x98\xdf\x91\x85\xc3\xa0\x62\x72\x6b\x95\
\xaa\x29\x1c\xa3\x86\x54\x45\xba\x01\x70\xce\x15\x50\x35\xd0\xc9\
\xad\xea\xee\x8e\xe5\x38\xd0\x8e\xc2\x15\x63\xb8\x03\x51\xcc\xc0\
\x2f\x21\x54\xc2\xd8\x7f\x79\xfe\x5d\x58\xde\x2d\xff\x6b\xe5\xcb\
\x25\x56\xb1\xcc\x08\x83\xcb\x9b\x8a\xd9\x35\x36\xe7\x95\x87\xca\
\xaf\x8a\x49\x35\x54\xf5\x3d\xf2\xa1\xf2\x5f\xf7\x1e\x93\x60\xec\
\xde\x05\xab\x20\x5d\x97\xaa\x62\x62\xb0\x8a\xf5\x14\xb5\x77\x92\
\xe3\x92\xeb\xd8\x42\x1d\xae\x92\x29\xe5\xbf\xda\xa2\xc7\x0d\x80\
\xdb\x01\xbc\x0e\x8b\x34\x5f\x86\x66\xb8\x03\xea\xe4\x57\xe5\xcc\
\x35\x0e\xc7\xa0\xf2\xd0\xe5\x42\xe1\xec\x30\x57\x7b\x7c\x7e\x8c\
\x67\x24\xbd\x4a\x19\x8e\xbd\x0b\x66\xbd\x57\xd7\xa3\xc7\xea\xdc\
\x05\xe9\x40\x2b\xd9\x72\x05\xd6\xed\xed\x02\xee\x92\xaf\xe2\x10\
\xb1\x3f\x14\xcb\xbb\xe5\xdf\x55\x98\x55\x0e\x47\xb6\xeb\xe8\xe4\
\xb8\x23\x82\x2e\x9e\xce\x96\x8b\xf3\x10\x5b\xce\x1e\x0f\x55\x23\
\xf2\x2b\x7a\x6b\x40\x7c\xdd\x01\x5e\xef\x8d\x8a\xaa\x02\x51\x8c\
\x50\xf7\x75\x18\x98\xb1\x3a\xcc\xdc\xb1\xca\x96\x4a\x90\xb8\xf7\
\xcc\xcc\xbc\x23\x33\xff\xf3\x08\x97\x3a\xbc\x11\x33\xa9\xfb\x15\
\xc7\xac\x4d\x15\x77\x13\x53\x7b\x26\x0a\x9f\x63\xe6\x8a\x67\xa4\
\x70\x99\xcb\x57\x73\xc8\x24\x28\xba\x76\xdd\xaa\xc0\xaa\x40\x67\
\x6d\x39\x16\x51\xc1\x72\x40\xa3\x66\xe1\xd8\xd4\xbc\xca\x81\xb0\
\xfb\x7a\x00\x4f\xcb\xcc\xf3\x11\xf1\x3f\x00\x5c\x18\xac\x97\xcc\
\xcc\xd8\x55\xa3\x76\xac\x54\xef\x39\x36\xef\x58\xd3\x35\xb1\xca\
\xa5\xb3\xa3\xe6\x47\x92\xbe\xae\xd9\x64\xe6\x69\xd6\x77\xa7\xe5\
\xfc\x7c\x54\xe9\x5c\x98\x9c\x94\x7a\x5f\x25\xa1\x06\x3b\x53\x1c\
\x4e\x56\x46\xf8\x2b\xb6\xfa\x53\xf7\xaf\x6b\x0a\xc6\xaf\xcb\xe5\
\xc3\xaf\x6f\x07\xf0\x17\x00\x5e\x03\xe0\xb2\x4e\x1e\x19\xa3\x3b\
\x24\xd7\x28\x4a\x69\xba\x73\x53\xf8\x39\x3e\x37\xb8\x10\xeb\x1e\
\x97\x7b\x55\xd0\xdc\x24\x6c\x63\x03\xe0\x1c\x27\x97\x0d\xab\xa4\
\x38\x07\xdc\x05\xdc\xdd\x8e\xda\x55\x11\x39\x36\x55\xf4\xaf\xe6\
\x3a\xc6\xe3\xd1\x25\x97\x0f\x97\xb1\x64\xe6\x53\x33\xf3\xe6\x88\
\xf8\x7d\x5e\x33\x92\x2f\x8e\x9b\xfd\x70\x8c\x9d\xe2\x8c\x9e\x8f\
\xce\xd2\xe5\xd4\x49\xb3\xca\x87\xca\xa1\x22\x80\xf5\xde\x26\x96\
\x6f\x21\xd8\x9b\x50\x85\xc4\x09\x53\xa0\xeb\x70\x0c\xa8\xf6\x77\
\x1d\xc3\xd2\xc5\x3f\x8e\x49\xea\xa1\x3a\x49\xe9\xb0\xb2\x5f\x57\
\x1c\x65\xcd\xf7\x02\xb8\x33\x22\x5e\x91\x99\xcf\xed\xf0\xb3\xdf\
\x8e\x31\x5d\xae\x0f\x21\x05\x67\xcf\x31\x61\x97\x2b\x8a\x79\x4a\
\x75\x94\x8d\xcc\xf4\x9f\x88\xe6\xc3\xeb\x80\xb9\xbd\xb3\x7b\x3a\
\x3b\x0c\x5c\x15\x83\xea\x7a\xc6\x50\xf7\x2a\x4c\x87\x0c\xb6\xaf\
\xd8\x26\x33\x9f\xc0\xf2\xf5\x22\x6f\x8a\xdd\xd7\xce\x39\x96\xe2\
\x18\x39\x4e\x97\x8b\xba\x96\xe7\x66\xe2\x77\x67\xd4\xe5\xc8\xed\
\x9f\xc1\xa2\x1e\x37\x1d\x83\xb0\x61\xd7\x15\xcc\x46\x95\xbd\xd4\
\x5a\xb5\x77\x54\xb4\xae\x60\xba\x64\x39\xd9\x64\xcc\xfc\x53\xe7\
\x79\xbd\x1b\x82\x2d\xb7\x11\xf1\x32\x00\x0f\x00\xf8\x06\x67\x73\
\x7d\x74\x4c\x37\x13\x27\xdb\xe5\x33\x70\xac\x37\xeb\x47\x29\x42\
\xf5\xe5\xd4\xac\x53\xce\x75\xdd\xa6\x3e\xa9\x46\xd5\x62\x06\x6a\
\x64\x68\x28\xab\x2a\x08\x55\x84\xaa\xa8\x55\xe1\xb2\x34\x73\xa7\
\x8f\x64\xc6\x49\x6b\xc7\x92\x1d\x2b\x91\xff\x6f\xc9\xcc\x4f\x02\
\x78\x25\x80\x53\x7c\x28\x6e\xaf\x63\x3f\x57\x88\xb5\xd0\xd4\x1e\
\xd5\x60\xd5\x8e\x3a\xff\x8a\xa3\xfa\x70\xcd\xd8\x15\x2f\x63\x59\
\xc7\x26\x22\x4e\x77\xf2\xa7\x82\x55\xeb\x66\x28\xbc\x63\x50\xb6\
\xa7\x98\x42\xd9\x9a\x91\xb3\xba\xa7\x16\x80\x3a\x0c\xe7\x77\xd4\
\x6c\xbc\x87\x8a\xf0\xb9\x00\xde\x02\xe0\x4e\x00\x7f\x90\x99\xcf\
\x74\xcd\xc6\xb1\x29\x36\x73\xd8\x66\x48\x82\xef\xbb\x35\x1c\xb3\
\x2b\x78\x26\x02\x5e\xaf\x08\xa0\x3e\xdf\x00\x38\xe7\x1c\x2b\x56\
\x51\x41\xba\x80\xb9\x40\xb9\xa3\x54\x90\xca\xc7\x28\x11\x9c\x04\
\xc5\x18\x4a\x5a\x9d\x2c\x75\x32\xd9\xb1\xb8\xf3\x4b\xfe\xfe\x55\
\x44\xdc\x9f\x99\xdf\xa1\xe2\x72\xf1\x2b\xf6\xa8\x18\x95\x52\x38\
\x86\xad\x71\xb1\x1d\x37\x38\x0e\x57\x0b\x8e\x71\x39\x5f\xeb\xf3\
\x6d\x66\x9e\xea\x40\x55\xe3\x23\xc9\x51\x2c\xe4\x0e\x4c\x3d\x77\
\xb2\xe0\x98\x4a\xc9\x0d\x27\x9d\x65\x7b\x86\x61\x3b\x26\x64\x3b\
\xee\xfe\x40\xa2\x2e\x03\xf0\xa1\xcc\xbc\x31\x22\xfe\x5f\x66\xde\
\x9a\x99\x5f\x9d\xf1\xdd\x31\x3f\xef\xe9\xe2\xea\x5e\x7e\xa8\xdc\
\x8a\x18\x6c\xbe\xd5\x3a\x9e\x3f\xf2\x73\xfe\xfc\xf9\x54\xc6\x66\
\x8a\x52\xd1\x78\x27\x97\xa3\xa4\x74\x41\xb0\x9f\x91\x3d\x57\xa4\
\x23\x3b\xb3\xfb\x67\xf3\xc1\xc3\x60\x39\x9b\x99\xaf\x8e\x88\xbb\
\x14\x1e\xe5\xb7\x3b\xe8\x51\x11\x38\x1b\x1c\x7f\xc5\xdb\x16\x11\
\xf9\x9e\xc9\xf7\x7a\x7f\xc3\x13\x55\xdb\xd5\x60\x99\x73\x01\x33\
\x00\x25\x93\x4a\xd2\x98\xde\x15\x16\x9e\x77\x78\xba\xa2\x61\x96\
\x61\x3c\x4a\x7a\x55\x7c\x4a\xf6\x5d\xfe\x9a\xb9\xab\xb1\x7c\xad\
\xc8\x8b\x5c\xe1\x75\x8c\xc7\xb1\x3b\x9c\x7c\xaf\xb3\xe3\x58\x98\
\x5f\x2a\xd4\x9c\xcd\xaa\x42\x8d\x67\x3b\xda\xdc\x81\x73\x6c\xd1\
\xe9\xfe\x48\x3a\x3b\xe6\xe0\xb5\x6e\xbe\x62\xe3\xeb\xd1\xbe\x8a\
\xdb\x75\x77\xb7\xa6\xf3\xe1\x5e\x0e\x14\x7b\xbf\x92\x99\xff\x2c\
\x33\xbf\x04\xe0\x5d\x00\x2e\x2a\x5b\x2e\x47\x3c\xef\x0e\x7f\x76\
\xb8\xb8\xbb\xbc\x2a\x62\x51\xcd\xb3\x5e\x1f\xfb\x44\x74\x57\x38\
\x6a\x8d\x1a\x8a\x11\xd6\x47\x66\xbb\xee\xd0\xab\x3f\xd5\x20\xae\
\x21\x54\xd7\x2b\xdb\x8e\xc1\x94\x94\xa9\xf8\x2a\x36\x37\xcf\xf7\
\x54\x2c\xe4\xf7\xb2\x88\x78\x43\x44\xfc\x22\x80\x3f\x8f\x88\x17\
\x45\xc4\x86\x6d\xa9\xc1\x05\xa2\x9a\x47\xe5\x45\x8d\x2e\x6f\x5d\
\x33\xf2\x1a\xb6\xc7\xb8\x32\xf3\xf8\xef\x82\x95\xd4\x54\x67\x1d\
\x5b\xb2\x13\x05\x9a\xe7\x15\x70\xc7\x32\x33\xdd\xec\x0e\xa1\x5b\
\xcb\x78\x38\x0f\x9c\x0b\x77\x6f\xa4\x20\x4a\x7e\xaa\x0f\x91\xff\
\x67\x64\xe6\x3b\x01\xfc\xb2\xca\x05\xdb\x57\x45\xdf\xc5\x5f\xef\
\xcd\x9e\x1d\xdb\xee\xec\xa9\x86\x57\x45\xbc\x8d\xf2\xbb\xe0\xae\
\xf3\xd9\x71\xc7\x64\x6c\xaf\xb3\xe1\x58\x49\xd9\x70\x45\xe8\x24\
\x9d\xf7\x8f\x1a\x67\x76\x8f\x8b\x69\xd4\x48\xd5\xb6\x63\x7b\xe1\
\xf3\x25\x11\xf1\x4d\x99\xf9\x67\x99\x79\x47\x44\xec\x7d\xad\x88\
\x6a\xd8\x81\xcd\x63\xa3\x93\x75\x15\x53\x57\x7c\xfc\x9c\xcf\x67\
\xef\xcc\xd7\xef\x88\x56\x60\x15\xdd\x56\x03\x1d\xd5\xce\xbc\x0e\
\x50\xe0\x55\x91\xb3\xbd\xd9\x02\x51\x89\x1d\x15\x6a\x17\x57\x97\
\x23\xc6\xdf\x15\x73\x97\x67\x85\xb5\xcc\x5f\x02\x70\x0b\x80\x1b\
\xb1\x7b\x7d\x38\xc2\xab\xec\xa8\xb5\x1d\x06\xb5\xb6\x3b\x0f\x65\
\xcb\xed\xd9\xf0\x02\x67\x80\x87\x73\xa2\x1c\x76\x6b\x1d\x7b\xaa\
\xd7\x21\x6a\x9e\x65\x4c\xe1\x70\x98\xd8\x47\x17\xab\xda\xe3\x24\
\x86\xfd\xd6\xbc\xba\xa6\xe6\xbd\xa6\x89\x9f\x92\x99\x6f\xc8\xcc\
\x3f\xc9\xe5\x6f\x99\x8f\x9d\x1b\xcb\x9c\x63\xc2\xfa\xa3\xe2\x52\
\x7b\xea\x50\x39\xe0\x18\x54\xde\xf8\x7c\x22\x76\x1f\x46\xa8\x13\
\x5d\xf7\xaa\x80\x15\x40\xbe\xa7\x92\x3b\x0a\x90\x31\x71\xc0\x8c\
\x8b\x93\xc6\x73\xaa\x58\xd4\x01\xf1\x3a\x37\x54\xf7\x77\x32\xa4\
\xb0\x76\xf9\x18\x30\xfe\xd5\x11\x71\x6f\x2e\xff\x76\x78\x82\xf7\
\xd7\x33\x72\xd8\x39\x56\xc6\x33\x8a\x8b\x7d\x38\xa2\xe1\x7c\xd5\
\xf9\xcc\xe5\x4d\xc8\xe9\xee\x60\x18\x94\x03\xec\xf6\xaa\xa1\xba\
\x95\x81\xd5\xb5\xbc\x57\xe1\x53\x45\xe3\x92\xd9\x31\x03\xfb\xaf\
\x36\x5d\xa3\xb9\xee\x56\x76\x47\x05\xee\x8a\x43\xe4\xfd\x04\x80\
\xff\x9a\x99\xf7\x02\xb8\x2d\x33\xbf\x8d\x19\x93\x31\x72\x6c\x6e\
\xdd\x0c\xc1\xd4\x78\xba\xf3\x67\x1b\xcc\xfc\x9b\x88\x38\xc7\x06\
\x2b\x50\x06\xc2\x92\xe7\x0e\xcd\x49\x5f\x9d\x53\xc5\xda\x15\x4b\
\xd7\x59\x5d\x51\xf2\x5e\xd5\x44\x6a\x6e\xc6\xf7\x6c\xb3\x74\x71\
\x39\x8c\x2e\x3f\x74\x26\x01\xe0\xba\x88\x78\x30\x33\xbf\x99\xcf\
\xc3\x61\x54\x18\x78\x0f\x37\x03\x17\x9b\x2b\x50\x2e\x48\xc5\xe2\
\xeb\xbd\x0d\x96\xff\x73\xc3\x26\xb0\x1a\x54\x49\xe2\x75\xa3\xb9\
\x51\x51\x70\x70\x1c\x18\x07\xd4\xc9\xa0\xea\xcc\x0e\x8f\x8b\x55\
\x1d\x16\x37\x65\x7d\xac\x87\xc5\xbe\x66\xe4\xbd\xfa\x60\xdb\x8c\
\xa7\xe0\xfa\x87\x00\x3e\x95\x99\xd7\xe7\xf2\x5d\x88\x31\x53\xc0\
\x5d\x81\x70\x33\xba\x7c\xb8\x86\x52\xbe\xf9\xba\xfd\x5d\xb0\x3a\
\x24\x9e\x77\xc5\xf7\xb5\xb2\x8a\xf2\xe3\x9e\xbb\xe2\xe1\x39\xc7\
\x36\x0e\xb3\xba\x76\x4c\xaf\xe2\xe0\xf5\x33\xf9\x70\x87\xcd\xc3\
\x35\x02\xef\xcd\xcc\xbb\x23\xe2\x55\x00\xce\xaa\xb3\x55\x38\x39\
\xde\x51\xb3\x3b\xc9\x1f\xc5\x75\x4c\x82\x19\xc8\x48\x52\x99\x5a\
\xbb\x64\xf0\x7e\xc7\xa4\xec\x43\xcd\x0f\xba\xdf\xae\xe5\xfb\x9c\
\x7c\xee\xf4\x43\x93\xaa\xb0\x33\xce\xd1\xda\x4e\xba\xbb\x38\x06\
\x45\xfa\x2f\x32\xf3\x13\x00\xfe\xa5\x5c\x34\xf0\xeb\x98\x57\xc5\
\xa1\x1e\x15\x83\x32\xfe\x55\x82\x5b\xb6\xe8\x0a\x53\x01\x72\x12\
\x5b\x03\xec\xa4\xcd\xd9\x66\xf0\x0a\x77\xc7\x6a\xca\xc6\xea\xbf\
\xeb\x70\xc6\xcd\xf1\xf1\xa1\x29\x9c\xa3\xf8\xea\xfe\xaf\xa5\xc8\
\x79\x5f\xd9\xbb\x01\xf0\x7b\x58\xbe\x56\xe4\x27\x63\xf9\x18\xd8\
\x9e\x4f\xbe\xa7\x72\x5c\x1f\x67\xc8\x63\x96\xa9\x8f\x3e\x11\xcd\
\x0b\xd5\x21\x75\xcc\xc3\xeb\x47\xaf\x75\x1c\x83\x76\x07\xa0\x82\
\x70\x07\x59\x1f\x47\x6c\xc6\xb8\xb9\xa8\xf8\x5a\x15\x3b\xc7\xa5\
\x9a\xcb\x35\xa7\x8b\x8b\x6d\xb8\xc6\x75\x6c\xb3\xc3\x71\x39\x80\
\x5f\x00\xf0\x56\x00\xf7\x03\xf8\x3e\x97\x0b\x75\x5f\x31\x22\xfb\
\x74\xfe\x39\x0e\x25\xe7\x9b\xcc\x3c\xc7\x85\xa6\x5e\x23\x74\xc9\
\x52\x49\x31\xc9\x38\x66\xc7\x75\x9f\xb2\xe5\x58\x82\xd9\xc9\x49\
\xaa\xda\xab\x70\x73\x0e\xaa\x9d\x4e\x52\x1c\x1e\xc6\xe1\xe4\x4c\
\x0d\x66\x60\x27\xc5\x9c\x9f\x86\x7d\x9f\x09\xe0\x8e\xcc\x7c\xad\
\x6b\x20\x85\x8d\x6d\xab\xf5\x8e\x94\x78\x1d\xe3\xdd\x46\xc4\x29\
\x95\x4c\x55\x2c\xaa\x82\x1d\xb0\x51\x82\xd9\xce\x21\xb6\x39\x38\
\x67\x43\x31\x6a\x97\x2c\x97\x78\x15\x0f\x37\xa9\x63\x6f\x2e\x3c\
\x85\x7f\x94\x6b\x5e\xef\x30\x8e\xd6\x95\xc2\x7c\x33\x80\x2b\x22\
\xe2\xf3\x99\xf9\x1b\x11\x71\xc1\x61\xa9\xf7\x5c\x13\x71\x6e\x95\
\x12\xd6\xf5\xc7\xce\xa8\xfe\x7f\xc1\x2a\x59\x7c\x5f\x39\x9d\x29\
\x3e\x57\x60\x2a\x69\xce\x87\xba\xaf\x12\x33\xb2\xc3\x18\x55\x62\
\x67\x0b\xc0\xf9\xea\x70\xf3\x9c\xc3\xe4\x62\x74\xcd\xed\x18\xc7\
\xc5\xb6\xbb\xf7\x28\x96\x82\xfc\xa5\xcc\x7c\x5c\xd9\x73\x45\xd7\
\x35\xce\x08\xff\x3a\x7f\xec\x57\x71\xec\x54\x6d\x70\xf3\x2e\x81\
\x2c\x4b\x0c\x8a\x13\xc6\xcf\x5d\x50\x5c\x70\x33\xb6\x14\x46\xf5\
\x52\xc0\xc9\xa8\x63\xcf\x6a\xaf\xae\x19\xc9\x55\xc7\x8c\xea\x70\
\x55\x5c\x2b\x46\x87\xb3\x3e\x9a\x26\x7d\x6a\x66\xde\x9c\x99\xbf\
\xc3\x98\x5d\x9e\x5d\x4d\xf0\x23\xc7\xa3\x9a\x67\xa3\x5e\x2f\x70\
\xf2\x5d\xe1\x28\x20\xaa\x28\x47\xf2\xc8\x60\xdd\xe8\x3a\xae\xfe\
\xa8\x44\xb2\x0f\x57\x1c\xbc\x5e\xc5\xa9\xd6\x3b\x09\xef\x8a\x91\
\xb1\x57\x5b\x7c\xad\xce\x69\x84\x59\x9d\x21\xef\x2d\x6b\xfe\x6d\
\x44\xdc\x09\xe0\x7a\x00\xcf\x75\x7b\xba\x18\x6a\xcc\x1c\xbb\x23\
\xb0\x4d\x66\x1e\xfb\x44\xb4\x2b\x20\x0e\x94\x8b\xae\x02\x62\xf0\
\x5d\xf0\xd5\x47\xb5\xef\xf6\xaa\x83\xe8\xa4\x97\x0f\x82\xd9\x4e\
\xc5\xa3\xe2\x62\x5f\xae\xf1\x54\x7c\x6a\xcf\x4c\xac\x8c\x51\xc5\
\xd4\x31\x74\x67\xbf\x92\x40\xc1\x75\x2a\x33\x6f\x02\xf0\x69\x2c\
\x1f\x84\x7d\x5a\xb5\xe3\xec\xbb\xf8\x94\xba\x70\x5e\x8e\x3e\x11\
\xcd\xa0\xdc\x50\x15\x3f\x2a\x30\x37\xa7\x64\xae\xe2\x50\x92\xa6\
\x58\xd0\xc9\xf1\x48\x32\x39\x66\x25\x75\xaa\xbb\xab\x0f\xf6\x39\
\xc3\x1a\x23\x3c\x35\x2f\xaa\xb9\x46\xac\xa7\xe6\xea\xfe\x7a\xad\
\x72\x15\x11\x5b\x00\x2f\xcb\xcc\x4f\x01\xf8\x7a\xb6\xcf\xe7\x56\
\x9f\x2b\xfb\x9d\x72\x6d\x22\xa2\xfd\xbb\x60\xee\x36\x57\x34\x2a\
\xc8\xae\x1b\x39\xf8\x51\xb2\x54\x70\xca\x1e\x17\x25\x17\x31\xc7\
\xc6\xac\xef\x18\x5c\x31\xa3\xea\x6e\xce\xcf\xa8\x20\x1d\xe3\x2a\
\x79\x77\xf2\x3c\x3b\xb8\x91\x54\x8c\x84\xe3\x9f\x60\xf9\xe2\x82\
\xd7\x61\xf7\x5d\xe2\x23\x16\xaf\xb6\x18\xbf\x8a\xeb\xd8\xbb\xe0\
\x9a\x88\xee\x91\xd7\x73\x90\x4e\x12\xd9\xbe\xdb\xe7\x6c\xab\x80\
\x14\x7b\x29\xac\x4e\x1e\xbb\xd8\x9c\xfd\x7a\x9f\x87\x3a\x9c\x2e\
\xae\x43\x73\x3c\xb2\xa9\x72\xe1\xfc\xa8\x1c\x77\x67\x0f\xe0\x03\
\x11\xf1\x9a\x5c\xbe\x27\xfb\xa0\x33\x70\x58\x37\x6a\xc2\x75\xb9\
\x62\x13\x75\x08\x8a\x86\x47\xf2\xee\x8a\x4d\xb1\xd7\x4c\xf7\xab\
\x64\x8c\x70\x3b\x2c\x35\x2f\x4a\xea\x79\xee\x90\x1c\xb9\xc2\xee\
\xe6\x95\x0f\xf6\xa3\xe4\xd8\x31\x3c\xfb\x6b\xec\xfd\x1b\x2c\xbf\
\x4d\x79\x96\x8b\x4f\xb1\x7f\xd7\xb8\xdb\xae\x20\x14\xa8\x8e\x2d\
\x5c\xd2\xba\xae\xeb\xa4\xd1\x25\x5b\x15\x88\x63\x86\x11\x6b\x39\
\x09\x54\x45\xeb\x58\x94\x9f\x77\x0c\xd3\x35\x77\xbd\xa7\x64\x97\
\xe7\xeb\xbd\x99\x73\xa8\x38\x55\x51\xd6\x7d\xae\x78\x73\xf9\xd3\
\xd1\x8f\x02\xb8\x19\xcb\xbf\x21\xfe\x5a\x66\x3e\x09\x1a\xca\x8f\
\x7a\x3c\xfa\x44\x34\x2f\xee\x82\x50\xb4\xdd\x25\xbc\x3a\xe4\x24\
\xd5\x75\x9d\x8c\x74\xb2\xee\xe4\x46\xed\x53\x31\x28\x05\x70\x71\
\x56\x3c\x33\x2c\xea\x58\xdc\xe1\xa8\xb6\x15\x76\x75\x56\x8a\xa1\
\x67\x1e\x9d\x7d\x55\x2c\x84\xf3\xe9\x99\x79\x23\x80\x5f\xcd\xe5\
\x13\x37\x27\x39\x47\x8c\x57\xf9\x8b\xd8\x7d\x22\xba\x76\x5a\x4d\
\x02\x83\xe0\x43\xef\x28\x9d\xef\x75\x01\xab\xc2\xe9\x18\x90\x31\
\x56\x5f\x35\x0e\xd5\x48\x23\x09\xe3\xbd\x2a\x81\xaa\xe1\x66\x1a\
\xd5\x61\xaf\xeb\x95\x0d\x57\xbc\x1d\x8b\xd5\x6b\x47\x2e\x23\x9f\
\xae\x79\x29\xb6\xab\x23\xe2\x23\x00\x5e\xa0\xf6\x8e\xd8\xfe\xe8\
\xdb\xb1\x46\x52\xc8\xac\x44\x20\xe4\x7e\x2e\x28\x5e\xab\x98\xce\
\x15\x2f\xfb\x98\x65\x47\xb6\xdb\x25\x5f\x15\x93\x8a\x5b\xed\x75\
\x92\xec\x72\xa7\x72\xc1\x71\x77\xaa\xe1\xf2\xa6\xf0\x74\x05\xea\
\x14\xca\x35\x0f\x5f\x97\xf8\xde\x91\xcb\xf7\x62\x7f\x39\x22\xde\
\x0e\xe0\xa2\x8a\x71\x8f\x05\xd5\xbb\x60\xb7\xb8\x5b\x33\x4a\xa0\
\x2b\xae\xee\x70\x94\xed\x51\x67\xba\x79\x6e\xa4\xd9\xb8\x5c\x9c\
\x0e\x9f\xc3\xe1\xf6\x39\xc6\xa8\x6b\x3b\x9f\x75\x8d\xb2\xe5\x94\
\x69\x66\x3f\x8f\x6e\x0f\xdd\x7b\x04\xc0\x1b\x33\xf3\xdd\x11\xf1\
\xa4\xf2\xbd\xfa\x38\xfa\x5d\xf0\x48\x9a\x38\xf8\x19\xaa\x57\xf2\
\xcc\x81\xd4\x80\xea\x75\x95\x42\x65\xa3\xb3\x55\xe7\xdc\x7e\x27\
\xd1\x1c\xa7\xc3\x36\x52\x03\x95\x8b\x2e\xc7\xbc\x6e\xe4\x53\xdd\
\x73\x2c\xc6\x67\xec\xf0\xba\xdc\x31\x0e\xb6\x21\x9a\xe2\x19\x99\
\xf9\xce\x88\xb8\xb9\x53\x34\x00\xfe\x7f\x4a\x72\x1b\xd4\x41\xcd\
\xb0\x9b\x2b\xa0\x4e\x5e\xeb\x50\x1d\x34\x2a\xbe\x8e\xb5\xd8\x77\
\x27\xa7\xce\xbe\xb2\xa9\x8a\x4f\xc5\x50\xfd\xba\x46\x75\x78\x5c\
\xdc\x8e\x00\x3a\xec\xce\x46\xad\x8b\xae\x21\x3b\xdf\x99\xf9\x4a\
\x00\xdf\x9a\x99\xf7\x01\xb8\x2d\x76\x5f\x2b\x72\x8c\x01\x51\xbe\
\x1d\x6b\xc4\x54\xdc\x7d\xeb\x3d\x97\x64\x57\x7c\xaa\xe8\xb9\xbb\
\x2a\x1e\xf6\x57\xed\x56\x5b\x9d\xe4\x28\xbf\x8a\x4d\x78\xaf\x5a\
\xcf\x39\x19\x1d\xa8\x92\x29\x15\x97\x1a\x9d\xed\xea\x63\x5d\xab\
\x48\xa1\xae\x71\x2c\x36\x3b\x38\x47\x83\x73\x0c\x00\xd7\x61\xf9\
\x44\xf6\x83\x99\xf9\xe6\xcc\xfc\x07\xd5\xc6\xd1\x27\xa2\xf9\x50\
\xbb\x20\x14\x20\x2e\x36\x77\x70\xaa\x28\x55\x41\xd4\xe1\x8a\x7c\
\xa6\x20\x66\x24\xdc\x25\x92\xd7\x71\xdc\xae\x11\x55\xb1\xb1\x4d\
\x2e\x70\x65\x47\x49\x5c\xf5\xcb\x67\xc5\xcd\x58\xf7\xa8\x38\xd5\
\x99\x31\x6e\xa5\x34\x33\x39\x65\xfc\x11\xf1\x94\x88\x78\x03\x80\
\x3b\x33\x33\x56\x1c\x47\x9f\x88\x56\x0c\x34\x5b\x40\xaa\x08\x15\
\xf0\x43\x0a\x9b\xfd\x8d\xe6\x46\x72\x3b\x4a\x1a\xaf\x71\x2f\x1f\
\xba\x5c\x8c\xf6\x28\xd6\x76\xac\x3f\xdb\xa4\x2c\xf9\x33\x52\xad\
\xb0\xbb\x7b\x1d\x46\xbe\xe6\xf5\xa6\x70\xbf\x07\xc0\xbd\xb1\xfc\
\xb7\x66\x1f\xde\x02\xb8\x8a\x17\xab\xce\x53\x89\x70\x49\x70\x85\
\xc7\xeb\x14\x70\x55\x04\x2e\x21\x0a\x97\x4a\x4a\xb5\xc7\x45\xe2\
\x0e\x74\xe6\x20\x9d\x7f\xc6\xc9\xec\xa6\x9a\x9d\x73\xa0\x30\xd6\
\x38\xdc\x73\x35\xa7\x8a\xc8\xb1\xb5\x22\x13\xb6\x3f\x2b\xdb\x8d\
\x62\x9e\xc8\xe5\xab\x44\xbe\xb0\xf7\xff\x05\x77\x0e\x5d\xd2\x38\
\x90\x6a\xab\x26\xc1\x01\x64\x1b\x5c\x28\x4a\x22\x67\x1a\xa6\x93\
\x45\x57\xe0\x8c\x97\x6d\xab\xf5\x0e\x87\xc2\xca\xcf\x55\xec\xea\
\xb1\x53\xa8\xea\x9f\xa5\x79\xb4\xbe\xc6\x5c\xd7\xb9\x73\x75\x6b\
\x39\xbf\xca\xc6\x6e\x5c\x02\x70\x43\x44\x3c\x27\x33\x6f\xdf\xb2\
\xd1\xae\xf8\x66\x98\xce\x31\x8a\x4a\xc2\x8c\xe4\x29\xdb\x9d\x3f\
\x35\x1c\xe3\xaa\x39\x2e\xfc\x6a\x5b\x61\xe8\x58\xb0\xc3\xce\xc5\
\xaf\xd8\xbf\xfa\xee\xe4\xb4\xee\x51\x7b\x47\x6c\xde\xc5\xa9\x9a\
\x73\x14\x23\x63\x8e\x88\xcc\xcc\xdb\x01\xfc\x26\x96\x0f\x33\x3c\
\xbc\xce\x6d\x73\xf9\x44\xf4\x29\x0e\x42\x81\x9b\xa5\x5e\x17\xac\
\x2b\x38\xc7\xb2\xdd\xe1\x72\x23\x30\x76\xe7\x4b\xd9\x70\x89\x55\
\xec\x3d\x23\xdf\x6e\xb8\x97\x22\x7c\xf0\xae\xa9\x5c\x31\x76\xb2\
\xac\x7c\x3a\x3b\x4e\xaa\x55\x73\xa8\x3a\x51\x76\x77\xd7\x1f\x8e\
\x88\x17\xf0\xba\x88\xdd\x27\xa2\xab\x54\x72\x60\x8d\x8e\xef\xad\
\xa9\x5d\x3d\xea\x60\x17\x14\x17\x55\xb5\xa1\x24\xbd\xde\x6b\x12\
\x60\xe5\x87\xe7\x14\xe3\x3b\x99\x66\x3c\xae\x60\xbb\xfc\xad\xfe\
\xab\x0d\x27\xb5\x4e\xd6\xba\xbc\xbb\x1c\xa8\xe2\x57\xcd\xab\x62\
\x1d\xe5\xb1\xdc\x7b\x04\xc0\x8b\x01\x7c\xaf\xc3\x6e\xdf\x05\x77\
\xdd\xed\x98\xa6\xdb\xeb\x6c\xf1\xc1\x32\x40\x37\x5c\xd7\x73\xd2\
\x54\x91\xb3\x0f\xb6\xa5\x0e\x77\x06\x93\xcb\x85\x3b\x5c\x5e\xeb\
\x7c\x77\xeb\x1c\x9b\x76\x31\x3a\x1f\x8c\x6f\xc4\x90\xa6\x18\x2f\
\x01\xb8\x25\x22\xee\xc9\xcc\x8f\x46\xc4\x45\xde\x57\xf7\x6f\x33\
\xf3\x2a\x27\x0d\x64\xd8\x4a\xcc\x68\x4f\x5d\xd3\x15\x9c\x0b\x58\
\xb1\x22\xfb\x75\xfe\x38\x59\x5c\x9c\x4e\x32\x55\x81\x33\x2e\x97\
\x1f\xb5\xaf\x2b\x26\xe7\x77\x24\x71\x0a\x83\xb2\x35\x92\x64\x15\
\x13\xaf\x75\x04\x24\xc6\x5b\x01\xbc\xd1\xd9\xa9\xcf\x23\x02\xdb\
\x3a\xc1\x8b\x5c\xd7\xab\xc0\x95\x0c\x8e\x0e\xd7\xed\xad\xfb\x1d\
\xcb\x29\xd6\x9e\x61\x5c\xc7\x0a\x4e\x62\x79\x0f\x8f\x19\x86\x1c\
\x35\x90\xc3\x31\x1b\xcb\x28\x6f\xca\xae\xf2\xe1\xd6\x75\x7b\xcb\
\x38\x9b\xbb\xff\x6e\xcc\x91\xc2\x7a\xaf\xce\x1f\x7b\x17\xac\x12\
\xc2\xaf\x07\x18\x74\xc7\x24\x87\x30\x29\xcf\xcd\xd8\x55\x98\x0f\
\x65\x73\x96\xe6\x2e\x71\xca\xa7\x2a\x9e\x11\xbb\xba\xa6\x62\xfb\
\xae\xa8\x1d\x9b\xaa\x33\x1b\xf9\xab\xf7\x94\xfd\x41\x23\x5e\x00\
\xf0\x5a\x00\x5f\x8c\x88\x3f\xce\xcc\x27\x3b\x15\x53\x3e\xb7\x00\
\x4e\x67\xf9\x1f\x33\xd5\x18\x31\x05\x07\x3f\x62\xa5\x91\xcc\xa8\
\x22\x64\xc6\x73\x45\x38\x83\x91\x31\xf0\x1e\xde\x3b\xc9\x00\xd3\
\xf6\x15\x26\x8e\x89\x73\xa7\x94\xc9\x35\x13\x63\x77\x52\x5a\x6d\
\x8c\x08\x44\xf8\x7c\x3c\x22\x5e\x9a\x99\xef\xab\x18\x78\xa8\xf3\
\xad\xf6\xf6\xbe\x23\xba\x2b\x36\x4e\xc6\x7a\x9f\x7f\x5c\x17\x74\
\x85\xa7\xee\xa9\x22\xe3\xc4\x38\xf9\x5b\xf7\xbb\x0e\xac\xfe\x2a\
\xe3\x74\xf8\x94\x5f\x2e\xba\x51\xb1\x2a\xac\xaa\x58\x14\x56\xc7\
\x7a\x8e\xad\x3a\x06\xe6\xfc\xd6\xfb\xaa\x90\x09\xff\xef\x02\xb8\
\x32\x33\xdf\xa7\x48\x81\x63\xed\x9a\xe2\xd8\x27\xa2\x39\x40\x2e\
\x00\x55\x20\x2a\x60\x95\x3c\x75\xb0\x3c\xaf\xe4\x68\x66\x9e\x03\
\x76\xb6\xdd\x70\x45\xaa\x18\xc0\xe1\xe2\x1c\xb8\x58\xd9\x5f\x87\
\x69\xb5\xd1\xe5\x85\x7d\x38\xf9\xe5\x42\xa9\x0d\xa4\x6c\x88\xb5\
\x0f\x00\x78\x6d\x44\x3c\x06\xe0\x43\xee\x8c\xba\x18\x55\x9e\xb7\
\x11\x71\x55\x97\x90\xaf\x45\xc2\x5c\xb2\x54\x90\xec\xb3\xeb\x3e\
\x77\x4f\xf9\x77\x83\x8b\x59\xed\x71\x6c\xa9\xe2\x75\x52\xe7\x18\
\xbe\x2b\x50\x57\xc0\xdd\xf9\x38\x35\x50\xaa\xe3\x1a\x5a\xe5\x9b\
\xce\xed\x02\x80\x6b\x01\x7c\x4e\xcc\xd9\xfc\xa9\xb3\xe3\xc7\x4d\
\xc7\x0e\x1d\xf3\xa8\x00\x38\x89\xb3\xd2\x5a\x13\x65\xba\x6f\x2f\
\x50\x27\x77\x6a\xbe\x4b\x74\x97\x48\xce\x03\xaf\xe5\x79\x85\xbf\
\x62\xe1\xc3\x55\xfe\x14\x83\x39\x65\x51\x7b\xbb\x46\x57\x6c\xaa\
\xf2\x58\xce\xe4\x89\xcc\x7c\x1b\x80\x6f\x8f\x88\xcf\xa9\xe6\x70\
\xe7\xe0\x72\x54\x71\x67\xe6\xff\xff\x67\x18\x47\xd1\xaa\xd3\xd5\
\x7d\x06\x56\xe7\x38\xa9\x7c\x40\x6e\x7f\x9d\x1b\x31\xa3\x4b\xbe\
\x4a\x80\x4a\xc8\x48\x12\x9d\x7f\x95\x17\x55\x84\xca\x96\x63\x43\
\xd5\xd4\x1d\x2e\x8e\xc1\x15\xaf\xc2\x5c\x47\xb1\x71\x1a\xc0\x5b\
\x23\xe2\x8b\x11\xf1\x80\x23\x29\xc7\xc8\x2e\x27\x6a\xcf\x16\xcb\
\xdf\x05\x1f\xfb\xde\x0f\x97\x44\x07\xbc\x93\x1e\x27\x65\xcc\x0a\
\x33\x12\x3a\x62\x6a\xc7\xca\x9c\x18\x65\x4f\x25\xca\xb1\x32\xfb\
\x9c\x89\xd5\x15\x54\x97\xeb\x51\x3e\x78\xce\xa9\x87\xcb\x1b\x63\
\xdb\xad\x7b\x30\x22\xae\x01\xf0\x77\xce\xa6\x8a\x51\xe5\x44\xf9\
\xe1\xfd\x1b\x2c\x5f\x3e\x63\x3b\x42\x75\x6a\x4d\xba\x93\x90\x12\
\xd0\xb1\xfb\x5d\x32\x79\x28\x79\x76\x12\xec\x64\x4f\x15\x19\xdb\
\xac\xfb\x79\x9e\xf1\xa8\x47\x8e\xb1\xdb\xdb\x1d\x8e\x6a\x60\x65\
\xc3\x0d\x57\xe8\x9d\xcc\x17\x9f\x8f\x66\xe6\xf5\x00\xbe\x03\xc0\
\xdf\xa9\x86\x76\x0d\x3a\x23\xc1\x0a\x53\xc4\xf2\x0f\xd1\xa7\xdc\
\xe2\x11\xed\x8e\x64\xcc\x25\xd4\xb1\x89\xf2\xdd\x35\x00\x3f\xef\
\xe4\x50\x31\x55\xc7\x70\x0a\xe7\x88\xfd\x5d\xae\x54\xdc\x8c\xc1\
\x49\xfc\x8c\xfc\x3a\x7f\xa3\x7c\x01\x78\x22\x22\x6e\xcd\xcc\xf7\
\x03\x38\x8b\xe5\xcd\x86\x2c\x62\x67\x47\x49\x7c\xc5\xe6\x58\x71\
\x1d\xc7\xde\x05\xf3\x50\x9b\xba\x80\x54\x02\x5c\x00\x5d\x60\x3c\
\xef\x02\x61\x26\x52\x5d\xd9\x15\xa1\xc3\xb3\x3e\x1f\x15\x36\xe7\
\xa5\xda\x56\xb1\xa8\x9c\xba\x86\xe1\xdc\xb8\x38\xaa\x1f\xb7\x87\
\x31\x16\xdf\xef\x8b\x88\x97\x2b\x1b\x0a\xab\xb3\xc3\x73\x4a\xa9\
\x0c\xeb\x2e\xef\x82\x57\x67\x2c\x73\xec\xcc\x1d\x12\xcb\x5d\x7d\
\xee\xe4\xcc\x05\xbd\xda\x75\x85\xa0\x86\x92\x2f\xc6\xcc\xb8\x0e\
\x91\x37\x57\x34\x75\xaf\xc2\xe8\xd8\xd5\xad\xe7\xb9\x8a\x79\xe4\
\xbb\x6b\x0c\xd1\xbc\x0f\x45\xc4\xb5\x11\xf1\x83\x1c\x63\xad\x01\
\xd7\x08\xd5\xb6\xc2\xe5\x98\xb9\xae\x5b\xef\xed\xfd\x2e\x98\x8d\
\x71\xd2\x66\x0f\x4e\x25\x51\x49\x72\x27\xaf\x7c\x6f\xc4\x3e\xca\
\xbf\x92\x59\xe5\xab\x93\x59\x15\x53\xc5\xd2\xb1\x1a\x0f\x87\x55\
\xad\xef\xce\xc4\xc5\xe5\xf0\x02\xf8\x72\x44\xfc\x7c\x66\x9e\x03\
\x70\x0f\x80\xc7\x2b\x79\xd4\xf5\x33\x39\x53\x6c\xdd\xe1\xb6\x12\
\x0c\xfa\x5d\xb0\xa2\x77\x25\x47\x23\xa7\x4d\x22\xac\x9d\x4e\x1a\
\xd5\x70\x07\xc4\xd8\x94\x6c\xb1\xdf\xd1\x18\x15\x82\x93\xbe\xae\
\xf1\x5c\xce\xba\x26\xad\xf3\x07\x48\xe5\x93\x99\xf9\xb3\x99\xf9\
\x16\x95\x0f\xc5\x74\xd5\xbf\x9b\xeb\x9a\x4c\xc5\xaf\x7c\x1d\x7d\
\x22\x9a\x8b\xa1\x93\x4e\x05\xb0\x3a\x57\x3f\xd5\x76\x2d\x68\xc5\
\x6e\xb3\xb2\xd4\x49\x19\xe3\x53\x36\x1c\x7e\x17\x33\xcb\x94\xda\
\xef\xee\xd5\x7d\xaa\x68\x6b\x5c\x1d\x13\xb2\xad\xca\x62\x9c\xef\
\xdd\xba\xbb\x33\xf3\x79\x11\xb1\x57\x7c\x2e\x0f\x6e\x5e\xbd\x1c\
\xe0\x75\x9d\x2d\xc6\x0f\x60\xff\x5d\xb0\x63\x12\x45\xb7\xaa\x8b\
\xba\x6e\x74\x87\xdd\x15\xf9\xcc\x81\x74\x45\xd0\xb1\xb2\x7b\xcd\
\xe2\xd8\xc9\x15\xf9\x68\xaf\x6b\xac\x59\x9b\x2e\x26\xe5\x6f\x37\
\x1e\x8e\x88\x9f\xca\xcc\x47\x23\xe2\x8f\x72\x19\x7b\x78\x3a\xfc\
\xd5\xcf\x0c\x23\x3b\x56\x77\xca\xba\x8e\xa3\x77\xc1\x1c\xa8\x3a\
\xe0\xce\x78\xed\x90\x8e\x75\x54\x81\x2b\xfb\x6a\xbf\xc3\xa8\x0e\
\x91\xbb\xd0\xc9\xbc\x93\xc8\x91\x0d\x87\x4f\xd9\x57\x98\x3a\x6c\
\xa3\x86\xe0\xfb\x64\xfb\x22\x80\x17\x46\xc4\x47\x14\xd6\x4e\x35\
\x0e\x51\xbb\x6e\xed\x21\x71\xc8\xdf\x05\xab\xc2\xe2\x80\xbb\x51\
\x0b\xb1\x3b\x58\xc7\x7e\x55\x5e\x14\x26\xc6\xc2\x89\x19\xc9\xa2\
\x62\x81\x4e\xd2\xaa\x7f\x67\x73\xe6\xbe\x3b\x94\xce\xc6\x28\x7f\
\x65\x3e\x01\xbc\x07\xc0\xb3\xd6\xe2\x63\x1f\x8e\x1c\x66\x0b\x8f\
\xf3\x31\xc1\xc4\xf6\x65\x47\x95\x60\x19\xa8\xa3\xdf\x3a\xaf\x0a\
\xcc\xc9\x17\x83\x1c\xdd\x77\x52\xd0\x31\xaa\x93\xf8\xce\x06\x0f\
\x95\xc0\x91\x4c\x76\xb2\xeb\xd8\x46\x35\x54\x77\x88\xea\xe5\xca\
\x6e\xdd\x19\x00\x6f\x8c\x88\xaf\x00\x38\xc3\xa4\xc1\x36\x94\x82\
\xa9\x58\x78\x8f\x2a\x22\xd5\x50\x9d\x4a\xaa\x9a\xda\x46\xc4\xd1\
\xdf\x05\x3b\x43\x0c\xce\x15\x5d\x07\x44\xad\x55\xfb\x5c\x31\xb9\
\x04\xb9\x39\x87\x49\x5d\x3b\xdf\x4e\x3e\xdd\x21\xaa\x7d\xb5\x70\
\x3a\x29\xe5\xeb\xd1\xc1\xee\xc6\x17\x01\x5c\x1b\xcb\x17\x42\xda\
\x7c\x38\x9c\x2a\x06\x8e\xcf\x15\x51\x7d\xee\x72\xce\x85\xaa\xf2\
\x73\xf4\xbb\x60\x07\x66\x36\x28\x05\xc0\x05\xca\x54\xee\x8a\x58\
\x15\xb0\xb3\xa3\x64\x82\xed\x74\x72\xca\xa3\x2b\xac\xae\xc8\x19\
\xa7\x63\xe0\xca\x66\x2a\x67\x8a\xed\xca\xf3\x4b\x11\x71\x03\x96\
\xff\xd3\xed\x11\xc3\x8c\x2d\x6e\xce\x85\xc3\x53\x6d\xba\x02\xab\
\xd8\x39\x3e\x57\x78\xeb\xfc\xd1\xbb\x60\xc5\x52\xb3\x1d\xae\xc0\
\x8e\xee\x31\xb8\x51\xf0\x4e\xe2\xd4\x1a\x45\xf7\xae\x19\xd4\x21\
\x8d\xa4\x90\xaf\x5d\x7c\x23\xc6\x75\xf1\x19\x9b\x09\xe0\xf6\xcc\
\xfc\xb5\x88\xf8\x3c\xca\xd7\x5b\xb8\xc6\xef\x1a\x66\x46\x7e\xdd\
\x1e\xae\x15\xbe\xc7\x79\x50\x31\xad\x8f\xdb\xcc\xbc\xca\x81\x50\
\xc1\xb0\x63\x76\xe2\x0a\xc1\x81\x72\x92\xeb\x5e\x77\xa8\x20\x5c\
\x52\x5c\xc1\x76\x85\xac\xb0\x74\x43\x15\xe4\x88\xc9\x3b\xa5\x70\
\xd8\xb1\xbc\xd6\xfb\xe1\x28\xdf\xb9\x3c\xca\x9d\xba\x37\x8b\x57\
\xe5\x66\x64\xb3\xcb\x4d\xb5\x51\xf7\x1d\xfb\xef\x5a\x59\xda\x58\
\x36\xd8\x40\x35\xde\xc9\x8d\xea\x6c\x05\x4e\xdd\x9f\x91\x29\x2e\
\x3a\x25\xd9\xae\x69\x54\x52\xab\xdc\xd4\xe7\xa3\xc2\x75\xf6\xf8\
\xba\xda\xed\xf6\xee\x9e\xaf\x5f\x6f\xf1\xdd\x58\x7e\xa3\x21\xd7\
\x2b\xdc\x1c\xe7\x88\x01\xdd\x5a\xb6\xcf\xf1\x71\xfe\xd5\xba\x6a\
\xb7\x0e\xfb\x2e\x98\xef\x39\xb9\xac\x72\xed\x12\xc3\x45\xca\x87\
\xab\xfc\xba\x24\xac\xeb\x66\x64\xc5\x49\x64\xd7\xfd\xaa\x60\x1d\
\x73\x39\x1b\x6a\x6d\x87\x51\x30\xf3\xa5\x88\xb8\x25\x96\x7f\x44\
\xfe\x24\x80\x8b\x2e\xd7\x0a\xbb\xc3\xad\x8a\x50\x35\x66\xd7\xb0\
\xea\xcc\x9c\x5a\xb9\x26\xad\x43\xfe\x7f\xc1\x35\x19\x1d\x7b\xa9\
\x03\x51\x12\xe8\x0a\x6d\x24\x55\x2a\x09\x1d\xdb\x39\xdb\x7c\x68\
\x8e\x89\x46\x6c\xe1\x0e\x45\xe5\x42\x29\x84\x1a\x86\xf5\xfe\x3b\
\x96\xaf\xb7\xb8\x1b\xbb\xff\x6f\xc3\x9d\x83\x93\x4a\x47\x08\x4a\
\x0e\xd5\x70\x0c\xa8\x62\x73\xe7\xa5\xe2\xe4\xe2\x3f\xf6\x89\x68\
\xb7\x49\xcd\xf3\x01\x8d\x64\x9a\x8b\x67\xdd\xa7\x80\xab\x02\x76\
\xb8\x3a\xc9\x64\xdb\xdd\x61\xcd\x14\x13\x27\xb2\x93\x1f\xd7\xa4\
\xaa\x41\xca\xfa\xb3\x00\x9e\x0f\xe0\x55\x2a\xe7\x9c\xb3\xae\xa9\
\x38\x7f\x33\x0d\xe0\x88\x81\x73\xd4\xc5\xeb\x72\xa3\x70\x44\xec\
\x3e\x11\xed\x68\xd2\x49\x65\x05\x39\x92\x29\x95\x24\xbe\x56\x89\
\xe8\xa4\xaa\x0b\xd4\x5d\x2b\x3f\x0a\x87\xda\xe7\xd6\xf0\xb5\x6a\
\x4a\x1e\x82\x41\x2f\x64\xe6\xcf\x44\xc4\x43\x99\x79\x77\xd0\x9b\
\x0c\x6e\xdc\x0e\xbf\x8a\x75\x84\x81\xf1\xaf\xcf\x1d\xe1\x8c\x64\
\x5c\x35\x80\xf2\xb5\x8e\xbd\x4f\x44\x8f\xba\xbd\x1b\xea\x35\x80\
\x1b\x1d\xe3\xb0\x4f\x66\x93\xd1\x6b\x8c\x4e\x3a\x9d\x8c\x8e\x0a\
\x4e\xe1\x56\xd8\x47\xb6\x69\xdd\xe3\x00\x5e\x09\xe0\x3d\xdd\xc1\
\x3a\x66\xea\x30\xd5\x82\xa9\xf7\x18\x97\x2a\x74\x77\x7e\x6c\x73\
\xb5\xd5\xe5\x8b\xf7\xf2\xe3\xa6\x26\xc8\x15\xa2\xaa\x68\xc7\x8a\
\x1d\x03\x2a\x7b\x33\x07\xb8\x5e\x77\x0d\xa1\x0e\x9b\x3b\x56\xc5\
\xa7\x0e\x66\x16\xbf\x7b\xae\x5e\x6e\x88\x62\xfa\x60\x66\x5e\x99\
\x99\xef\x61\xbf\x2e\x07\x6a\x38\x96\x77\x0a\x35\xb2\xa1\xd8\xaf\
\xf3\x55\x87\x3a\x4f\xd7\xf0\xeb\xd8\x76\x5d\xd6\x75\xdf\x28\x31\
\x23\xc0\x5c\xcc\x33\x0c\x30\x73\x30\xce\x4e\xdd\xef\x62\x51\x72\
\xa2\x6c\xba\xf8\x26\x8a\xf5\x81\x88\xf8\x29\x00\x5f\xc1\xf2\x06\
\x63\x0f\x23\xe3\x71\xb6\x1c\x73\x2b\xac\x8a\x0d\xd5\xdc\x48\x9a\
\x5d\x8c\xeb\x7d\x55\x2f\x8a\x4d\xeb\xf5\x26\x96\xdf\x05\xef\xb1\
\x92\x32\xaa\x92\x52\xef\x33\x53\xce\xbc\x06\x60\x96\x72\x40\x9d\
\x8c\xb1\xdf\xae\xf8\x38\x0e\x57\xdc\x35\x76\x57\xb4\xcc\x18\x2a\
\x7f\xb4\xef\x6f\x32\xf3\x05\x00\xfe\x10\xa5\xf8\x94\x4d\x1e\x8e\
\x91\xbb\x73\x62\x7b\x4a\x19\x66\x25\x9d\x6d\x70\xde\xd7\x7b\xee\
\xe5\x89\x3a\x9f\xf5\xfe\x06\xc0\x39\x25\x55\xca\xb9\x3b\x44\x57\
\xf9\x2a\x98\xea\x83\xd7\xb2\x1d\x96\x5d\xc7\xce\xd5\x86\x4b\x64\
\x77\x48\x33\xcc\xab\x5e\x72\x30\x16\x13\xf3\x13\x00\xde\x0e\xe0\
\xd9\x00\x3e\x3d\xd3\xcc\x0a\x7f\x7d\xde\xa9\x8f\x63\x6a\x55\x08\
\xaa\x40\xbb\x26\x55\xf8\x5c\x9e\xba\x9c\xd4\xf9\x6d\x66\x9e\x54\
\x9d\xc4\xc5\xc8\x8c\x50\x8d\x76\xf7\x19\x2c\x27\x4a\x31\xdf\x68\
\x2f\x07\xe6\x82\xec\x9e\xf3\x7a\xe5\x5b\x25\xd1\x49\xba\xb0\x7f\
\x1a\xc0\x8d\x00\xfe\x6f\x2e\xdf\x2c\x25\x31\x77\xb2\xe5\x86\x8b\
\x45\xe5\xd2\xe1\xe7\x9c\xb1\xef\x8e\x69\xd5\x3e\xbe\x56\x4a\xaa\
\x72\xb5\xc5\xf2\xbf\xd6\xec\x05\x58\x1f\x79\xa8\x04\x1e\x7a\xe0\
\x5c\xd8\x6c\x53\xad\xe7\xc3\xe2\xa0\xdc\x3c\xc7\xc5\x8c\xa0\x0e\
\x8d\xe3\x57\xc5\xa7\xfc\xee\xf6\x3c\x04\xe0\xdf\x65\xe6\x97\xeb\
\x5a\x5e\xef\x0a\xa6\x3b\x0f\x97\xd3\x2e\xf6\xce\x6f\xd7\xbc\x3c\
\x37\x52\x1d\xce\x6f\x97\xc3\xf5\x71\xef\x7f\x4a\xe2\xc0\x58\x0a\
\xd9\x18\x3b\xe1\x6b\x35\xa7\xe4\xac\x93\xc7\xba\x9e\x29\x5e\x75\
\x70\xb5\xc7\xf8\xf9\x30\x78\xbf\x3b\x7c\xc6\xa4\xfc\x46\xc4\xa3\
\x00\xae\x07\x70\x25\x80\x63\xc5\x57\xf3\xa6\x7c\x3a\x99\x74\xf9\
\x67\x5c\x8a\x14\x5c\xb1\x8e\x62\xae\xf6\x3b\x95\x70\xf9\x65\xfc\
\x5d\xe1\x6e\x95\x51\x15\xa0\xea\x7e\xc5\x32\xae\x73\xd8\x8e\x2a\
\x02\x15\xb8\x63\xd6\xd9\x02\x76\x18\xbb\x78\x9d\x5c\x98\xb5\x4f\
\x64\xe6\xad\x11\x71\x7b\x66\x7e\x16\xc0\x05\xc5\xa6\x5d\x2c\x33\
\x31\x74\xf9\xa9\xbe\x46\x79\x18\x9d\xa1\xb3\x51\xe7\xd4\x3a\xf6\
\xa1\xf2\xce\xfb\x22\x02\xdb\x58\xbe\xd5\xfc\xa4\x3b\x2c\x97\x0c\
\x05\x84\x0b\xaa\x2b\x3c\x95\xc4\x51\x42\x14\xe3\xaa\xe0\xbb\x58\
\x46\xc9\x76\x98\x99\xc5\xca\xda\x3f\x00\xf0\xf2\xba\xde\x15\xb8\
\x3a\x7c\x95\x4b\xf6\xa3\xfc\x1e\x22\x9d\xa3\xb9\xea\xdb\xa9\xd9\
\xba\x86\xc9\x43\xd9\x76\x43\xe5\x71\x93\x99\x67\xba\x05\xf5\xbe\
\x2a\x32\x97\xa0\x0a\x58\x1d\x42\x97\xdc\xd1\xc1\x70\x50\xd5\x86\
\x4a\x86\x93\x11\xde\xa3\x24\x45\x49\xff\xee\xe7\xa1\xcc\xbc\x16\
\xc0\x35\x8e\x31\x18\x9f\xb3\xc7\x31\x76\x92\xa8\x64\xb9\xda\xe1\
\xb3\x72\x05\xc5\xeb\x55\xae\xf8\x9a\x0b\x6f\x34\x9c\x82\x54\xff\
\xdb\x88\x38\xe9\x58\x8b\x81\xb2\x11\xb5\x6e\xa6\x2b\x5c\x67\x76\
\x45\xde\x31\xa1\xf3\xe9\x0a\x71\x96\x19\x85\xed\x8b\xb1\x7c\xbd\
\xc5\x47\x23\xe2\x13\x58\x7e\x95\x26\x31\xb2\xed\xae\xc0\x66\xa4\
\xaa\xda\xe1\x7d\x8e\xc1\x55\x6e\xf8\x5a\x15\xdc\x88\x29\x55\x6c\
\x75\x9f\x3a\x7b\x26\xa5\xf5\xde\x36\x33\x4f\xa8\x2e\x70\x9d\xd9\
\x25\xcb\xdd\xe3\x83\xe9\x8a\x5c\xc9\xf0\x4c\x22\x14\x8e\xd9\x82\
\x55\x07\x23\x6c\x3f\x09\xe0\xbf\x00\xb8\x89\xed\xab\xe7\xae\x78\
\x1c\xeb\xf1\x50\x45\xc2\x8c\xe6\xd6\x8f\x1a\x58\x35\xca\x48\x3e\
\xd9\xcf\xac\x92\xb9\x66\x5f\xd7\x6d\x47\x87\xcf\x87\xc6\xa0\x55\
\xa7\xa8\xc4\xb9\x43\x56\x45\xc1\x76\xd4\x3e\xb5\x7f\x26\x89\x5d\
\x73\xb9\xb5\x99\xf9\xa7\x00\x7e\x22\x22\xce\x2a\xff\x23\x36\x59\
\xd7\x31\xdb\xcf\x60\xeb\xd6\xab\x75\xec\xd3\xed\x57\xeb\xbb\xf3\
\x9a\x51\x40\xc7\xb0\x8a\x14\xd6\xb9\xa3\x77\xc1\xce\xb9\x73\xaa\
\x58\x6c\x24\x0f\xce\x8f\x92\xca\x99\x62\xea\x12\xef\x70\x75\xb1\
\x92\xdf\x87\x01\xbc\x0e\xc0\x5f\x01\xb8\x27\x96\xff\xf3\x76\x0f\
\x63\x57\x20\x4e\x8a\x54\x7e\x27\x1b\x61\xcf\x3e\xb3\x7b\xf5\xa1\
\xd8\x7f\xa6\xa8\x15\xfe\x43\xeb\x83\x71\xa8\xfb\xc0\xf2\xcf\x30\
\x77\x01\x38\x59\x83\xe5\xc0\xd9\xd9\xc8\x31\xaf\x53\x01\xa9\x00\
\x9d\x34\x8f\x02\x72\xb6\x3a\x39\x70\x8c\xb0\x7b\xbc\x08\xe0\xc7\
\x01\xfc\x61\x27\xeb\x9d\x5a\xa8\xc2\x38\x44\xfa\x39\x47\xee\x9a\
\x73\xa4\x54\x83\xf7\x8d\x8a\x55\xd9\x57\xcc\xec\xd6\x76\x31\xf1\
\xbe\xa3\x77\xc1\x2b\xb0\xea\x70\x26\xc8\x0a\xce\x0d\x05\x5a\x15\
\x52\x4d\x44\x65\x47\x57\x74\x1d\x33\xac\x73\x1d\x36\xd1\x0c\x19\
\x11\xef\xcd\xcc\x67\x63\xf9\xd0\x80\xc4\xaa\xf0\x29\x3f\x5d\x9e\
\x54\x13\xd6\x1f\x96\xc5\xea\x87\x0b\xcb\x31\x23\x63\x56\x85\xaf\
\xb0\xb9\x38\xd4\xd9\xb8\x75\xd5\xa7\x3a\x87\xd5\xce\x36\x22\x4e\
\x56\x03\xdd\xa1\x8d\x58\xcd\x3d\x2a\xf0\xf5\xbe\x62\x06\xc7\x2c\
\x9c\x2c\x95\x94\x1a\x83\xc2\x20\x6c\x9e\xc1\xf2\x9f\xee\x3d\x06\
\xe0\xcf\x1c\x13\x3b\xe6\x75\xd8\x3a\x96\xac\xd7\x23\x16\xab\xf7\
\x3a\xd6\x54\xea\xe4\xd8\x8a\x87\x63\x56\xd5\x08\x8a\x59\x5d\xbc\
\x3c\xf8\x2c\x8e\xde\x05\xbb\x04\xa8\xc0\x3a\xb9\x73\x00\x66\xa4\
\x42\x15\x27\xdb\x1c\x15\x7a\x87\x5f\x31\x2c\x80\xbf\x8a\x88\x1f\
\x02\xf0\x05\xb5\x77\x54\x7c\xaa\xf0\xaa\xcf\xd1\x61\x39\x3f\x5d\
\x3c\x23\x5b\xa3\xf3\x1a\xdd\x67\xbb\x5d\xd1\x2a\x22\xe1\x35\xca\
\xde\x7a\xbd\xe1\xa0\x15\x0b\x72\xa2\x1d\xe8\x8e\x79\x2a\x40\x95\
\x78\x96\x1f\xb6\x39\xda\xeb\x70\xa8\x44\xec\xc6\xa5\x88\xb8\x21\
\x22\x9e\x93\x99\x5f\x70\xfb\xd4\x5e\xc5\xa4\x6a\xce\x1d\x8a\xb2\
\x31\x92\xb3\x1a\xb3\x6a\xd4\x51\xcc\x23\x1f\x4a\x2e\xb9\x48\xbb\
\x26\x51\x7e\xd8\x2e\x13\x01\x50\xfe\x19\xc6\x49\x57\x27\x8f\xaa\
\x4b\x67\x98\xa2\x0b\x60\x66\x5f\xf5\xe9\x18\xca\x34\x4c\x62\xf9\
\x7a\x8b\x5f\x04\xf0\xbf\x33\xf3\x61\xb5\xbe\x3e\x8e\xa4\x55\x31\
\xbe\xca\x9d\xb2\xc9\xb6\xdc\xf3\x99\xbc\x74\x38\x3b\x55\xea\x14\
\x4d\x91\x8d\x53\x1c\xc6\xa1\x98\x56\x9d\xcb\x16\xc0\x5d\x49\x9f\
\x09\xec\x92\xec\x0e\xbc\x2b\x4a\x97\x18\xf6\xe7\xec\x3a\x16\xa9\
\x01\x2a\xe6\x15\xeb\x3e\x99\x99\x2f\x8c\x88\xc7\x95\x2f\xde\xdf\
\x35\x4d\x27\xad\x8c\x5f\xe5\x82\x0f\x68\x02\xfb\xde\xf3\x99\x46\
\x56\xf8\x3a\x35\xa9\xf7\xd9\xaf\x2b\xc8\x8e\x60\x5c\x73\xac\xcf\
\x37\x00\xce\x74\xc5\xa7\x9e\x33\xe8\xea\x88\xe5\x76\x46\xd2\x54\
\x32\x5c\xc1\xba\x20\x9d\xad\xdd\xf5\x23\x00\x5e\x9c\x99\xdf\x89\
\xdd\xaf\xcf\x9c\x6c\x71\x1e\x38\xf6\x1a\x5f\x8d\x9f\x0f\x62\x26\
\x2e\x66\x0e\xe7\xcb\xc5\xcf\xe7\x26\xe2\xb6\x8a\x54\x1f\xbb\x35\
\x6c\x93\x63\x9e\x2d\x44\x67\x6f\x9b\x99\x27\x95\xd3\x19\xe6\x73\
\x2c\xe8\x28\x79\x54\x38\xca\xae\xf2\xaf\x6c\x88\xe6\x79\x3c\x33\
\x6f\x8a\x88\x0f\x00\x78\x00\xbb\x6f\x18\xe8\x12\xaa\x62\x72\xb1\
\xf2\xfe\x89\x26\xd8\x7b\xee\x1a\xbb\xc3\x39\x62\x4c\x95\xfb\x75\
\x54\x7f\x9c\x7f\xa5\x44\x8a\xc1\x3a\xd6\x54\x2a\x38\x22\x8f\x2d\
\x80\x13\x0a\xf0\xa8\x70\x46\x1d\xa2\x82\x51\x89\x98\x4d\x98\x0b\
\xda\xdd\xcb\xcc\x77\x61\xf9\x7a\x0b\x9b\x1c\xc6\xcf\x09\x62\x96\
\x54\x8d\xe9\x86\x92\x48\x67\x4f\xe1\x60\x5b\xbc\xbe\xe2\xef\x0e\
\xdc\xc5\x39\x53\xd4\x5d\xbc\x9c\xcf\x51\x5e\x9c\xca\x6e\x0e\x49\
\x24\x83\xe2\xe0\x14\x23\x29\x99\x51\x01\xb8\x6b\x2e\x2e\xc5\x78\
\x84\xf7\x6c\x44\x3c\x1f\xc0\x4b\xbb\x66\x51\x72\xd8\x15\x41\xd7\
\xf9\x0a\xaf\x2a\xb6\xea\x67\xc4\xc4\x55\xd6\x79\x0d\xe3\x70\xcd\
\xcb\xd7\x1d\x69\xb0\x0d\x55\xe8\xee\x9c\x3b\x22\xa8\xeb\x15\x89\
\x6d\x67\x3a\x8f\x37\xa9\xce\xe0\x02\x53\x60\x1d\x1d\x77\x89\x75\
\x36\x28\x09\x17\x00\xfc\xa7\x58\x3e\x2c\xf0\x71\x00\x5f\xe5\xe4\
\x76\x45\x38\x92\xc4\x19\x96\x77\xd7\x9d\xb4\x75\x63\xc4\x62\xae\
\xe0\x79\xce\x35\x2d\x9f\x97\xf2\xd5\x29\x95\x23\x88\x3a\x9c\x0a\
\xd4\xb1\x05\x70\x57\x44\x9c\x1c\x69\xfb\x88\x1d\x54\xe7\xcf\x24\
\xb9\x2b\xec\x51\xc7\xee\x1e\x1f\x8f\x88\xd7\x03\x78\x87\xf2\xef\
\x0a\xdc\x31\x5e\xd7\x30\x6e\x7e\x24\x59\xb3\xf3\xae\x68\x39\xc7\
\x9c\x93\x1a\xaf\x6a\x50\x15\xf7\x88\xad\x94\x9a\xa9\x78\x18\xa7\
\x22\xa4\x8e\x3d\x37\x11\x71\xec\x13\xd1\xce\x00\x07\xc9\xc3\xc9\
\x80\x92\x11\x15\xfc\x28\x79\x26\xd1\xa7\xb1\xfc\x01\xd0\x3b\x66\
\x24\x94\x7d\xb3\xed\xee\xba\x63\x37\x6e\x10\xf6\xa9\x58\x88\xd7\
\xd5\x1f\xc7\x16\x75\xad\xc2\xc5\x7b\xea\x9a\x11\x1b\x75\x31\x75\
\x7e\x3a\x96\xad\x39\x50\x18\x56\x09\x3e\xd9\x05\xa1\x8c\xcd\x24\
\xa9\x03\x5f\xef\xab\xc3\x1b\x04\xf3\x40\x44\xbc\x26\x33\x1f\xc5\
\xee\x9f\x90\xd8\x1f\x1f\x10\x17\x79\xbd\xaf\x24\xcc\xf9\xef\x62\
\x56\xb1\xce\x48\xb2\xca\x83\x88\xd9\xfa\xab\x31\xf3\x73\xd5\xfc\
\x8e\x28\x14\x43\x39\x16\xec\x6c\xb1\x6f\x66\x3f\xbe\x77\xf4\x77\
\xc1\x4e\x5a\xd4\x66\xc5\x84\x2a\xb1\xeb\xfd\x8e\xd5\x6a\x12\x38\
\x50\x91\x80\xbf\xcd\xcc\x17\x57\xd6\x56\x07\xa4\xd8\x5b\x25\x88\
\xb1\x73\x1c\xaa\x10\x47\x4d\xe8\x98\x5c\xe5\xc7\xe5\x7d\x46\x0d\
\x38\x67\x4e\xae\xb9\x18\x78\xbf\x2b\x70\x57\x88\x2a\x0f\x8c\xc7\
\xe5\x42\xe5\x61\xc3\x8b\x39\xa1\x2e\xe8\xba\xaf\x93\xb7\x7a\x5f\
\x75\x23\xdb\xa9\x7b\x0a\xa6\xf5\xeb\x2d\x9e\x15\x11\x67\x54\xb7\
\x3b\x06\xe9\x0a\x49\xc5\xc4\xd7\x8a\x45\xaa\x5f\x97\x93\xd1\xa1\
\x32\x2b\x77\x2c\xe8\xce\xa5\x63\x9f\x43\x86\x6b\xa0\x8a\x99\x65\
\x54\xbd\x04\x70\x8c\xe8\xd8\x32\x33\x8f\xff\x5d\x70\x57\xa9\xea\
\xc0\x3a\x76\x71\x89\x70\x5d\x51\xaf\x8b\xaf\xd3\x99\xf9\x26\x00\
\x17\x23\xe2\x81\x11\xc6\x7a\x4f\xe1\x65\x3c\x9d\x7c\x3b\x7c\x2e\
\x37\x2e\x0f\x1c\x97\x62\xd1\x2e\xd7\xea\xb9\x8b\x6f\x14\x8b\x3a\
\x97\x4e\xcd\x5c\x9e\x46\x6c\xeb\x6c\x73\x03\x46\xc4\xf1\x77\xc1\
\x1c\xc8\x0c\x85\x1e\x92\x28\x97\x18\xb3\xf6\xa1\x88\x78\x61\x66\
\x7e\xa9\xee\xe9\x64\x8f\x13\xc4\x71\xa8\x7d\xb3\xeb\xbb\x22\x53\
\xb6\xd8\x57\xc7\x02\x8c\xc1\x35\xf0\xa8\x21\x94\xdd\x51\xae\x67\
\x54\xaf\x8b\xab\xfa\x70\x4d\xe5\x48\x21\x73\xf9\x38\xd6\x99\xba\
\xa9\x3b\x94\x19\x90\xaa\xca\xdd\x1a\xc5\x4c\xb1\xfb\x7a\x8b\x88\
\xb8\x12\xc0\x97\x18\x30\xcb\xb4\x92\x7e\x0e\xd4\x1d\x64\x5d\x3f\
\xc3\x28\x35\x26\x25\xd5\x6c\x8b\x3b\xbf\x63\xe2\x6a\x9b\x71\xd5\
\x9c\xb9\x66\xaa\x38\xba\xa2\xae\xfb\x94\xbc\x2a\xdc\x2a\x4f\x9c\
\x03\xd5\x80\x8a\x39\x19\xfb\xb1\xbf\x0b\xee\xe4\x56\x25\x45\x55\
\x34\x83\x1f\xc9\xcd\xce\xe6\x57\xb1\x7c\x33\xfc\xbb\x00\xfc\x25\
\x80\x0b\x68\x86\xa2\x7d\xd5\x71\x2a\x39\x4e\x02\x3b\xd6\x19\x31\
\xce\xa8\xdb\xdd\x3e\x75\xdf\xe5\xd0\xe1\xe9\xce\xa2\x3e\xaf\x8f\
\xeb\xbe\x11\x51\x8c\xa4\xd8\x29\x05\xcf\x77\x6a\xb5\xcd\xcc\x13\
\xa3\xa4\xcc\xce\xcf\x76\xb6\x48\xd0\x87\x00\xbc\x62\x59\xaa\x83\
\xee\x1a\xc4\x15\xb7\x63\x03\x8e\xa3\x2b\x32\x77\xc0\xbc\x4e\xc5\
\x37\x92\x22\x75\xc8\xca\x87\x1b\x4e\xd6\x39\x36\xbe\xa7\x70\xf2\
\x7a\x57\x3c\x15\x9b\xb2\xed\x18\x5c\xb1\x6e\x66\xf9\x5d\xb0\x2b\
\x96\x6a\xa8\x02\x57\x94\xad\x12\xa0\x92\x5e\xc6\x43\x11\x71\x6d\
\x66\x9e\xca\x65\xc8\xbd\x23\xf6\x71\x07\xc9\x41\xb3\x7c\xba\xee\
\x55\x2c\xd4\x15\x67\xc5\xab\x8a\xaf\xcb\x5d\x1d\x4a\xa2\xdc\x3a\
\x17\xaf\x63\x67\x65\x43\xed\x73\x36\x54\x21\x76\x39\x77\x67\xc7\
\xb9\xb1\xef\x82\x6b\xa0\x4e\x3a\x79\x9f\xab\xf2\xba\x2f\x97\xaf\
\xb7\xb8\x21\x22\xfe\x38\x33\x3f\x93\x99\x8f\xcd\x14\xb0\xeb\xe4\
\xee\x7e\xc7\xba\x5c\x64\x75\xaf\xb2\xc7\x71\xb9\x38\x5d\x8e\x18\
\x43\xc7\x8e\x1d\xd3\x33\x36\x65\xa7\x3b\x2b\x65\xcb\xbd\xfc\xe0\
\x78\x94\x3a\x29\x1c\x2e\x0f\xaa\xb9\x36\x58\xde\x05\xcb\xc0\x78\
\x74\x4c\xa1\x82\x13\x89\x78\x32\x22\xde\x92\x99\x37\x62\xf9\xd0\
\xc0\x63\x0c\x4a\x75\xa0\x7b\x2d\xc4\xb8\x46\xcc\xed\xe2\xe9\x62\
\xeb\x18\xc9\xe5\x41\x31\x1e\x17\xc6\xa8\xd0\x98\x29\xdd\x7a\x1e\
\xaa\xa9\xba\xf5\x2a\x76\x37\x3f\x52\xbc\x8a\x5f\xf9\xae\x0c\xb8\
\x3e\x3f\xfa\xbb\x60\xc5\x08\xd5\x20\x33\x8a\xeb\x7c\x55\x24\x3b\
\xc7\x1f\xcb\xcc\xe7\x61\xf9\xd4\x4a\xcb\x9a\x1c\x74\x27\x23\xaa\
\x88\x0e\x19\x1c\xeb\xfa\xa8\xee\x97\x58\xf6\xee\x73\x0c\x4a\x4d\
\x54\xb3\x75\x87\x59\xd7\x8e\xa4\xb9\x63\x29\xf7\x52\x43\xbd\x94\
\x5a\xe3\x73\x71\x72\x33\xa9\xba\x19\xa9\x55\xdd\x23\xff\x2e\x78\
\x24\xc5\xdd\xe1\x90\xf3\x87\x23\xe2\x75\x99\xf9\x79\x2c\x8c\x97\
\xae\xe0\x54\x00\x4e\xd2\x67\x30\x2a\x6c\xca\x66\x67\xa7\x0e\xb6\
\xaf\x9a\x92\xc7\x21\xac\x35\x92\x60\x25\xbf\x75\x7d\xc5\xa3\xe6\
\xaa\x2f\x85\x4f\x9d\x83\xcb\xf9\x28\x5f\x5d\x0c\x9c\xbf\xa3\xbf\
\x0b\xee\x64\x58\x01\x51\x49\xa4\x7d\x17\x33\xf3\x55\x00\xee\x18\
\x75\x04\xdf\xeb\x02\x65\x7f\xae\x80\x67\xf1\x77\x7b\x54\x7c\xea\
\x79\xc7\x02\xaa\x30\x54\x91\xb8\x7b\x2e\x37\xca\x6f\xd7\x14\xcc\
\x5c\xbc\xc7\x9d\xa9\xf2\xe1\x86\x2a\xb6\xee\x8c\x33\x77\xef\x82\
\x15\xa5\x76\x41\x74\x12\xb5\x98\xc8\xf7\x62\xf9\x98\xd4\x1d\x0a\
\x5c\x7d\xde\x05\xce\xb8\xea\xde\x7a\x5f\xd9\xe6\x4e\xeb\x9a\x46\
\xed\x75\xc5\xcf\x05\x30\x83\x83\xed\xaa\x75\xaa\x30\x1c\x36\x57\
\x04\x33\xca\xd1\xf9\x70\xc5\x52\x31\xb2\x8d\x9a\xab\xfa\x38\x2a\
\xbc\x75\xb4\x9f\x88\x56\x09\x68\x82\x3e\x03\xe0\xd5\x11\xf1\x18\
\x80\xb3\x87\xd8\x55\xe0\xf8\xd0\xeb\x3d\xb7\x76\xd4\xd1\xab\xad\
\x4e\x96\x14\x26\x11\xab\x4d\x72\xc5\xd4\xc9\xef\xa8\x58\x78\xdf\
\xa8\x21\x0e\x29\x58\x97\x27\xf6\xdb\xf9\x77\xf6\xbb\x9c\xa9\xe7\
\x9b\x88\xb8\xab\x61\xb3\x3d\xe0\x2a\x48\x2c\x7f\xf6\xf8\x12\x00\
\x1f\xcb\xcc\xb3\x4e\x42\x1c\xa8\x4e\x1a\x54\x77\xd5\xb9\x51\xf1\
\x29\xa9\x56\xb2\xa2\xe4\x57\xb1\x5e\x97\x23\x55\x90\x2a\x5e\xc6\
\xe1\x18\x8a\x63\x74\x3e\x5d\xd1\x2b\xd9\x57\x05\xce\xc5\xe1\x72\
\xce\x3f\xae\x28\x19\x1b\xe3\xaa\xf7\x36\x58\xbe\x98\x47\xca\x5e\
\x07\x72\x77\x7d\x29\x22\x6e\xc8\xcc\x67\x45\xc4\x7d\x4c\xc9\x9c\
\x48\x57\x18\x1c\x30\xfb\x57\x92\xa7\xe6\x5d\x02\xea\x70\x85\xd4\
\xe1\x61\xbb\x8c\xc5\x31\x46\xd7\x58\xbc\x66\x24\xcd\x5d\x0e\x54\
\xe1\x55\x3c\xaa\x79\xdd\x7e\xc6\xca\x76\xf8\x3c\x9d\xc4\x57\x2c\
\xae\xc0\x33\x9b\xbf\x0b\x76\x09\x8d\x88\xc4\xf2\xf5\x16\x37\x45\
\xc4\x5f\xe7\xee\xeb\x2d\x54\xa2\x46\x52\xd7\x75\x2b\xdf\x57\x87\
\xa6\x92\xaa\x3a\xcd\xc5\xa4\xe6\x19\xa7\x4b\xaa\x4a\x68\x5d\xa3\
\x9a\xd8\xe1\x75\x85\x3a\xf2\xdb\xc5\xe0\xd6\x29\x56\x74\x76\xba\
\xd8\x5d\x6e\x67\xf3\xb9\xae\xdd\x46\x84\xfc\x44\x74\x93\xac\x73\
\x11\xf1\x1f\x51\xfe\x2b\x79\x05\xcc\x1d\x62\x17\x9c\x02\x7b\x08\
\xe3\xb9\xf9\x19\xd6\xeb\x6c\xbb\x46\xe9\x0e\xdc\x0d\x95\x6b\xd7\
\x34\x0e\x57\x17\x5b\x57\xfc\x2e\xc7\x3c\x5c\x93\xbb\x58\x9d\x0d\
\x17\x6f\x1d\x1b\x0e\xd8\x75\x53\x66\x3e\x92\xcb\xc7\xe1\x9f\x87\
\xf2\x2d\x03\xd5\x81\x0b\x96\x3b\x44\x05\xe8\x58\xa4\xae\x57\x87\
\x55\x7d\xb8\x26\x50\x7e\x59\x42\x9d\x0c\x32\x56\x87\xd9\xc9\x9a\
\x63\x49\x8e\x53\xc5\x32\x53\x4c\x2a\x1e\xe5\x77\xc4\xd6\x6a\x7e\
\x06\x33\xe7\x85\xe7\x54\x33\x55\x3b\x5b\x98\xb1\x4b\xc0\xe3\x00\
\x6e\x01\xf0\xdb\x58\x3e\x38\xb0\xf7\xf5\x16\x33\x2c\xc5\x49\x55\
\x6b\x55\x97\x77\x09\x70\x41\xf1\x1a\xc6\xc8\x18\xf8\xb0\x9d\x12\
\xb0\xed\x99\xe4\xb2\x92\x8c\x6c\x8e\x8a\x55\xc5\xef\x0a\xb7\xc6\
\xce\x71\xd6\xa1\x64\xb7\x63\xfa\x4e\x7a\xdd\x39\xb8\xb9\x88\x58\
\xde\x05\xb3\xb1\x92\xe0\xf7\x46\xc4\xeb\x33\xf3\x1c\x96\x7f\x58\
\x96\x09\x51\x85\xa3\xba\x72\x7d\x74\x32\xcb\x01\xd5\x20\xd4\xb5\
\x5a\x3b\xc3\xe6\x4e\x32\x5c\x41\x29\xa6\x54\x4d\xc3\x36\x14\x6b\
\x2a\xfc\x7c\xdd\xe5\x99\xed\xbb\x5c\x72\x2e\x46\x18\x55\xae\x2a\
\x8b\x2b\x95\xea\xb0\x30\x26\x85\x25\x53\x7c\x22\x7a\x37\x3e\x13\
\x11\xcf\xcf\xcc\x17\xf2\x26\x05\x80\x07\x4b\x81\x93\x09\x67\xcf\
\xc9\x59\x3d\xfc\xae\xe8\xd5\x5e\x87\xaf\xde\x53\xfb\x47\x1d\xec\
\xa4\xbc\xce\xab\x82\x56\x85\xd7\x35\x46\xc7\x36\xcc\x72\xd5\x37\
\xaf\xa9\xfe\xd4\xde\xfa\x5c\xfd\x28\x72\x51\xd8\x55\x43\x2b\x5f\
\x47\x7f\x17\x9c\x99\x17\x22\xe2\x4d\xb9\xfc\x83\xf2\x7d\x58\xfe\
\x12\xcd\x4a\xa3\x93\x31\x97\x74\x27\x11\x9d\x34\xab\xc0\x14\x1e\
\x66\x25\xb7\x9e\x31\x74\xb8\x47\x45\xd7\x35\xe5\xa8\x08\xb9\x70\
\x55\x71\x74\x71\x76\xf8\x3a\xf9\x9c\x65\xe0\x99\x98\x18\xab\xc2\
\x51\xf7\x3b\x1f\xdb\x88\x38\x81\xe5\x3b\xf3\x7e\x2e\x33\xdf\xee\
\x16\xba\x80\x79\xae\x93\x1d\x47\xe1\x6a\x9d\x93\x84\x8a\xaf\x63\
\xb6\x43\x65\x4f\x3d\xe7\x42\x55\x38\xba\xe1\xe4\xda\x15\x49\xa7\
\x28\x8a\x05\x5d\x0c\x8c\xbf\xda\x56\xc4\xa0\x7c\xa8\x46\xeb\xc8\
\x64\x44\x40\xae\x80\x37\x99\x79\x3a\x33\xaf\x06\xf0\x36\xa5\xf7\
\x8a\xde\x39\x39\x1c\xb4\x92\x3d\x37\x5c\xc1\xaa\xc4\xb9\xfb\x4a\
\xba\x95\x6c\xbb\x18\x3a\xf9\x60\xdf\x5d\xd1\x74\x4d\xca\xbe\x5c\
\x7c\x9d\x2d\x57\x14\xa3\x5c\xbb\x46\xe5\x6b\xb5\xc6\xb1\x74\x67\
\xd3\x31\xa4\x8a\xe7\xef\x01\xbc\x49\xfe\x3b\xe6\xf9\x9d\x77\x00\
\x00\x00\x00\x49\x45\x4e\x44\xae\x42\x60\x82\
\x00\x00\x01\xc4\
\x89\
\x50\x4e\x47\x0d\x0a\x1a\x0a\x00\x00\x00\x0d\x49\x48\x44\x52\x00\
\x00\x00\x30\x00\x00\x00\x30\x08\x06\x00\x00\x00\x57\x02\xf9\x87\
\x00\x00\x00\x09\x70\x48\x59\x73\x00\x00\x0b\x13\x00\x00\x0b\x13\
\x01\x00\x9a\x9c\x18\x00\x00\x01\x76\x49\x44\x41\x54\x78\x9c\xed\
\x97\xc1\x4a\xc3\x30\x18\xc7\x0b\x55\x10\x1f\x66\xed\xd8\x03\xec\
\xe0\x10\xda\xee\xda\xeb\xf6\x28\x9e\xf4\xea\xba\x5b\xf5\xe0\xc5\
\xaa\xa4\x69\x9e\xa0\x4d\x1f\xc0\xc1\x14\x1b\x7d\x00\x7d\x02\xf1\
\xe2\xc5\x8c\xe0\xe6\xe6\xd4\x84\x0d\x59\x13\xfd\x7e\xf0\xa7\xe4\
\xd4\xff\x2f\xc9\x07\xad\x65\x01\x00\x00\x00\x00\xf0\x8f\x28\xdb\
\xe5\x16\xf6\xab\x53\xec\xb3\x17\xec\xb3\x13\xb1\xb6\x4c\x01\x85\
\xdc\xce\x02\x96\x64\x01\xe3\xd8\x7f\x4f\xea\x33\x1c\xb7\x46\xdb\
\x96\x09\xe5\x71\xc0\x90\x28\x3f\x0b\x9e\x4a\x60\x8f\x21\xed\x4f\
\x82\x04\x55\x9f\x74\xe7\xe5\x8d\x93\xc8\x82\xfb\x9e\x10\x30\x56\
\x02\x85\xdc\x26\x5d\x86\xcc\x97\x08\x58\xa2\x92\x48\x75\x1e\x6c\
\x90\xf8\xd3\x27\x91\xfa\xec\x08\x7b\xec\xf5\x63\xa0\x24\x59\x7e\
\xe1\xba\x21\x22\x0a\x89\xab\xfd\xdb\xeb\xb3\x76\xb9\xa3\x14\xd8\
\x74\xf9\x6c\x05\x89\xa4\x73\xf3\x14\xb7\x46\xbb\x72\x81\x1a\xca\
\x67\xbf\x29\x51\x57\xf9\x6c\xa1\xbc\x4a\xe2\x7c\x6f\xfc\xb0\x96\
\xc0\x26\xcb\x13\x89\x44\xea\xdd\xbd\xad\x2c\x50\x47\x79\xf2\x83\
\x84\xfc\x04\xbe\x19\xe2\x3a\xcb\x93\x25\x89\xcb\xce\xf8\x51\x31\
\x03\xd5\xe1\xa2\x84\x0e\xe5\xc9\x34\x17\xaa\xf2\x75\x80\x42\x64\
\x47\x4d\x9a\x0c\x9b\x94\xcb\x53\xa4\xda\x7d\x1b\x41\xf9\x5a\x77\
\xde\xa1\xc9\xd0\xa5\x5c\x1a\x47\xd7\x6b\xe3\x52\xa4\x2a\x1f\xb9\
\x14\x1d\xe8\xf8\x53\x33\x70\x69\xdf\xd8\xf2\x82\x63\xb7\xe8\x45\
\x6e\xc1\x25\x41\xda\x96\x9f\x5f\xa1\x02\x19\x59\xfe\x93\x44\x23\
\x4f\x22\xa7\xe0\xb3\x0c\x74\x1c\x58\x19\x62\xa7\xa3\x46\x1e\x47\
\x4e\xfe\x2c\x9e\x46\xec\x3c\x00\x00\x00\x00\x00\xd6\x57\x26\xa3\
\xb9\x83\x07\x8a\xf7\x40\xe8\x00\x00\x00\x00\x49\x45\x4e\x44\xae\
\x42\x60\x82\
\x00\x00\x35\x65\
\x89\
\x50\x4e\x47\x0d\x0a\x1a\x0a\x00\x00\x00\x0d\x49\x48\x44\x52\x00\
\x00\x02\x00\x00\x00\x02\x00\x08\x06\x00\x00\x00\xf4\x78\xd4\xfa\
\x00\x00\x00\x09\x70\x48\x59\x73\x00\x00\x0e\xc3\x00\x00\x0e\xc3\
\x01\xc7\x6f\xa8\x64\x00\x00\x00\x19\x74\x45\x58\x74\x53\x6f\x66\
\x74\x77\x61\x72\x65\x00\x77\x77\x77\x2e\x69\x6e\x6b\x73\x63\x61\
\x70\x65\x2e\x6f\x72\x67\x9b\xee\x3c\x1a\x00\x00\x20\x00\x49\x44\
\x41\x54\x78\x9c\xed\xdd\x69\x98\x5d\x55\x9d\xf6\xff\xfb\xb7\x4f\
\x0d\x49\x08\x21\x09\x33\x88\x22\x33\x26\x55\x80\x05\x48\x70\xc4\
\x76\x02\xc5\xe1\x69\x83\x03\xa2\x0c\xc9\x29\x48\x48\x55\x12\x19\
\xd4\xe7\xdf\xff\x2e\xed\x56\x1b\x81\x24\x55\x09\x81\xaa\x04\x50\
\x70\x8e\xed\x40\xa3\xa4\x15\x15\x07\x04\xc5\x62\xa8\x4a\x31\x06\
\x41\x66\xc2\x90\x90\xa9\xa6\x73\xf6\xef\x79\x91\x60\xa7\x21\x24\
\x95\x9c\x7d\xce\xda\xe7\x9c\xef\xe7\xba\x7c\xc1\x75\xc9\x5a\x37\
\x9b\x50\xeb\xae\xb5\xf6\x20\x01\x00\x00\x00\x00\x00\x00\x00\x00\
\x00\x00\x00\x00\x00\x00\x00\x00\x00\x00\x00\x00\x00\x00\x00\x00\
\x00\x00\x00\x00\x00\x00\x00\x00\x00\x00\x00\x00\x00\x00\x00\x00\
\x00\x00\x00\x00\x00\x00\x80\x57\xb2\xd0\x01\x00\x6c\xdf\xd4\xa9\
\x3f\xcc\x4c\x58\xf1\xe4\x5e\x1e\x69\xef\x28\x8a\xf6\x8b\x65\x13\
\xcc\x34\xce\x5c\xe3\x5c\x3e\xde\x5c\xe3\xdc\x34\x4e\xb2\x71\x2e\
\x8d\x8b\xe4\xbb\xba\x34\x61\x8b\x21\xea\x25\x8d\xd9\xe2\xaf\xc7\
\x49\xca\x6c\xf1\xd7\x39\x49\xeb\xb6\xf8\xeb\x58\xd2\x4b\x92\x06\
\x4d\xda\xe8\xd2\x7a\x49\xc3\x92\xad\x76\xf3\xb5\x26\x5b\x63\xae\
\x35\xae\x78\x8d\xb9\xd6\xc4\xd2\x9a\x4c\x26\x5a\x15\xe5\x87\x9f\
\xde\xb8\x7e\xe2\x73\xdf\x7c\xf4\xac\x81\x62\x5d\x0b\x00\xc9\xa0\
\x00\x00\x81\x9d\x79\xe0\xb5\xa3\x6a\xc6\xae\x79\x63\xa4\xcc\x41\
\xb2\xf8\x8d\x92\x1d\xe0\x6e\xfb\x44\xd2\xde\x6e\xbe\x9f\xa4\xbd\
\x24\xed\x29\x29\x0a\x1c\x75\x47\xbc\x24\xe9\x19\x93\x56\x49\x7a\
\x2c\x96\x3f\x61\xd2\x13\x66\xd1\xdf\xe3\x7c\xfe\xf1\xba\x7c\xed\
\xe3\x57\xdc\x7f\xfe\x0b\xa1\x43\x02\xd5\x8c\x02\x00\x94\xc0\x8c\
\x49\x57\x8c\x1d\xd6\xf0\x91\x32\x3b\xc2\xa4\x83\x5c\x76\x90\xc9\
\x0f\x92\xe9\x20\x49\xfb\xaa\x3a\xff\x5b\x5c\x23\xf9\x4a\x59\xf4\
\xb0\x62\x5f\xe9\x66\x2b\x33\xb1\x3d\x34\xac\xe1\xfb\xae\xee\x9b\
\xfb\x62\xe8\x70\x40\xa5\xab\xc6\x1f\x3a\x40\xd1\xcc\x99\x32\x6f\
\xf4\x86\x0d\x76\xa4\xc7\xd1\x24\x99\x4f\x8a\xcc\x26\xb9\x6b\x92\
\xa4\x03\xc5\x7f\x6f\x3b\xe2\x19\x49\x7d\x2e\xdd\x6b\xb2\x3e\x45\
\xde\x97\x1b\x18\xb8\xe7\x9a\x07\x2e\x5e\xb7\xdd\xbf\x13\xc0\x88\
\xf0\x03\x09\xd8\x49\xd9\xa6\xce\x31\xca\x0d\xbc\x59\xb1\x1f\xe7\
\xd2\x71\xe6\x76\xec\xe6\xdf\xe8\x33\xdb\xfd\x9b\xb1\x33\x5c\xae\
\x95\x66\xba\xcb\xa5\xbb\x3c\xf2\xbb\x72\x51\x74\xe7\xb5\x77\xb5\
\x3c\x17\x3a\x18\x50\x8e\x28\x00\xc0\x08\xb4\xbd\xab\xad\xe6\xc9\
\xd5\xe3\x0e\x8f\x3c\x6a\x72\xa9\xc9\xa5\x26\x73\x3b\x4e\x52\x5d\
\xe8\x6c\xd0\xd3\x66\xea\x96\xdb\x1f\x3d\xf2\x5b\x87\x5e\x1a\xf7\
\x57\x6e\x42\x04\xb6\x8f\x02\x00\x6c\xc5\xd4\x49\x6d\x75\x13\x6a\
\x26\x1c\x6f\xb1\xbd\x2b\x96\xbf\xc3\xa4\x13\x25\xed\x12\x3a\x17\
\x46\x64\xd0\xcd\xff\x1a\xc9\x7e\x2f\xe9\xf7\xc3\x83\x03\xb7\x72\
\x74\x00\xbc\x1a\x05\x00\xd0\xa6\x3b\xf1\x6b\x77\x5d\xf7\x16\x73\
\x7f\x97\x22\xbd\x53\xae\x13\x24\x8d\x0e\x9d\x0b\x89\xc8\x49\xba\
\xcb\xa5\x3f\x44\xa6\x5f\x8d\xd9\x25\xff\xbb\xf9\xb7\xcd\xed\x0f\
\x1d\x0a\x08\x8d\x02\x80\xaa\x75\x5e\xe3\x82\xc3\xf3\xae\x53\x5c\
\x76\xb2\x49\x6f\x97\x34\x2a\x74\x26\x94\x44\xbf\xa4\xdf\xc9\xed\
\x26\xab\xf1\x9b\x3a\xef\x6e\x7d\x28\x74\x20\x20\x04\x0a\x00\xaa\
\xc6\x9c\x29\xf3\x46\xaf\x5f\x5f\xf3\x56\x29\x7e\x8f\xc9\x3e\x2c\
\xe9\xc8\xd0\x99\x90\x0a\x7f\x93\x74\xb3\xe4\x37\xd7\xf7\x47\xff\
\xbd\x70\x65\xcb\xda\xd0\x81\x80\x52\xa0\x00\xa0\xa2\x9d\x7b\xd4\
\xbc\xfd\xe3\x38\xf3\x51\x49\x1f\x92\xf4\x2e\xf1\x5b\x3e\xb6\x6d\
\x40\xd2\xef\x65\x76\x93\x45\xfe\x73\x76\x07\x50\xc9\x28\x00\xa8\
\x38\xd9\x49\xed\xaf\xf7\x8c\x3e\x26\xf9\x54\x73\x9b\xa2\xf2\x7a\
\x83\x1e\xd2\xe5\x5e\x99\x96\xb9\x65\xbe\xbb\xe4\x9e\xf3\x1f\x0c\
\x1d\x06\x48\x12\x05\x00\x15\xe1\xdc\xa3\xe7\x1f\x98\x8f\xa3\x8f\
\x6c\x5e\xf4\x4f\x14\x7f\xb6\x91\xbc\x7b\x65\x5a\x96\xcf\xe7\xbf\
\x7d\x75\xdf\xdc\x95\xa1\xc3\x00\x85\xe2\x87\x24\xca\xd6\xd9\xc7\
\x2c\xdc\xaf\x26\xef\xa7\xcb\xfd\x74\x49\x47\x85\xce\x83\xaa\xe1\
\x92\xdd\x2e\xd3\x0f\x63\xe9\x47\x4b\x7b\x5a\x9e\x08\x1d\x08\xd8\
\x19\x14\x00\x94\x95\x39\x53\xe6\x8d\xde\xb0\x3e\xf3\x31\x73\xfb\
\xac\x9b\xbf\x47\xbc\x75\x0f\x61\xc5\x72\xfd\x49\xa6\xef\x0f\x65\
\xe2\xef\x7c\xf3\xee\x39\x6b\x42\x07\x02\x46\x8a\x02\x80\xb2\x30\
\xad\xa1\xbd\x29\x92\xb2\x92\x3e\xa9\x4d\x9f\xb2\x05\xd2\x66\x50\
\xb2\x1b\x5c\xea\x5a\xd2\x3b\xeb\xd7\x92\x79\xe8\x40\xc0\xb6\x50\
\x00\x90\x5a\xd9\x23\xe7\xef\xab\x9a\x68\x9a\xa4\xb3\xb5\xe9\x63\
\x3a\x40\xb9\xb8\x5f\xee\x4b\x87\x6b\xa3\xeb\xf8\x56\x01\xd2\x8a\
\x02\x80\xd4\x99\xd6\xd0\xde\x14\x99\x5a\xe5\xfa\xa4\xa4\xda\xd0\
\x79\x80\x02\x0c\x49\xf6\x33\x33\x5d\xff\xe2\xe1\xfb\xfc\x62\xd9\
\xb2\xd3\xf2\xa1\x03\x01\x2f\xa3\x00\x20\x15\xce\x6b\x58\x3c\x21\
\x6f\xb9\xcf\xc9\xfd\x5c\x49\x87\x87\xce\x03\x14\xc1\xdf\xdc\xb5\
\xb4\xd6\x6b\xae\x5d\xdc\x37\xf3\x99\xd0\x61\x00\x0a\x00\x82\x3a\
\xf7\xa8\x8e\x63\xe2\xd8\x67\x69\xd3\xd9\x3e\xef\xde\x47\x35\x18\
\x32\xf9\x77\x5d\x99\x79\x5d\xbd\xb3\x7a\x43\x87\x41\xf5\xa2\x00\
\x20\x88\xec\x51\xed\x6f\x33\xd7\xc5\xee\xfa\xa0\xf8\x73\x88\x2a\
\xe5\xe6\xb7\x46\x8a\x2e\xe9\xec\x99\x75\x23\x37\x0d\xa2\xd4\xf8\
\xc1\x8b\x92\x99\x3a\xa9\xad\x6e\x62\x66\xfc\x27\xdd\xed\x42\x49\
\x93\x43\xe7\x01\x52\xa4\xc7\xa4\x2b\x06\xd7\x8d\xbb\xee\x9b\x8f\
\x9e\x35\x10\x3a\x0c\xaa\x03\x05\x00\x45\x37\xeb\x90\x8e\x71\x03\
\x63\xfc\x2c\x73\x5d\x20\xe9\x75\xa1\xf3\x00\x29\xf6\x8c\x4c\x9d\
\xf9\x7c\xbe\xe3\xea\xbe\xb9\x2f\x86\x0e\x83\xca\x46\x01\x40\xd1\
\x9c\x75\x4c\xc7\x9e\xb5\x39\xbf\x40\xd2\x79\x92\x76\x0d\x9d\x07\
\x28\x23\xeb\x24\x2d\x8d\xa2\xfc\xe5\x57\xdd\x33\xf7\xc9\xd0\x61\
\x50\x99\x28\x00\x48\x5c\xb6\xe9\xb2\x3d\x34\x5c\x7b\xbe\x5c\x73\
\xc4\x4b\x7b\x80\x42\x0c\x49\xfa\xa6\x72\x71\x5b\xd7\x7d\x73\x9e\
\x0e\x1d\x06\x95\x85\x02\x80\xc4\x9c\x75\x4c\xc7\x9e\xb5\x79\x9f\
\xc9\xc2\x0f\x24\x6e\xa3\xcc\x97\xc6\xb1\xbe\xb6\x74\xc5\xec\x67\
\x43\x87\x41\x65\xa0\x00\xa0\x60\x67\x1d\xd3\xb1\x67\x4d\x2e\xfe\
\xbc\xc9\x66\x49\x1a\x13\x3a\x0f\x50\xc1\x36\xb8\x7c\x51\x8d\xea\
\x2e\xb9\xb2\x77\xc6\xea\xd0\x61\x50\xde\x28\x00\xd8\x69\xd9\xa6\
\xce\xdd\x34\x34\xf0\x05\x49\x2d\x62\xe1\x07\x4a\x69\x8d\xa4\x79\
\xb9\xa1\x81\x05\xd7\x3c\x70\xf1\xba\xd0\x61\x50\x9e\x28\x00\xd8\
\x61\xd9\xa6\xce\x5a\x1b\x1a\x38\xcb\xe5\xff\x26\xd9\x5e\xa1\xf3\
\x00\x55\xec\x05\x99\x16\xd5\x6f\xb4\x79\x0b\x57\xb6\xac\x0d\x1d\
\x06\xe5\x85\x02\x80\x1d\xe0\x96\x6d\x68\xff\xb8\x64\x5f\x97\x74\
\x70\xe8\x34\x00\xfe\xe1\x29\x93\xbe\xbc\x6f\xef\xea\xa5\x6d\x6a\
\x8b\x43\x87\x41\x79\xa0\x00\x60\x44\xa6\x4f\x6e\x3f\xd1\x4c\x97\
\x4a\x3a\x31\x74\x16\x00\x5b\x67\x52\xb7\x47\x9a\xdd\x75\x4f\xeb\
\x1f\x43\x67\x41\xfa\x51\x00\xb0\x4d\xd3\x8f\x5a\x74\x98\xe2\xfc\
\x7c\x93\x4e\x09\x9d\x05\xc0\x88\xb8\x49\xdf\xcd\x9b\x7d\x61\x69\
\x4f\xcb\x13\xa1\xc3\x20\xbd\x28\x00\xd8\xaa\x6c\x53\xe7\x18\x0d\
\x0f\x5c\x24\xd7\x17\x24\xd5\x87\xce\x03\x60\x87\x6d\x74\xf9\xc2\
\xda\xb8\xf6\xdf\x17\xf7\xcd\x5c\x1f\x3a\x0c\xd2\x87\x02\x80\x57\
\x69\x6e\xec\x38\xd5\xe5\x0b\xe5\x7a\x43\xe8\x2c\x00\x0a\xf6\xa4\
\x99\x7f\xa9\xb3\xa7\xf5\x7a\x3e\x38\x84\x2d\x51\x00\xf0\x0f\xd9\
\x86\x85\x0d\x52\xbc\x50\xd2\x3b\x43\x67\x01\x90\x30\xd7\x1f\x15\
\xc5\xad\x5d\x3d\x73\xee\x0c\x1d\x05\xe9\x40\x01\xc0\xa6\xe7\xf9\
\x87\xfb\xbf\x22\xb7\x19\x92\x6a\x42\xe7\x01\x50\x34\x39\x33\x2d\
\xf0\xda\x51\xff\xda\xd5\xdd\xbc\x31\x74\x18\x84\x45\x01\xa8\x72\
\xd9\xc9\x1d\x1f\x94\xe9\x4a\xc9\x0f\x08\x9d\x05\x40\xc9\x3c\x62\
\xee\xcd\x9d\x2b\x66\xff\x2a\x74\x10\x84\x43\x01\xa8\x52\xd3\x26\
\x2f\xd8\x3b\x8a\xec\x52\xb9\xce\x08\x9d\x05\x40\x28\xb6\x4c\x75\
\x43\x33\xba\xba\x2f\x78\x3e\x74\x12\x94\x1e\x05\xa0\x0a\x65\x1b\
\x16\x4c\x95\xdb\x62\x99\xf6\x08\x9d\x05\x40\x70\xcf\x9a\xf9\x45\
\x9d\x3d\xb3\xaf\x0b\x1d\x04\xa5\x45\x01\xa8\x22\xd3\x1a\x17\xbe\
\xd1\x3c\xee\x34\xe9\xbd\xa1\xb3\x00\x48\x9d\x9f\x2b\xd6\x8c\xae\
\xbe\xd6\xc7\x42\x07\x41\x69\x50\x00\xaa\x40\x9b\xda\xa2\xa7\x1a\
\x27\xb6\xc8\xfd\xab\xe2\xa3\x3d\x00\x5e\xdb\x5a\x99\x7d\x61\xbf\
\x9e\x17\x3b\x79\xa5\x70\xe5\xa3\x00\x54\xb8\xec\xa4\xf6\xd7\x5b\
\xe4\xd7\xba\xec\xdd\xa1\xb3\x00\x28\x13\xa6\xdf\xc6\xb2\xcf\xf2\
\x26\xc1\xca\x16\x85\x0e\x80\xe2\xc9\x36\x2c\x98\xaa\x48\x77\xb1\
\xf8\x03\xd8\x21\xae\x93\x22\xf7\x15\xcd\x8d\x1d\x9f\x0a\x1d\x05\
\xc5\xc3\x0e\x40\x05\x3a\xf3\xe8\xf9\xe3\xeb\xf3\xd1\x22\x97\x4e\
\x0f\x9d\x05\x40\x99\x33\x5d\x5f\x93\xaf\x99\xc1\xeb\x84\x2b\x0f\
\x05\xa0\xc2\x64\x27\x77\xbc\x4f\xe6\xd7\x48\xda\x3f\x74\x16\x00\
\x15\xe3\xd1\x28\x8e\x3e\x73\x55\xdf\xac\x5b\x43\x07\x41\x72\x28\
\x00\x15\xe2\xcc\x03\xaf\x1d\x55\xb7\xeb\xda\xcb\x24\xcd\x10\xff\
\x5e\x01\x24\x6f\x58\xa6\x2f\xaf\x3e\x7c\xdf\xff\x58\xb6\xec\xb4\
\x7c\xe8\x30\x28\x1c\x0b\x45\x05\x38\xf7\xe8\xf9\x07\xc6\xf9\xe8\
\xfb\x92\xde\x12\x3a\x0b\x80\xca\x66\xd2\xed\xee\xf6\x99\xae\x15\
\x2d\x0f\x87\xce\x82\xc2\x70\x13\x60\x99\x9b\x3e\xb9\xfd\xb4\x38\
\x1f\xdd\x23\x16\x7f\x00\x25\xe0\xd2\x09\x32\xef\x6e\x9e\xbc\xe0\
\x13\xa1\xb3\xa0\x30\xec\x00\x94\xa9\x59\x87\x74\xd4\x0f\x8e\x89\
\xbf\x21\xb7\x96\xd0\x59\x00\x54\xad\xae\xd5\xf1\xea\x59\xcb\xfa\
\xda\x86\x42\x07\xc1\x8e\xa3\x00\x94\x21\xb6\xfc\x01\xa4\x85\x9b\
\xdf\x6a\xc3\x3e\xb5\xeb\xbe\x39\x4f\x87\xce\x82\x1d\xc3\x11\x40\
\x99\xc9\x36\x2c\x98\xca\x96\x3f\x80\xb4\x30\xb7\xb7\xaa\x26\xfa\
\xeb\xb9\x93\x16\xbe\x35\x74\x16\xec\x98\x4c\xe8\x00\x18\x29\xb7\
\x6c\xe3\xc4\x36\xc9\x16\x49\x1a\x15\x3a\x0d\x00\x6c\x61\x57\x37\
\xff\xec\xb1\x7b\x9f\x32\xd4\xbd\xea\x26\x1e\x15\x2c\x13\x1c\x01\
\x94\x81\xb3\x0f\xbf\x64\xd7\x4c\xdd\xa8\xeb\x4d\xfa\x48\xe8\x2c\
\x00\xb0\x1d\xdf\xed\xb7\xa1\xec\xf5\x3d\x17\x6e\x08\x1d\x04\xdb\
\x46\x01\x48\xb9\xe9\x47\x2d\x3a\xcc\xe2\xfc\x4f\x25\x1d\x19\x3a\
\x0b\x00\x8c\xd0\x3d\x72\xfb\x67\x1e\x15\x4c\x37\xee\x01\x48\xb1\
\xe6\xc6\x8e\x53\x2d\xce\xdf\x21\x16\x7f\x00\xe5\xe5\x28\x99\xdf\
\x31\xbd\x61\xe1\xc9\xa1\x83\xe0\xb5\x71\x0f\x40\x2a\xb9\x35\x37\
\xec\x7e\xb1\xcb\x97\x88\xf3\x7e\x00\xe5\x69\xb4\xc9\x3f\xd9\xb4\
\xd7\x29\x6b\xba\x57\xdd\xf4\xe7\xd0\x61\xf0\x6a\x1c\x01\xa4\xcc\
\x99\x07\x5e\x3b\xaa\x6e\xdc\xba\x6f\xca\x9d\x97\x6c\x00\xa8\x14\
\xf3\xf7\xeb\x5d\x7d\x41\x9b\xda\xe2\xd0\x41\xf0\x3f\x28\x00\x29\
\x72\xce\xa4\x79\x13\x33\x51\xe6\x27\x92\xde\x11\x3a\x0b\x00\x24\
\xcb\x7e\xaa\xba\xfa\xd3\xbb\xba\x9b\x37\x86\x4e\x82\x4d\x28\x00\
\x29\x31\xad\x71\xe1\x1b\x23\x8f\x7f\x21\xe9\x88\xd0\x59\x00\xa0\
\x48\xee\x88\xdd\x4f\x5d\xba\x62\xf6\xb3\xa1\x83\x80\x9b\x00\x53\
\xe1\xdc\xa3\x3a\x8e\x8f\x3c\x7f\xbb\x58\xfc\x01\x54\xb6\xe3\x22\
\xb3\xdb\xa6\x4d\x9e\xcf\x8d\xcd\x29\x40\x01\x08\x2c\xdb\x30\xff\
\xa3\x71\xec\xbf\x95\x6c\xaf\xd0\x59\x00\xa0\x04\xde\x18\x59\x74\
\x6b\x76\x52\xfb\x49\xa1\x83\x54\x3b\x0a\x40\x40\xd9\xc6\x8e\xd9\
\x52\xf4\x9f\x92\xc6\x84\xce\x02\x00\x25\x34\x41\x91\x96\x4f\x9f\
\xdc\x7e\x46\xe8\x20\xd5\x8c\xc7\x00\x03\x69\x6e\x6c\xff\x9a\x5c\
\xff\x2e\xee\xc3\x00\x50\x9d\x32\x66\xfa\xe8\x9b\xf7\x3a\x79\xe8\
\xce\x55\xcb\xff\x18\x3a\x4c\x35\xa2\x00\x94\x9c\x5b\xf3\xe4\x89\
\x0b\x5c\xba\x20\x74\x12\x00\x08\xcc\xcc\xf4\x4f\x6f\xde\xfb\x03\
\xa3\xef\x5c\xb5\xfc\xe6\xd0\x61\xaa\x0d\xbf\x7d\x96\xd0\xd4\xa9\
\x3f\xcc\x4c\xbc\xff\xa9\xa5\x2e\x3b\x33\x74\x16\x00\x48\x15\xd7\
\x95\xfb\xad\x58\x7d\x3e\xef\x0a\x28\x1d\x76\x00\x4a\x64\xd6\x21\
\x1d\xf5\x75\x2f\xad\xfb\x81\xcb\x3e\x15\x3a\x0b\x00\xa4\x8e\xe9\
\xb8\x75\x7b\x8f\x3e\xf8\xd4\x37\x9d\xf0\x5f\xb7\x3c\x7a\x0b\x25\
\xa0\x04\xd8\x01\x28\x81\x19\x93\xae\x18\x9b\x8b\x72\x3f\x91\xf4\
\x9e\xd0\x59\x00\x20\xd5\xcc\x7e\xa0\xda\xfa\x33\xba\xba\x9b\x87\
\x43\x47\xa9\x74\x14\x80\x22\xcb\x36\x5d\xb6\x87\x86\x6a\x6e\x92\
\xec\xd8\xd0\x59\x00\xa0\x3c\xd8\x0d\xf5\xfd\x3a\x6d\xe1\xca\x96\
\xc1\xd0\x49\x2a\x19\x05\xa0\x88\xce\x6b\x58\x3c\x21\xd6\xf0\xaf\
\x5c\x6a\x0a\x9d\x05\x00\xca\x89\xcb\x6e\xc9\x0f\xf5\x7f\xf8\x9a\
\x07\x2e\x5e\x17\x3a\x4b\xa5\xa2\x00\x14\xc9\x99\x47\xcf\x1f\x5f\
\x97\xb7\x5f\xf1\x9b\x3f\x00\xec\x24\xd7\x1f\x55\x3f\xea\x43\x5d\
\xdd\xcd\x2f\x85\x8e\x52\x89\x28\x00\x45\xb0\xf9\xa3\x3e\x37\x4b\
\x3a\x26\x74\x16\x00\x28\x67\xee\xfa\xcb\xa8\x01\x7b\xef\xc2\x95\
\x2d\x6b\x43\x67\xa9\x34\x14\x80\x84\x6d\xfa\xcd\x3f\xfa\xa5\xa4\
\xe3\x42\x67\x01\x80\xca\x60\xb7\xd5\xc4\x99\xf7\x2d\xee\x9b\xb9\
\x3e\x74\x92\x4a\xc2\xab\x80\x13\x94\x6d\xea\xdc\x8d\xc5\x1f\x00\
\x92\xe6\x53\x72\x51\xee\x27\x67\x1e\x78\xed\xa8\xd0\x49\x2a\x09\
\x3b\x00\x09\xc9\x36\x75\xee\xe6\x83\x03\xbf\x34\xd3\xf1\xa1\xb3\
\x00\x40\x65\xb2\x1b\x54\x57\xff\x71\x1e\x11\x4c\x06\x3b\x00\x09\
\x38\xa3\xf1\xd2\x5d\x34\x34\x78\x13\x8b\x3f\x00\x14\x93\x7f\x58\
\x83\x03\xd7\x4d\x9d\xfa\x43\x5e\x62\x97\x00\x2e\x62\x81\xb2\x4d\
\x9d\xb5\xb5\xf9\xf8\xc7\x92\xf8\xb4\x25\x00\x14\x9b\x69\xf2\xe8\
\xe7\xd7\xbf\xe1\xd4\x55\x27\xdc\x70\x8b\x6e\xf1\xd0\x71\xca\x19\
\x3b\x00\x05\x68\x53\x5b\xa4\xe1\xc1\xeb\x25\x3b\x39\x74\x16\x00\
\xa8\x22\x9f\x7b\xaa\x61\x62\x7b\xe8\x10\xe5\x8e\x02\x50\x80\xa7\
\x27\x4f\x98\x27\xf7\x4f\x84\xce\x01\x00\xd5\xc7\xcf\xcf\x36\xb4\
\xcf\x0b\x9d\xa2\x9c\x71\x04\xb0\x93\xa6\x37\x2c\xf8\x37\x99\x5d\
\x14\x3a\x07\x00\x54\xb1\x29\x6f\xde\xeb\xe4\xa1\x3b\x57\x2d\xff\
\x63\xe8\x20\xe5\x88\xa7\x00\x76\x42\xb6\xa1\x7d\xa6\xa4\x45\xa1\
\x73\x00\x00\xe4\x66\x7e\x66\x67\xcf\xec\xeb\x42\x07\x29\x37\x14\
\x80\x1d\x34\xbd\xa1\xe3\x74\x93\x5f\x2f\xae\x1d\x00\xa4\xc5\x90\
\xcb\xde\xb7\xa4\xb7\xe5\x77\xa1\x83\x94\x13\x16\xb1\x1d\x90\x3d\
\xaa\xfd\x6d\x8a\x75\xb3\xa4\xfa\xd0\x59\x00\x00\xff\xcb\x4b\x91\
\xe9\x6d\x57\xf5\xb4\xae\x08\x1d\xa4\x5c\x50\x00\x46\xe8\xbc\x86\
\xf9\x07\xe5\x15\xdd\x2e\x69\xcf\xd0\x59\x00\x00\x5b\xf5\x48\xec\
\x3e\x65\xe9\x8a\xd9\xcf\x86\x0e\x52\x0e\x78\x0a\x60\x04\xce\x99\
\x34\x6f\x62\x5e\xd1\x4d\x62\xf1\x07\x80\x34\x7b\x63\x64\xba\xf1\
\x8c\xc6\x4b\x77\x09\x1d\xa4\x1c\x50\x00\xb6\x23\xdb\xd4\x59\x5b\
\x13\x45\xcb\x24\x1d\x16\x3a\x0b\x00\x60\x7b\xec\xd8\x31\xaa\xfb\
\x3e\x6f\x0b\xdc\x3e\x0a\xc0\x36\xb9\xf9\xe0\xe0\x52\x97\xbd\x3b\
\x74\x12\x00\xc0\xc8\xb8\xeb\x43\x13\x1e\x78\xe6\x92\xd0\x39\xd2\
\x8e\x86\xb4\x0d\xd9\xc9\x13\xff\xd5\x4c\xad\xa1\x73\x00\x00\x76\
\xd8\x89\xc7\xee\x75\xf2\x8b\xdd\xab\x96\xff\x25\x74\x90\xb4\xe2\
\x26\xc0\xd7\x90\x6d\x58\x30\x55\xb2\x1f\x88\x6b\x04\x00\xe5\x2a\
\x6f\xa6\x0f\x75\xf6\xb4\x2e\x0f\x1d\x24\x8d\x58\xdc\xb6\x62\xda\
\xe4\xf9\x47\x46\x16\xdd\x2e\x69\x5c\xe8\x2c\x00\x80\x82\xac\x96\
\xdb\x71\x5d\x2b\x5a\x1e\x0e\x1d\x24\x6d\xb8\x07\xe0\x15\xce\x6b\
\x58\x3c\x21\xb2\xcc\x0d\x62\xf1\x07\x80\x4a\x30\x41\xe6\x3f\xce\
\x36\x75\x8e\x09\x1d\x24\x6d\x28\x00\x5b\x68\x53\x5b\x94\xd3\xf0\
\xb7\x25\x3f\x24\x74\x16\x00\x40\x62\x1a\x6d\x68\xa0\x2b\x74\x88\
\xb4\xa1\x00\x6c\xe1\xa9\xc9\x13\xbe\x62\xd2\x29\xa1\x73\x00\x00\
\x92\xe5\xd2\xe9\xd3\x1b\x17\xcc\x08\x9d\x23\x4d\xb8\x07\x60\xb3\
\xe6\x86\xf6\x8f\xb8\xf4\x13\x71\x4d\x00\xa0\x52\x0d\xc7\x66\xff\
\xb4\xb4\xa7\xe5\x0f\xa1\x83\xa4\x01\x8b\x9d\xa4\xf3\x1a\x17\x1c\
\x9e\x77\xfb\xb3\xa4\xdd\x42\x67\x01\x00\x14\xd5\x33\xb9\x9a\xa8\
\xe9\x9a\xbb\x66\x3d\x15\x3a\x48\x68\x55\x7f\x04\x70\x46\xe3\xa5\
\xbb\xe4\xdd\x7e\x22\x16\x7f\x00\xa8\x06\xfb\xd4\xe4\xe2\xef\x65\
\x9b\x3a\x6b\x43\x07\x09\xad\xea\x0b\xc0\x68\xaf\x5b\x28\xe9\xc8\
\xd0\x39\x00\x00\x25\xf3\x0e\x0d\xf5\x7f\x23\x74\x88\xd0\xaa\xfa\
\x08\x60\x7a\x43\xc7\xe9\x26\xff\x76\xe8\x1c\x00\x80\x10\xfc\xb4\
\xae\xde\xd9\xcb\x42\xa7\x08\xa5\x6a\x0b\x40\x76\x72\xc7\xc1\x32\
\xbf\x53\x3c\xef\x0f\x00\xd5\x6a\x4d\x3e\x97\x39\xfa\xea\xfb\xce\
\xff\x7b\xe8\x20\x21\x54\xe5\x11\xc0\xac\x43\x3a\xea\x65\xfa\xa1\
\x58\xfc\x01\xa0\x9a\x8d\xaf\xa9\xc9\x5f\x5f\xad\x5f\x0e\xac\xca\
\x02\x30\x38\x26\xfe\x86\xe4\x6f\x0e\x9d\x03\x00\x10\x96\x4b\x6f\
\x1f\x7f\xdf\xd3\x17\x85\xce\x11\x42\xd5\x1d\x01\x34\x37\xb4\x9f\
\xe2\xd2\x8d\xaa\xc2\x7f\x76\x00\xc0\x56\xe5\x64\xfe\xb6\xae\x9e\
\xd9\x7f\x0e\x1d\xa4\x94\xaa\x6a\x11\xcc\x1e\x39\x7f\x5f\xd5\x44\
\xbd\x92\x76\x0f\x9d\x05\x00\x90\x2a\x0f\xf6\xdb\xd0\x9b\xaf\xef\
\xb9\x70\x43\xe8\x20\xa5\x52\x5d\x47\x00\x35\xd1\x12\xb1\xf8\x03\
\x00\x5e\xed\xb0\x31\x5e\x3f\x3f\x74\x88\x52\xaa\x9a\x02\xd0\x3c\
\x79\xc1\x39\x92\x3e\x18\x3a\x07\x00\x20\x9d\x5c\x3e\x7d\xfa\xe4\
\xf6\xd3\x42\xe7\x28\x95\xaa\x38\x02\x38\xe7\xc8\x45\x6f\xc8\xd4\
\xe4\x7b\xc4\x5d\xff\x00\x80\x6d\x5b\xad\x58\x47\x77\xf5\xb5\x3e\
\x16\x3a\x48\xb1\x55\xc1\x0e\x80\x5b\x4d\x4d\xee\x1a\xb1\xf8\x03\
\x00\xb6\x6f\x82\x22\x5d\xd3\xa6\xb6\x8a\x5f\x1f\x2b\xfe\xd9\xc7\
\xe9\x8d\x13\x5b\x25\x3b\x2f\x74\x0e\x00\x40\xd9\x38\x68\xfd\x5e\
\xa3\x9f\xe9\x5e\xb5\xfc\xaf\xa1\x83\x14\x53\x45\x1f\x01\x6c\x7e\
\xdb\xdf\xdd\x92\xc6\x86\xce\x02\x00\x28\x2b\x6b\x63\xb3\x49\x4b\
\x7b\x5a\x9e\x08\x1d\xa4\x58\x2a\x76\x8b\xa3\x4d\x6d\x91\x4c\xd7\
\x8b\xc5\x1f\x00\xb0\xe3\xc6\x99\xfb\xa2\xd0\x21\x8a\xa9\x62\x0b\
\xc0\x53\x0d\xe3\x67\x48\x3e\x25\x74\x0e\x00\x40\x79\x32\xe9\x23\
\xcd\x8d\x1d\x1f\x0f\x9d\xa3\x58\x2a\xf2\x08\x60\xf3\x0b\x7f\xee\
\x95\x34\x3e\x74\x16\x00\x40\x59\x7b\x26\xa3\xda\x37\x5d\xd9\x3b\
\x63\x75\xe8\x20\x49\xab\xcc\x1d\x80\x5a\x5b\x24\x16\x7f\x00\x40\
\xe1\xf6\xc9\xd9\xf0\xa5\xa1\x43\x14\x43\xc5\xed\x00\x6c\x7e\xd7\
\xff\xcf\x43\xe7\x00\x00\x54\x0c\x77\xd9\xfb\x96\xf4\xb6\xdc\x1c\
\x3a\x48\x92\x2a\xaa\x00\x64\x9b\x3a\xc7\x68\x68\xa0\x4f\xd2\x81\
\xa1\xb3\x00\x00\x2a\xca\x23\xfd\x36\xd4\x50\x49\xdf\x0a\xa8\xac\
\x23\x80\xa1\xfe\xaf\x8a\xc5\x1f\x00\x90\xbc\x37\x8e\xf2\xda\x7f\
\x09\x1d\x22\x49\x15\xb3\x03\x30\xad\xa1\xbd\x29\x92\xfe\xac\x2a\
\x78\xb9\x11\x00\x20\x88\x9c\xc7\xf1\x71\x4b\xfa\xe6\xdc\x1d\x3a\
\x48\x12\x2a\x64\x07\xc0\xcd\x5c\x8b\xc5\xe2\x0f\x00\x28\x9e\x1a\
\x8b\xa2\xf6\xd0\x21\x92\x52\x11\x0b\xe6\xf4\x86\xdd\xcf\x34\xd3\
\xcc\xd0\x39\x00\x00\x15\xef\x0d\x4d\x7b\x7f\xe0\xde\xee\x55\xcb\
\xef\x0d\x1d\xa4\x50\x65\x7f\x04\x30\x63\xd2\x15\x63\x73\x51\xee\
\x01\x49\xfb\x85\xce\x02\x00\xa8\x06\xf6\xb8\xea\xea\x8f\xe8\xea\
\x6e\xde\x18\x3a\x49\x21\xca\xfe\x08\x20\x17\xe5\xfe\xaf\x58\xfc\
\x01\x00\x25\xe3\x07\xd8\xd0\xe0\xdc\xd0\x29\x0a\x55\xd6\x3b\x00\
\xe7\x35\xcc\x3f\x28\xaf\xa8\x4f\xd2\xa8\xd0\x59\x00\x00\x55\x65\
\xa3\x62\x1d\xd9\xd5\xd7\xfa\x58\xe8\x20\x3b\xab\xac\x77\x00\xf2\
\xca\x5c\x2e\x16\x7f\x00\x40\xe9\x8d\x51\x46\xff\x1e\x3a\x44\x21\
\xca\x76\x07\x60\x5a\xe3\xc2\x77\x47\x1e\xff\x3a\x74\x0e\x00\x40\
\xd5\x72\x45\x7a\x47\xd7\x3d\xad\x7f\x0c\x1d\x64\x67\x94\xe5\x0e\
\xc0\xd4\xa9\x3f\xcc\x44\x1e\x57\xcc\xa3\x18\x00\x80\xb2\x64\x16\
\xeb\x52\xc9\xcb\xf2\x97\xe9\xb2\x2c\x00\xe3\xef\x7b\xe6\x73\x92\
\x26\x87\xce\x01\x00\xa8\x6e\x2e\x9d\xd0\x3c\xb9\xfd\xf4\xd0\x39\
\x76\x46\xd9\xb5\x96\x59\x87\x74\xd4\x0f\x8e\xf6\x07\x25\xbd\x3e\
\x74\x16\x00\x00\x24\x3d\xa9\xba\x51\x87\x95\xdb\x63\x81\x65\xb7\
\x03\x30\x38\x3a\x9e\x21\x16\x7f\x00\x40\x7a\xec\xef\x83\x03\x33\
\x42\x87\xd8\x51\x65\xb5\x03\xb0\xe9\xa5\x3f\xc3\x0f\x4b\xb6\x57\
\xe8\x2c\x00\x00\xfc\x83\xeb\xf9\xdc\xf0\xc0\x41\xd7\x3c\x70\xf1\
\xba\xd0\x51\x46\xaa\xac\x76\x00\x72\x99\xdc\x05\x2c\xfe\x00\x80\
\xd4\x31\xed\x51\x53\x5f\x3f\x2b\x74\x8c\x1d\x51\x36\x3b\x00\xd9\
\xa6\xcb\xf6\xd0\x50\xed\xc3\x92\xc6\x85\xce\x02\x00\xc0\x56\xac\
\xc9\xa8\xf6\xa0\x2b\x7b\x67\xac\x0e\x1d\x64\x24\xca\x67\x07\x60\
\xa8\xf6\x4b\x62\xf1\x07\x00\xa4\xd7\xf8\x58\x43\xb3\x43\x87\x18\
\xa9\xb2\xd8\x01\x98\xd6\xd8\xf1\xba\xc8\xfd\x21\xf1\xd6\x3f\x00\
\x40\xba\xad\xad\x1d\xce\x1c\x74\xc5\xfd\xe7\xbf\x10\x3a\xc8\xf6\
\x94\xc5\x0e\x40\xe4\xba\x58\x2c\xfe\x00\x80\xf4\x1b\x37\x5c\x9b\
\xbf\x20\x74\x88\x91\x48\xfd\x0e\xc0\xb4\xc9\x0b\xf6\x8e\xcc\x1e\
\x91\x34\x3a\x74\x16\x00\x00\x46\x60\x43\xec\x7e\xf0\xd2\x15\xb3\
\x9f\x0d\x1d\x64\x5b\x52\xbf\x03\x10\x99\xcd\x15\x8b\x3f\x00\xa0\
\x7c\xec\x62\x66\x17\x85\x0e\xb1\x3d\xa9\xde\x01\x38\x67\xd2\xbc\
\x89\x99\x28\xf3\xa8\xa4\x5d\x43\x67\x01\x00\x60\x07\xf4\xe7\x6a\
\xa2\x43\xae\xb9\x6b\xd6\x53\xa1\x83\xbc\x96\x54\xef\x00\x64\x32\
\x99\x16\xb1\xf8\x03\x00\xca\xcf\xe8\xda\x7c\x3c\x27\x74\x88\x6d\
\x49\xed\x0e\xc0\x19\x8d\x97\xee\x32\x3a\xae\x7b\x54\xa6\x3d\x42\
\x67\x01\x00\x60\x27\xac\x53\xdd\xa8\x03\xba\xba\x9b\x5f\x0a\x1d\
\x64\x6b\x52\xbb\x03\x30\xda\xeb\x66\xb2\xf8\x03\x00\xca\xd8\xae\
\x3e\x38\x30\x3d\x74\x88\xd7\x92\xca\x1d\x80\x39\x53\xe6\x8d\xde\
\xb0\x3e\xf3\x88\xa4\xbd\x43\x67\x01\x00\x60\xe7\xd9\xe3\xaa\xab\
\x3f\xb8\xab\xbb\x79\x38\x74\x92\x57\x4a\xe5\x0e\xc0\xc6\xf5\x99\
\x33\xc4\xe2\x0f\x00\x28\x7b\x7e\x80\x0d\xf6\x7f\x22\x74\x8a\xad\
\x49\x65\x01\x70\x69\x66\xe8\x0c\x00\x00\x24\xc1\xcd\x2e\x94\x3c\
\x75\x3b\xee\xa9\x2b\x00\xcd\x93\x17\xbc\x57\x52\x63\xe8\x1c\x00\
\x00\x24\xa4\xb1\xb9\xb1\xe3\xdd\xa1\x43\xbc\x52\xea\x0a\x80\x9b\
\xb5\x86\xce\x00\x00\x40\x92\xdc\xfd\xf3\xa1\x33\xbc\x52\xaa\xb6\
\x24\x9a\x8f\x6e\x3f\xd4\xf3\xba\x5f\x29\x2c\x26\xa8\x7a\x6b\x5d\
\xfe\x73\x33\xfb\x8d\xe7\xfd\x9e\x5c\x5d\xf4\x68\x6d\x54\xbf\x46\
\x92\x86\xe3\xc1\xf1\x35\x43\xf1\x81\x8a\x74\xb4\xb9\xbd\x5b\xa6\
\x0f\x8a\xf7\x57\x24\x8d\xeb\x8f\x72\xe7\x91\xa9\xf1\xaa\x9e\xd6\
\x15\xa1\x83\xbc\xac\x26\x74\x80\x2d\xc5\x79\xcd\x32\x16\x7f\xa4\
\xcb\x83\xee\x76\x89\xd5\xd7\x7f\x7f\x49\x77\xf3\xc6\xd7\xf8\xff\
\x3c\xb7\xf9\x7f\x77\x48\x5a\x92\x6d\xea\x1c\x63\x83\xfd\x9f\x72\
\xd9\xc5\x32\x1d\x5a\xba\xa8\x15\x89\xeb\x8f\x4a\x61\xb1\x6b\xae\
\xa4\xb3\x43\x07\x79\x59\x6a\x76\x00\xb2\x4d\x9d\xbb\x69\x68\xe0\
\x71\xd1\xdc\x91\x0e\xfd\x72\xff\x97\xfd\xf6\x58\xd3\xde\x76\x4b\
\x5b\x6e\x67\x06\xc8\x36\x75\xd6\x6a\x78\x70\xb6\xdc\xbf\x22\xbe\
\x66\xb9\xa3\xb8\xfe\xa8\x44\x83\x35\x71\xcd\x81\x8b\xfb\x66\x3e\
\x13\x3a\x88\x94\xa6\x02\xd0\xb0\x60\x8e\x64\xf3\x42\xe7\x00\xe4\
\x7a\x28\x8a\xf4\x7f\x92\xda\xaa\x9b\xd6\xd8\x71\x42\xe4\xfe\x63\
\x49\xfb\x26\x31\x5e\xc5\xe3\xfa\xa3\xb2\x7d\xb1\xab\xb7\xf5\x3f\
\x42\x87\x90\x52\xb3\xdd\xee\x26\x45\x33\x42\xa7\x00\x24\xdd\x35\
\x5c\x6b\x6f\x4d\xf2\x9c\x6e\x69\x4f\xcb\xed\xb1\xd9\xf1\x92\x7a\
\x92\x1a\xb3\x82\x71\xfd\x51\xe9\xa6\xa5\xe5\x91\xc0\x54\x14\x80\
\x69\x8d\x8b\x4e\x92\xfc\x90\xd0\x39\x50\xe5\x5c\x0f\x0d\xd7\xd8\
\xfb\xaf\xbd\xab\xe5\xb9\xa4\x87\x5e\xda\xd3\xf2\x44\x6c\xf6\x41\
\x49\xa9\xd8\xfa\x4b\x25\xae\x3f\xaa\xc3\xc1\x9b\xd6\xbc\xf0\x52\
\x51\x00\xa2\x38\x4e\xed\xbb\x92\x51\x35\x06\xcc\x6d\x6a\x31\x16\
\x9f\x97\x2d\xed\x69\x79\x22\x96\x3e\x24\xa9\xbf\x58\x73\x94\x31\
\xae\x3f\xaa\x46\x5a\xd6\xbc\xe0\x05\x60\xe6\x11\x8b\x76\x97\xe9\
\x63\xa1\x73\xa0\xca\xb9\xff\x7f\x9d\x7d\x2d\xf7\x14\x7b\x9a\xa5\
\xbd\xad\xdd\x2e\x4b\xc5\xf9\x5f\xaa\x70\xfd\x51\x4d\x4c\x1f\xcb\
\x36\x5d\x16\xfc\x63\x77\xc1\x0b\xc0\x70\x5d\x7c\x86\xa4\xfa\xd0\
\x39\x50\xd5\x1e\xdc\x6f\x8f\x35\xed\xa5\x9a\xac\x36\xce\xcc\x13\
\x5b\xd1\x5b\xe2\xfa\xa3\xda\xd4\x6b\xa8\xe6\x8c\xd0\x21\x82\x17\
\x00\xb9\xa6\x85\x8e\x80\xea\xe6\x6e\x97\xec\xec\xa3\x66\x3b\x63\
\x71\xdf\xcc\xf5\x32\xfb\x4a\xa9\xe6\x4b\x3b\xae\x3f\xaa\x93\x05\
\x5f\xfb\x82\x16\x80\xe9\x93\xdb\x4f\x94\x7c\x52\xc8\x0c\xa8\x7a\
\x6b\xad\xbe\xfe\xfb\xa5\x9e\xb4\x5f\x83\xd7\x49\x5a\x57\xea\x79\
\x53\x88\xeb\x8f\x6a\xf5\xa6\x4d\x6b\x60\x38\x41\x0b\x80\x19\xbf\
\xfd\x23\x2c\x97\xff\xbc\xeb\xb5\xdf\x30\x57\x34\xd7\xf7\x5c\xb8\
\x41\x66\xbf\x28\xf5\xbc\x69\xc3\xf5\x47\x35\x33\x53\x36\xe4\xfc\
\xc1\x0a\xc0\xd9\x87\x5f\xb2\xab\xa4\xd3\x42\xcd\x0f\x48\x92\x99\
\xfd\x26\xd8\xdc\xee\xc1\xe6\x4e\x0b\xae\x3f\xaa\xdc\xd4\x6c\x53\
\xe7\x6e\xa1\x26\x0f\x56\x00\x6a\xeb\xeb\x3f\x26\x69\x97\x50\xf3\
\x03\x92\xe4\x79\x2f\xfa\x9d\xe7\xaf\x39\xb7\x85\x9b\x3b\x2d\xb8\
\xfe\xa8\x72\x63\x6c\x70\xe0\x53\xa1\x26\x0f\x56\x00\xdc\x2d\xd8\
\x3f\x34\xf0\x32\x1b\x95\x7b\x24\xd4\xdc\x91\xea\x83\xcd\x9d\x16\
\x5c\x7f\x54\x3b\x37\x7d\x32\xd4\xdc\x41\x0a\xc0\x59\xc7\x74\xec\
\x29\xe9\x3d\x21\xe6\x06\xb6\xb4\x7a\x60\xfd\xda\x50\x73\xd7\x6e\
\x1c\x7e\x29\xd4\xdc\x69\xc1\xf5\x07\xf4\xf6\xb3\x8f\x59\xb8\x5f\
\x88\x89\x83\x14\x80\xda\x9c\x9f\xa6\x94\x7d\x8a\x18\xd5\x69\x59\
\x5f\xdb\x50\xa8\xb9\x17\xae\x6c\x19\x0c\x35\x77\x5a\x70\xfd\x01\
\x45\xb5\xc3\xf1\x3f\x07\x99\x38\xc4\xa4\x6e\xce\xf6\x3f\x00\x00\
\x92\xe2\xc8\x3f\x11\x62\xde\x92\x17\x80\xec\xa4\xf6\xd7\x9b\x5b\
\xd0\x67\x1f\x01\x00\x48\x0b\x73\x3b\xf1\x9c\x23\x17\xbd\xa1\xd4\
\xf3\x96\xbc\x00\x58\x64\x9f\x92\x94\x8a\x4f\x21\x02\x00\x90\x02\
\x56\x53\x93\x2f\xf9\x31\x40\xc9\x0b\x80\x8b\xed\x7f\x00\x00\xb6\
\xe4\x01\xde\x8b\x53\xd2\x02\xd0\x7c\x74\xfb\xa1\x92\x8e\x2a\xe5\
\x9c\x00\x00\x94\x81\xe3\xcf\x3d\x7a\xfe\x81\xa5\x9c\xb0\xa4\x05\
\xc0\x63\xfb\x68\x29\xe7\x03\x00\xa0\x4c\x58\x9c\x8f\x4a\xba\x0b\
\x50\xda\x02\xa0\xf8\x23\xa5\x9c\x0f\x00\x80\x72\x61\x25\x3e\x06\
\x28\x59\x01\x38\xeb\x98\x8e\x3d\xcd\xed\x84\x52\xcd\x07\x00\x40\
\x39\x71\xa9\x29\x3b\xb9\xe3\xe0\x52\xcd\x57\xb2\x02\x50\x33\xac\
\x53\x25\x65\x4a\x35\x1f\x00\x00\xe5\xc6\xe4\xa7\x94\x6a\xae\x92\
\x15\x00\x33\xb1\xfd\x0f\x00\xc0\x36\xb8\xf9\xc9\xa5\x9a\xab\x24\
\x05\x60\xce\x94\x79\xa3\x25\xe7\xdd\xff\x00\x00\x6c\x93\xbd\x6b\
\xd3\x9a\x59\x7c\x25\x29\x00\x1b\xd7\x67\xde\x27\x69\x4c\x29\xe6\
\x02\x00\xa0\x8c\x8d\x5e\xbf\x31\x7a\x47\x29\x26\x2a\x49\x01\x88\
\x4d\xa7\x96\x62\x1e\x00\x00\xca\x5d\x94\xb7\x92\x1c\x03\x94\xa4\
\x00\x98\xdb\xfb\x4a\x31\x0f\x00\x00\xe5\xce\x4d\x1f\x28\xc5\x3c\
\x45\x2f\x00\xd9\x86\x85\x47\x48\x7e\x40\xb1\xe7\x01\x00\xa0\x42\
\x1c\x5e\x8a\xc7\x01\x8b\x5e\x00\xcc\xe3\xf7\x16\x7b\x0e\x00\x00\
\x2a\x89\x47\xf1\xfb\x8b\x3d\x47\xd1\x0b\x80\x9b\x71\xf7\x3f\x00\
\x00\x3b\x20\x52\xf1\xef\x03\x28\x6a\x01\x68\x7b\x57\x5b\x8d\xe4\
\xef\x2c\xe6\x1c\x00\x00\x54\x1a\x77\x9d\x34\xeb\x90\x8e\xfa\x62\
\xce\x51\xd4\x02\xf0\xe4\xf3\x13\x8e\x97\xb4\x5b\x31\xe7\x00\x00\
\xa0\x02\xed\x32\x30\x5a\x6f\x2f\xe6\x04\xc5\x3d\x02\x60\xfb\x1f\
\x00\x80\x9d\x14\x17\x75\x0d\x2d\x6a\x01\x88\x78\xfb\x1f\x00\x00\
\x3b\xc5\x54\xdc\x17\x02\x15\xad\x00\x64\x9b\x3a\xc7\xb8\xc4\xd7\
\xff\x00\x00\xd8\x29\x7e\xec\x19\x8d\x97\xee\x52\xac\xd1\x8b\xb7\
\x03\x30\x30\xf0\x16\x49\xb5\x45\x1b\x1f\x00\x80\xca\x56\x3b\xca\
\xeb\xa7\x14\x6b\xf0\xe2\x15\x80\x8c\x4e\x2c\xda\xd8\x00\x00\x54\
\x01\x93\x17\xed\x18\xa0\x78\x05\xc0\x55\xb4\xd6\x02\x00\x40\x95\
\x28\xda\xa3\xf4\x45\x2a\x00\x6e\x12\x05\x00\x00\x80\x02\x1d\x97\
\x6d\xea\x2c\xca\x71\x7a\x51\x0a\x40\xf3\xa4\x85\x47\x4a\x9a\x58\
\x8c\xb1\x01\x00\xa8\x22\xa3\xe3\xa1\x81\xc6\x62\x0c\x5c\x94\x02\
\x10\x47\xf1\x5b\x8b\x31\x2e\x00\x00\xd5\x26\x2a\xd2\x13\x75\x45\
\x29\x00\x91\xb8\x01\x10\x00\x80\x84\x94\x4f\x01\x70\x19\x05\x00\
\x00\x80\x44\x58\x79\x14\x80\x6c\x53\xe7\x6e\x92\x0e\x4d\x7a\x5c\
\x00\x00\xaa\x93\x1f\x9c\x6d\xba\x6c\x8f\xa4\x47\x4d\xbc\x00\x44\
\x83\x1b\x8f\x91\x64\x49\x8f\x0b\x00\x40\x95\x32\x1b\xac\x39\x26\
\xe9\x41\x13\x2f\x00\x71\x94\x39\x3a\xe9\x31\x01\x00\xa8\x66\x6e\
\x96\xfe\x02\x20\x77\x0a\x00\x00\x00\x49\x72\x95\x41\x01\x50\xf2\
\x21\x01\x00\xa8\x6a\x96\xf2\x02\x30\xeb\x90\x8e\x7a\x49\x47\x26\
\x39\x26\x00\x00\xd0\xa1\x33\x26\x5d\x31\x36\xc9\x01\x13\x2d\x00\
\x83\x63\xf2\x93\xc4\x17\x00\x01\x00\x48\x5a\x94\x8f\x86\x1a\x12\
\x1d\x30\xc9\xc1\x2c\x4e\xfe\x26\x05\x00\x00\x20\xb9\x45\x93\x92\
\x1c\x2f\xd1\x02\x10\x9b\x1d\x95\xe4\x78\x00\x00\x60\x33\xf7\xf4\
\x16\x00\x93\xde\x94\xe4\x78\x00\x00\x60\x13\xf3\x28\xd1\x7b\xec\
\x12\x7e\x0a\xc0\x0e\x4b\x76\x3c\x00\x00\x20\x49\x6e\x29\xdd\x01\
\x38\xa3\xf1\xd2\x5d\x24\x7f\x5d\x52\xe3\x01\x00\x80\xff\xe5\x75\
\x9b\x5f\xb7\x9f\x88\xc4\x0a\xc0\xa8\x7c\xcd\xa1\xe2\x15\xc0\x00\
\x00\x14\x4d\x3c\x3c\x98\xd8\x31\x40\x62\x05\x20\x32\x3b\x3c\xa9\
\xb1\x00\x00\xc0\xab\x65\xe2\xf8\x90\xa4\xc6\x4a\xac\x00\xc4\x16\
\x51\x00\x00\x00\x28\x22\x8f\x2c\x7d\x05\xc0\xe4\x14\x00\x00\x00\
\x8a\xc9\x75\x70\x52\x43\x25\xf8\x14\x80\xf3\x04\x00\x00\x00\x45\
\x64\x52\xfa\x76\x00\x24\x3b\x34\xb9\xb1\x00\x00\xc0\x2b\xb9\xa7\
\xac\x00\x6c\x7e\x2c\x21\xb1\x47\x13\x00\x00\xc0\x56\x98\xf6\x48\
\xea\x51\xc0\x44\x0a\x40\x34\x3c\x70\x40\x12\xe3\x00\x00\x80\x6d\
\x4b\x6a\xcd\x4d\xa4\x00\xe4\x3d\xa2\x00\x00\x00\x50\x02\xee\x7a\
\x7d\x12\xe3\x24\xb3\x03\xa0\x98\x02\x00\x00\x40\x09\xb8\x2c\x3d\
\x3b\x00\xb1\x9c\x02\x00\x00\x40\x29\x78\x32\x6b\x6e\x22\x05\xc0\
\x12\x6a\x23\x00\x00\x60\x3b\xa2\x14\x1d\x01\x48\xe2\x23\x40\x00\
\x00\x94\x46\x22\x6b\x6e\x32\x05\x20\xa1\x1b\x12\x00\x00\xc0\x76\
\xb8\xf6\x49\x62\x98\x64\x0a\x80\x69\xdf\x44\xc6\x01\x00\x00\xdb\
\xb3\x57\x12\x83\x14\x5c\x00\xce\x3c\xf0\xda\x51\x92\xc6\x26\x90\
\x05\x00\x00\x6c\xdf\xc4\xa9\x93\xda\xea\x0a\x1d\xa4\xe0\x02\x30\
\x66\xec\x8b\x7b\x16\x3a\x06\x00\x00\x18\x31\xdb\xbd\x66\x5c\xc1\
\x6b\x6f\xc1\x05\x20\xce\xd4\xee\x51\xe8\x18\x00\x00\x60\x47\xd4\
\x14\x7c\x0c\x50\x70\x01\x70\xf7\x89\x85\x8e\x01\x00\x00\x46\x2e\
\xaf\x38\x7c\x01\x88\x25\x8e\x00\x00\x00\x28\xa1\xc8\xa3\x82\x7f\
\xf9\x2e\xb8\x00\x98\x3b\x47\x00\x00\x00\x94\x90\x4b\xe3\x0b\x1d\
\xa3\xf0\xc7\x00\xcd\x28\x00\x00\x00\x94\x90\xc7\x1e\xbe\x00\xb8\
\x8b\x7b\x00\x00\x00\x28\x21\xb3\x34\xec\x00\xb8\xed\x56\xf0\x18\
\x00\x00\x60\x47\xa4\xa0\x00\x98\x8f\x29\x78\x0c\x00\x00\xb0\x03\
\x6c\x42\xa1\x23\x24\xf1\x2a\x60\x0a\x00\x00\x00\x25\x55\xf8\x2f\
\xdf\x85\x3f\x05\x20\xed\x52\xe8\x18\x00\x00\x60\x07\x58\xe1\xbf\
\x7c\xb3\x03\x00\x00\x40\xb9\xf1\x54\x14\x00\xa3\x00\x00\x00\x50\
\x5a\x69\x28\x00\xdc\x04\x08\x00\x40\x89\xa5\xa1\x00\x70\x04\x00\
\x00\x40\x89\xa5\xa2\x00\x8c\x4e\x60\x0c\x00\x00\x30\x72\x75\x85\
\x0e\x90\x44\x01\xa8\x4d\x60\x0c\x00\x00\x30\x72\x99\x42\x07\x48\
\xa2\x00\x58\x02\x63\x00\x00\x80\x91\x4b\x45\x01\x00\x00\x00\xa5\
\x55\x53\xe8\x00\xec\x00\x00\x00\x50\x7e\x52\xb1\x03\x40\x01\x00\
\x00\xa0\xb4\xd8\x01\x00\x00\x00\x3b\x8e\x02\x00\x00\x40\xf9\x19\
\x2e\x74\x00\x0a\x00\x00\x00\xe5\x27\x15\x05\xc0\x13\x18\x03\x00\
\x00\x8c\x5c\x2a\x0a\xc0\x60\x02\x63\x00\x00\x80\x11\xf3\x54\x14\
\x80\x81\x04\xc6\x00\x00\x00\x23\x66\xa9\x28\x00\xfd\x09\x8c\x01\
\x00\x00\x46\x2e\x0d\x05\xc0\xd8\x01\x00\x00\xa0\x94\x3c\x15\x05\
\xc0\xd9\x01\x00\x00\xa0\x94\x2c\x05\x05\xc0\x9d\x23\x00\x00\x00\
\x4a\xc9\x12\x38\x7e\x2f\xb8\x00\x98\x71\x13\x20\x00\x00\xa5\xe5\
\x2f\x15\x3a\x02\x4f\x01\x00\x00\x50\x66\x5c\xd1\xda\x42\xc7\x28\
\xbc\x00\x98\xaf\x2f\x78\x0c\x00\x00\x30\x62\xee\x4a\x41\x01\x88\
\xed\xc5\x82\xc7\x00\x00\x00\x23\x67\xa9\x38\x02\xf0\xd5\x85\x8f\
\x01\x00\x00\x46\x2e\x05\x05\xc0\x65\x14\x00\x00\x00\x4a\xc8\x2c\
\x05\xf7\x00\x98\x71\x04\x00\x00\x40\x49\xa5\xe2\x1e\x00\xc5\x14\
\x00\x00\x00\x4a\xc8\x2c\x05\x05\xc0\x15\x71\x04\x00\x00\x40\x09\
\x79\xac\x17\x0a\x1d\x23\x81\x23\x80\x3c\x3b\x00\x00\x00\x94\x92\
\xd9\xd3\x85\x0e\x51\x70\x01\x88\x22\x51\x00\x00\x00\x28\xa1\xc8\
\x6a\x9e\x2d\x78\x8c\x42\x07\x18\x3d\xda\x0b\x0e\x01\x00\x00\x46\
\x2c\xb7\x4f\xcf\xb3\xcf\x17\x3a\x48\xc1\x05\x60\xfe\x6d\x73\xfb\
\x25\x76\x01\x00\x00\x28\x91\x67\xdb\xd4\x16\x17\x3a\x48\x12\xdf\
\x02\x90\xa4\x27\x13\x1a\x07\x00\x00\x6c\x83\x49\xcf\x24\x31\x0e\
\x05\x00\x00\x80\x32\xe2\x69\x2a\x00\x6e\x14\x00\x00\x00\x4a\xc2\
\x55\xf0\x13\x00\x52\x42\x05\x20\x72\xa7\x00\x00\x00\x50\x02\x6e\
\x9e\x9e\x1d\x00\xc9\x28\x00\x00\x00\x94\x40\xe4\xc9\xac\xb9\xc9\
\x1c\x01\x24\x14\x06\x00\x00\x6c\x9b\xcb\xfe\x96\xc4\x38\x89\x14\
\x00\x73\x3d\x91\xc4\x38\x00\x00\x60\xdb\xac\xc6\x1f\x49\x62\x9c\
\x44\x0a\x40\x46\x99\x87\x25\x79\x12\x63\x01\x00\x80\xd7\x14\xd7\
\xad\xb7\xc7\x92\x18\x28\x91\x02\xb0\xb8\x6f\xe6\x7a\x49\xbc\x11\
\x10\x00\x80\xe2\x7a\x62\xe1\xca\x96\xc1\x24\x06\x4a\xea\x3d\x00\
\x92\x6b\x65\x62\x63\x01\x00\x80\x57\x49\xea\xfc\x5f\x4a\xb2\x00\
\x98\x1e\x4a\x6c\x2c\x00\x00\xf0\x2a\x26\x4f\x63\x01\x70\x76\x00\
\x00\x00\x28\x22\x93\x25\x72\x03\xa0\x94\xec\x11\x00\x3b\x00\x00\
\x00\x14\x51\x2c\xa5\xaf\x00\x44\x51\xc4\x0e\x00\x00\x00\x45\xe4\
\xf2\xfb\x93\x1a\x2b\xb9\x02\x90\xcb\x3c\x24\x1e\x05\x04\x00\xa0\
\x58\xe2\x41\x1b\x4a\x5f\x01\xd8\xfc\x28\xe0\x53\x49\x8d\x07\x00\
\x00\xb6\x64\x7f\xbb\xbe\xe7\xc2\x0d\x49\x8d\x96\xdc\x3d\x00\x92\
\x24\xef\x49\x76\x3c\x00\x00\xb0\xd9\x8a\x24\x07\x4b\xb8\x00\xd8\
\x3d\xc9\x8e\x07\x00\x00\x24\xc9\x15\xa7\xb9\x00\xa8\x37\xe1\xf1\
\x00\x00\x80\x24\x99\xf5\x25\x39\x5c\xa2\x05\x20\x32\x71\x04\x00\
\x00\x40\x11\x98\x47\xe9\x2d\x00\xfb\x4c\x5c\x7d\xbf\xa4\x81\x24\
\xc7\x04\x00\x00\xca\xd5\xf7\xfb\x83\x49\x0e\x98\x68\x01\x68\xbb\
\xa5\x2d\x27\x53\x62\x8f\x28\x00\x00\x00\x49\xb2\x07\x92\xfa\x08\
\xd0\xcb\x92\xbe\x07\x40\x72\x71\x23\x20\x00\x00\x89\xf2\xbf\x26\
\x3d\x62\xe2\x05\xc0\xc4\x7d\x00\x00\x00\x24\xab\x0c\x0a\x40\x31\
\x42\x02\x00\x50\xcd\xa2\x28\xfa\x4b\xe2\x63\x26\x3d\xa0\xd7\x8d\
\xfe\xab\xa4\x5c\xd2\xe3\x02\x00\x50\xa5\x86\x6a\x37\x24\x7f\xbc\
\x9e\x78\x01\xe8\xea\x6e\xde\x28\xde\x07\x00\x00\x40\x42\xbc\x27\
\xe9\x1b\x00\xa5\xa2\x1c\x01\x48\x72\xdd\x5e\x94\x71\x01\x00\xa8\
\x36\x6e\x77\x14\x63\xd8\xe2\x14\x80\x48\x7f\x2e\xca\xb8\x00\x00\
\x54\x19\x33\x95\x51\x01\xf0\x88\x02\x00\x00\x40\x02\xe2\x28\x9f\
\xf8\x0d\x80\x52\x91\x0a\x40\x57\xef\xf9\x0f\x48\x5a\x5d\x8c\xb1\
\x01\x00\xa8\x22\x6b\xd7\x1c\xf6\xba\xa2\xbc\x60\xaf\x38\x3b\x00\
\x32\x97\x38\x06\x00\x00\xa0\x10\x2e\xfd\x71\xd9\xb2\xd3\xf2\xc5\
\x18\xbb\x48\x05\x40\x72\xd9\x6d\xc5\x1a\x1b\x00\x80\x6a\x60\xd2\
\xef\x8a\x35\x76\xd1\x0a\x40\xa4\xf8\x96\x62\x8d\x0d\x00\x40\x55\
\x30\x2f\xbf\x02\xf0\x62\xbc\xe6\x76\x49\x1b\x8a\x35\x3e\x00\x00\
\x15\x6e\xbd\x6a\x47\xdf\x59\xac\xc1\x8b\x56\x00\x96\xf5\xb5\x0d\
\xb9\xf4\xa7\x62\x8d\x0f\x00\x40\x25\x33\xb7\x5b\xbb\xba\x9b\x87\
\x8b\x35\x7e\xd1\x0a\x80\x24\xc9\xf5\xdb\xa2\x8e\x0f\x00\x40\x85\
\x8a\x55\xbc\xed\x7f\xa9\xc8\x05\xc0\x22\xff\x4d\x31\xc7\x07\x00\
\xa0\x52\x45\x56\xdc\x7b\xe9\x8a\x5a\x00\xf6\x9b\xb8\xa6\x5b\xd2\
\xda\x62\xce\x01\x00\x40\x05\xda\xf0\x62\xfc\x52\x77\x31\x27\x28\
\x6a\x01\x68\xbb\xa5\x2d\x27\xe9\x0f\xc5\x9c\x03\x00\x80\x0a\x74\
\xcb\xb2\xbe\xb6\xa1\x62\x4e\x50\xdc\x7b\x00\x24\x99\xc4\x31\x00\
\x00\x00\x3b\xc4\x97\x17\x7b\x86\xa2\x17\x80\xbc\xc7\x37\x15\x7b\
\x0e\x00\x00\x2a\x8a\x47\x45\x5f\x3b\x8b\x5e\x00\x96\xae\x98\x73\
\x9f\xa4\x87\x8b\x3d\x0f\x00\x00\x15\xe2\xc1\xae\x15\x2d\x45\x5f\
\x37\x8b\x5e\x00\x24\xc9\xa5\x5f\x94\x62\x1e\x00\x00\xca\x9f\x97\
\x64\xcd\x2c\x49\x01\x50\xe4\x3f\x2f\xc9\x3c\x00\x00\x94\xbb\x12\
\x6c\xff\x4b\x25\x2a\x00\xa3\x36\x44\xb7\x48\x5a\x57\x8a\xb9\x00\
\x00\x28\x63\xfd\xbb\xec\x9a\x2b\xc9\xd3\x73\x25\x29\x00\x0b\x57\
\xb6\x0c\x3a\x4f\x03\x00\x00\xb0\x4d\x66\xfa\xf5\xfc\xdb\xe6\xf6\
\x97\x62\xae\xd2\x1c\x01\x48\x92\x38\x06\x00\x00\x60\x5b\x5c\x56\
\xb2\x7b\xe6\x4a\x56\x00\x2c\xe7\x37\x4a\xf2\x52\xcd\x07\x00\x40\
\x99\x89\x35\x9c\xff\x69\xa9\x26\x2b\x59\x01\xe8\xba\x6f\xce\xd3\
\xee\xba\xa3\x54\xf3\x01\x00\x50\x66\xfe\xd8\x75\xdf\x9c\xa7\x4b\
\x35\x59\x09\x8f\x00\x24\x8b\xec\x47\xa5\x9c\x0f\x00\x80\x72\x61\
\xae\x92\xae\x91\x25\x2d\x00\x35\xf1\xf0\xf7\xc5\x31\x00\x00\x00\
\xaf\xe4\x19\xe5\x4a\xb6\xfd\x2f\x95\xb8\x00\x2c\x5e\xf1\xf9\xc7\
\x25\xfd\xa5\x94\x73\x02\x00\x50\x06\x6e\xdb\xbc\x46\x96\x4c\x49\
\x0b\x80\x24\xc9\x7d\x59\xc9\xe7\x04\x00\x20\xc5\x4c\xfa\xcf\x52\
\xcf\x59\xf2\x02\x50\xa3\xfc\x0f\xc5\x31\x00\x00\x00\x2f\xf3\x5c\
\x2e\x53\xf9\x05\x60\xf1\x8a\xcf\x3f\x6e\xd2\x9f\x4b\x3d\x2f\x00\
\x00\x29\xf5\xd7\xab\xef\x3b\xff\xef\xa5\x9e\xb4\xf4\x47\x00\x92\
\x5c\xfe\xc3\x10\xf3\x02\x00\x90\x36\x6e\xfa\x4e\x88\x79\x83\x14\
\x80\xd8\xa2\x65\x92\xe2\x10\x73\x03\x5b\x9a\x3a\xa9\xad\x2e\xd4\
\xdc\xb3\xd2\xe4\x59\xa9\x00\x00\x14\xe6\x49\x44\x41\x54\x0e\xe9\
\xa8\x0f\x35\x77\x5a\x70\xfd\x01\x0d\x67\x54\xf7\xbd\x10\x13\x07\
\x29\x00\x4b\x7b\x5a\x9e\x70\xe9\xd7\x21\xe6\x06\xb6\x34\x61\xd4\
\xd8\x71\xa1\xe6\x1e\x1e\x53\xbb\x5b\xa8\xb9\xd3\x82\xeb\x8f\xaa\
\xe7\x5a\x7e\x55\xcf\x79\xab\x42\x4c\x1d\xa4\x00\x6c\x62\xdf\x0a\
\x37\x37\xb0\x89\x0f\xd4\xbc\x31\xd4\xdc\x39\x0d\x1f\x14\x6a\xee\
\xb4\xe0\xfa\xa3\xda\x59\x64\xd7\x85\x9a\x3b\x58\x01\x18\x3b\x36\
\xf7\x63\x49\x2f\x85\x9a\x1f\x90\x24\x45\x3a\x3a\xd8\xd4\xae\xa3\
\x42\xcd\x9d\x1a\x5c\x7f\x54\xb7\xd5\x75\x1b\xf5\x5f\xa1\x26\x0f\
\x56\x00\xe6\xdf\x36\xb7\xdf\x64\xdc\x0c\x88\xa0\xcc\xed\xdd\x01\
\xa7\xff\xa7\x80\x73\xa7\x02\xd7\x1f\xd5\xcc\x4d\x3f\x58\xb8\xb2\
\x65\x30\xd4\xfc\x01\x8f\x00\x24\x8b\x39\x06\x40\x60\xa6\x0f\x9d\
\xd1\x78\xe9\x2e\xa5\x9e\x76\xd3\x9c\x7e\x72\xa9\xe7\x4d\x1d\xae\
\x3f\xaa\x58\xe4\x71\xb0\xed\x7f\x29\x70\x01\xb8\xaa\xef\xfc\x3f\
\x49\x7a\x30\x64\x06\x54\xbd\xb1\x63\xe2\xda\x4f\x96\x7a\xd2\x51\
\x5e\xfb\x69\x49\x63\x4b\x3d\x6f\x0a\x71\xfd\x51\x9d\x5c\x0f\x75\
\xf6\xce\xbe\x3d\x64\x84\xa0\x05\x40\x32\x97\x39\xbb\x00\x08\xca\
\x65\x17\x67\x9b\x3a\x6b\x4b\x35\xdf\xd4\x49\x6d\x75\x26\xfb\x42\
\xa9\xe6\x4b\x3b\xae\x3f\xaa\x91\x99\x5d\x2d\x59\xd0\xb7\xe2\x06\
\x2e\x00\x52\xac\xe8\x3a\x49\xf9\xd0\x39\x50\xc5\x4c\x87\x6a\x78\
\x70\x76\xa9\xa6\x9b\x10\x4d\x98\x2b\x89\x3b\xd0\x5f\xc6\xf5\x47\
\xf5\x19\x1c\xaa\xd1\x35\xa1\x43\x58\xe8\x00\x92\x34\xbd\xa1\xfd\
\xa7\x26\x7d\x24\x74\x0e\x54\xb5\x81\xd8\xec\xa4\xa5\x3d\x2d\x45\
\xdd\x92\x6b\x6e\x98\x3f\xc5\x15\xfd\x56\x12\x2f\xa1\xf9\xdf\xb8\
\xfe\xa8\x26\xdf\xee\xea\x6d\x3d\x23\x74\x88\xe0\x3b\x00\x92\x14\
\xb9\x5f\x11\x3a\x03\xaa\xde\xa8\xc8\xfd\x27\x33\x26\x5f\x7e\x40\
\xb1\x26\x38\xfb\x98\x85\xfb\xb9\xa2\x65\x62\xf1\xd9\x1a\xae\x3f\
\xaa\x86\xbb\xae\x0c\x9d\x41\x4a\x49\x01\xe8\x5c\xd1\x7a\xb3\xa4\
\x07\x42\xe7\x40\xd5\xdb\x27\x67\x35\x37\x4e\x6b\xec\x78\x5d\xd2\
\x03\xcf\x98\x7c\xf9\x01\x35\xb9\x78\xb9\xa4\xfd\x93\x1e\xbb\x82\
\x70\xfd\x51\x0d\x7a\x97\xac\x68\xfd\x53\xe8\x10\x52\x4a\x0a\x80\
\x64\x2e\xb7\xc5\xa1\x53\x00\x92\x1a\x23\xf7\x3b\x9b\x1b\x16\xbc\
\x23\xa9\x01\x9b\x1b\xe6\x4f\xc9\x59\xcd\x5f\x24\x35\x24\x35\x66\
\x05\xe3\xfa\xa3\xa2\x99\x2b\x35\x6b\x5d\x2a\xee\x01\x90\xa4\x6c\
\x53\xe7\x6e\x1a\x1a\x78\x42\x3c\x9a\x83\x74\x18\x74\xd9\xd7\x06\
\x6c\xf0\xf2\xeb\x7b\x2e\xdc\xb0\x33\x03\x4c\x9d\xd4\x56\x37\xde\
\x26\x7c\xde\x4c\xff\x2a\xb6\x9d\x77\x14\xd7\x1f\x95\x68\x5d\x7d\
\xbf\xbd\x6e\xe1\xca\x96\xb5\xa1\x83\x48\x29\x2a\x00\x92\x94\x6d\
\x58\x70\x95\x64\xcd\xa1\x73\x00\x5b\x78\x46\x66\x5f\xe9\xd7\xe0\
\x75\x23\x5d\x88\xce\x68\xbc\x74\x97\x31\x5e\x77\xba\x4b\x17\x8b\
\xbb\xcd\x0b\xc5\xf5\x47\xc5\x70\xd3\x55\x4b\x7a\x5a\xcf\x0b\x9d\
\xe3\x65\x29\x2b\x00\x0b\x1b\xa4\xb8\x27\x74\x0e\x60\x2b\xd6\xcb\
\xec\xe7\x72\xfd\x56\x16\xdf\x1d\xa9\xfe\x91\x17\xf2\xcf\xae\x91\
\xa4\xdd\x33\x7b\x8f\x8f\x35\xf8\x46\x8b\xed\x18\x99\x4e\x72\xe9\
\x14\xb1\x93\x95\x34\xae\x3f\xca\x9d\x5b\x6c\x93\x3b\xfb\x5a\xee\
\x0d\x1d\xe4\x65\xa9\x2a\x00\x92\x94\x6d\x68\xbf\x45\xd2\x3b\x43\
\xe7\x00\x00\x20\x29\x2e\xfd\x62\x49\x6f\xeb\x07\x43\xe7\xd8\x52\
\x4a\x6e\x02\xfc\x1f\x66\x76\x79\xe8\x0c\x00\x00\x24\xc9\x62\x5d\
\x16\x3a\xc3\x2b\xa5\x6e\x07\x40\x72\xcb\x36\x2c\xec\x95\x7c\x52\
\xe8\x24\x00\x00\x14\xca\xa4\xee\xce\xde\xd6\x63\x43\xe7\x78\xa5\
\xd4\xed\x00\x48\xe6\x26\x67\x17\x00\x00\x50\x19\x52\xba\xb3\x9d\
\xc2\x02\x20\x79\xdd\xa8\x6f\x4b\x7a\x2c\x74\x0e\x00\x00\x0a\xf4\
\x84\xd7\xd6\xff\x28\x74\x88\xad\x49\x65\x01\xe8\xea\x6e\x1e\x76\
\xd7\xc2\xd0\x39\x00\x00\x28\x8c\xcf\xeb\xea\x6e\x1e\x0e\x9d\x62\
\x6b\x52\x59\x00\x24\x29\x3f\x3c\xd0\x29\x69\x4d\xe8\x1c\x00\x00\
\xec\xa4\xb5\xaa\x1b\x1d\xfc\xab\x7f\xaf\x25\xb5\x05\xe0\x9a\x07\
\x2e\x5e\x27\xe9\xaa\xd0\x39\x00\x00\xd8\x19\x2e\xef\xe8\xea\x6e\
\x7e\x29\x74\x8e\xd7\x92\xda\x02\x20\x49\x35\x71\x4d\xbb\xa4\x81\
\xd0\x39\x00\x00\xd8\x41\xeb\xea\x86\x6b\x16\x84\x0e\xb1\x2d\xa9\
\x2e\x00\x8b\xfb\x66\x3e\x63\xae\xce\xd0\x39\x00\x00\xd8\x21\xae\
\x8e\x2b\xee\x3f\xff\x85\xd0\x31\xb6\x25\xd5\x05\x40\x92\x32\x5e\
\xf3\x1f\x92\x36\x86\xce\x01\x00\xc0\x08\xad\x1f\xae\xb5\xf6\xd0\
\x21\xb6\x27\xf5\x05\x60\x71\xdf\xcc\x67\x9c\x7b\x01\x00\x00\xe5\
\xc2\xad\xe3\xda\xbb\x5a\x9e\x0b\x1d\x63\x7b\x52\x5f\x00\x24\xc9\
\xea\x86\xbf\x2e\x69\x7d\xe8\x1c\x00\x00\x6c\xc7\x86\xe1\x5a\xa5\
\xfa\xec\xff\x65\x65\x51\x00\xba\xba\x2f\x78\x5e\xd2\xe2\xd0\x39\
\x00\x00\xd8\x16\x33\x95\xc5\x6f\xff\x52\x99\x14\x00\x49\x52\xdd\
\xf0\xa5\x92\xd6\x85\x8e\x01\x00\xc0\x6b\x58\xef\xb5\xc3\xf3\x42\
\x87\x18\xa9\xb2\x29\x00\x5d\xdd\x17\x3c\x2f\x37\xde\x0e\x08\x00\
\x48\x27\xd7\x65\x9b\x77\xac\xcb\x42\xd9\x14\x00\x49\xca\x7b\xee\
\x72\xf1\x76\x40\x00\x40\xfa\x3c\x5b\xe3\x35\xa9\xfc\xe8\xcf\x6b\
\x29\xab\x02\x70\x75\xdf\xdc\x17\x65\xf6\xb5\xd0\x39\x00\x00\xf8\
\x5f\xcc\xbe\xbc\xb8\x6f\x66\x59\xdd\xac\x5e\x56\x05\x40\x92\x56\
\xe7\x5f\x6c\x97\xf4\x70\xe8\x1c\x00\x00\x6c\xf6\xa0\x6a\xeb\x97\
\x86\x0e\xb1\xa3\xca\xae\x00\x2c\xeb\x6b\x1b\x92\xf4\xff\x87\xce\
\x01\x00\x80\x24\x99\xdb\x17\xd3\xfa\xc5\xbf\x6d\xb1\xd0\x01\x76\
\x8e\x5b\xb6\x61\xe1\xad\x92\x4f\x09\x9d\x04\x00\x50\xbd\xdc\xf5\
\x97\x25\x2b\x5a\x4e\x90\xcc\x43\x67\xd9\x51\x65\xb7\x03\xb0\x89\
\xb9\x29\xfe\x42\xe8\x14\x00\x80\xea\x66\xae\x2f\x94\xe3\xe2\x2f\
\x95\x6d\x01\x90\x3a\x7b\x67\xff\xde\xa5\x9f\x85\xce\x01\x00\xa8\
\x4e\x2e\xfd\xac\xab\xaf\xf5\xb7\xa1\x73\xec\xac\xb2\x2d\x00\x92\
\x54\x63\x7e\xb1\xa4\xb2\x3b\x77\x01\x00\x94\xbd\xc1\x28\xa3\x0b\
\x43\x87\x28\x44\x59\x17\x80\x2b\x7b\x66\x3f\x20\xf3\x2b\x43\xe7\
\x00\x00\x54\x9d\x6f\x74\xde\xdd\xfa\x50\xe8\x10\x85\x28\xeb\x02\
\x20\x49\xf5\x1b\xa3\x7f\x91\xf4\x54\xe8\x1c\x00\x80\x6a\x61\x8f\
\xf7\xdb\xd0\x25\xa1\x53\x14\xaa\xec\x0b\xc0\xc2\x95\x2d\x6b\xdd\
\xc5\x0d\x81\x00\x80\x92\x30\xd7\xec\xeb\x7b\x2e\xdc\x10\x3a\x47\
\xa1\xca\xf4\x31\xc0\x57\x72\xcb\x36\x76\xfc\x5a\xae\x93\x42\x27\
\x01\x00\x54\xb4\x5f\x77\xf5\xb6\xbe\x27\x74\x88\x24\x94\xfd\x0e\
\xc0\x26\xe6\x6e\xf9\x59\xe2\x86\x40\x00\x40\xf1\xe4\x22\xd3\xec\
\xd0\x21\x92\x52\x21\x05\x40\x5a\x72\xcf\xdc\x3e\x97\xf8\x5a\x20\
\x00\xa0\x38\xdc\xe7\x5f\xd5\xd3\xba\x22\x74\x8c\xa4\x54\x4c\x01\
\x90\xa4\xfc\xd0\x40\x9b\xa4\x27\x43\xe7\x00\x00\x54\x9c\xc7\x72\
\xc3\x83\xff\x16\x3a\x44\x92\x2a\xaa\x00\x5c\xf3\xc0\xc5\xeb\xcc\
\xfd\xf3\xa1\x73\x00\x00\x2a\x8b\x49\xe7\x5d\xf3\xc0\xc5\xeb\x42\
\xe7\x48\x52\x45\x15\x00\x49\xea\x5c\x31\xfb\x07\x92\xfd\x34\x74\
\x0e\x00\x40\x65\x30\xe9\x3b\x9d\xbd\xad\xbf\x08\x9d\x23\x69\x15\
\x57\x00\x24\x29\x57\x63\x33\x25\xad\x0e\x9d\x03\x00\x50\xf6\x5e\
\x30\xab\x9b\x1b\x3a\x44\x31\x54\x64\x01\xb8\xe6\xae\x59\x4f\xc9\
\x74\x51\xe8\x1c\x00\x80\xf2\xe6\xae\x39\x57\xf5\x9c\xb7\x2a\x74\
\x8e\x62\xa8\x90\xf7\x00\x6c\x8d\x5b\xf3\xe4\x85\x37\xb9\xf9\xfb\
\x43\x27\x01\x00\x94\x1f\x93\xff\xa6\xb3\xb7\xf5\x3d\xe5\xfa\xb5\
\xbf\xed\xa9\xc8\x1d\x80\x4d\xcc\x73\xf9\xa8\x59\x52\x45\xdd\xb4\
\x01\x00\x28\x89\x8d\x91\x7c\x7a\xa5\x2e\xfe\x52\x45\x17\x00\xe9\
\xea\xfb\xce\xff\xbb\xe4\x5f\x0a\x9d\x03\x00\x50\x66\xdc\xbe\x78\
\x65\xef\x9c\xbf\x85\x8e\x51\x4c\x15\x5d\x00\x24\x69\xbf\xde\x35\
\x8b\x25\xfd\x3e\x74\x0e\x00\x40\xd9\xb8\xb9\x6b\xc5\xac\x8a\x7f\
\xb1\x5c\xc5\x17\x80\x36\xb5\xc5\xf9\x38\x7f\x8e\xa4\xf5\xa1\xb3\
\x00\x00\x52\x6f\x75\x6c\x76\x56\x25\x6f\xfd\xbf\xac\xe2\x0b\x80\
\x24\x5d\xdd\x37\x77\xa5\xb9\x57\xcc\xfb\x9b\x01\x00\xc5\xe1\xa6\
\x19\x4b\x7b\x5a\x9e\x08\x9d\xa3\x14\x2a\xf8\x29\x80\x57\x6b\x6e\
\x68\xff\x81\x4b\xa7\x85\xce\x01\x00\x48\x9f\xcd\x2f\xfc\xf9\x4c\
\xe8\x1c\xa5\x52\x15\x3b\x00\x2f\x8b\x54\x7b\xae\xa4\xc7\x42\xe7\
\x00\x00\xa4\xce\x93\xb9\x38\xdf\x12\x3a\x44\x29\x55\x55\x01\xb8\
\xb2\x77\xc6\x6a\x97\x7d\x56\x52\x1c\x3a\x0b\x00\x20\x35\xdc\x4c\
\xd3\xae\xee\x9b\xfb\x62\xe8\x20\xa5\x94\x09\x1d\xa0\xd4\xee\x5c\
\x75\xd3\xdf\x9b\xf6\x39\x65\x9c\xa4\x13\x43\x67\x01\x00\xa4\xc2\
\x82\xae\xde\xd6\x2b\x42\x87\x28\xb5\xaa\xda\x01\x78\x59\xfd\x46\
\xfd\x5f\x99\xee\x0e\x9d\x03\x00\x10\xdc\x1d\xab\xe3\xd5\x5f\x08\
\x1d\x22\x84\xaa\xba\x09\x70\x4b\xcd\x93\x3a\xde\xe4\x91\xff\x45\
\xd2\x2e\xa1\xb3\x00\x00\x82\x58\x1d\x65\xe2\x37\x5f\x75\xf7\x9c\
\x47\x43\x07\x09\xa1\x2a\x77\x00\x24\xa9\xb3\xaf\xe5\x5e\x37\x4d\
\x0b\x9d\x03\x00\x10\x84\xbb\xeb\x9c\x6a\x5d\xfc\xa5\x2a\xbc\x07\
\x60\x4b\x77\x3e\xbb\x7c\xc5\x9b\xf7\x39\x79\x1f\x93\x8e\x0d\x9d\
\x05\x00\x50\x4a\xde\xbe\x64\xc5\xec\x05\xa1\x53\x84\x54\xb5\x3b\
\x00\x2f\x1b\xb5\xd1\x66\x4b\xfe\xd7\xd0\x39\x00\x00\x25\x73\xc7\
\xea\x78\xcd\xc5\xa1\x43\x84\x56\xb5\xf7\x00\x6c\x29\x3b\xa9\xfd\
\xf5\x8a\x74\xa7\xa4\xdd\x43\x67\x01\x00\x14\xd5\x9a\xd8\xa2\x37\
\x2f\xed\x99\xf5\x48\xe8\x20\xa1\x55\xfd\x0e\x80\x24\x75\xf5\xb5\
\x3e\xe6\xee\x67\x4a\xaa\xf8\x77\x3f\x03\x40\x15\x73\x93\xce\x64\
\xf1\xdf\xa4\xaa\xef\x01\xd8\xd2\x9d\xab\x96\x3f\x78\xec\x3e\x27\
\xd7\x4b\x7a\x7b\xe8\x2c\x00\x80\x22\x70\x7d\xb9\x6b\x45\x6b\x67\
\xe8\x18\x69\xc1\x0e\xc0\x16\x5e\x3c\x7c\xdf\x7f\x31\xf9\x6f\x42\
\xe7\x00\x00\x24\xcd\x7e\xda\xb5\xa2\xe5\x2b\xa1\x53\xa4\x09\x05\
\x60\x0b\xcb\x96\x9d\x96\xcf\xc5\xf1\x54\xb9\x1e\x0a\x9d\x05\x00\
\x90\x98\xfb\x55\x57\x7f\x66\x35\x7c\xe2\x77\x47\x70\x13\xe0\x56\
\x64\x1b\x16\x1e\x21\xc5\xb7\x49\x1a\x1f\x3a\x0b\x00\xa0\x20\xab\
\xf3\x71\xfe\xf8\xab\xfb\xe6\xae\x0c\x1d\x24\x6d\xd8\x01\xd8\x8a\
\xae\xde\x59\xf7\x7b\xe4\x9f\x94\x94\x0f\x9d\x05\x00\xb0\xd3\x62\
\x93\x3e\xc3\xe2\xbf\x75\xdc\x04\xf8\x1a\xee\x7c\x76\xf9\xc3\x4d\
\x7b\x7d\x60\x83\xcc\xde\x17\x3a\x0b\x00\x60\xc7\xb9\xeb\xa2\xae\
\x15\xad\xdf\x0a\x9d\x23\xad\x38\x02\xd8\x8e\x6c\x43\xfb\x35\x92\
\xce\x0a\x9d\x03\x00\x30\x72\xee\x76\xdd\x92\x15\x2d\x9f\x0b\x9d\
\x23\xcd\x38\x02\xd8\x9e\xba\x51\xcd\x92\x7e\x17\x3a\x06\x00\x60\
\xc4\x7e\x37\x6a\x40\xd9\xd0\x21\xd2\x8e\x1d\x80\x11\x38\xb7\xf1\
\xca\xbd\x62\x1f\xba\x4d\xd2\x41\xa1\xb3\x00\x00\xb6\xe9\xde\xa1\
\x4c\xfc\xd6\x6f\xde\x3d\x67\x4d\xe8\x20\x69\x47\x01\x18\xa1\xec\
\xe4\x8e\x83\x65\x7e\xab\xa4\xbd\x43\x67\x01\x00\x6c\xd5\x33\xf9\
\x5c\xe6\x84\xab\xef\x3b\xff\xef\xa1\x83\x94\x03\x8e\x00\x46\xa8\
\x6b\x45\xcb\xc3\x1e\xfb\xa9\x92\xd6\x87\xce\x02\x00\x78\x95\x7e\
\x99\x7f\x94\xc5\x7f\xe4\x28\x00\x3b\x60\x49\xdf\xec\x3b\x4c\xfa\
\x84\xa4\x5c\xe8\x2c\x00\x80\x7f\xc8\x4b\xf1\xa7\xbb\x7a\x66\xff\
\x39\x74\x90\x72\x42\x01\xd8\x41\x9d\xbd\xad\xbf\x30\xf7\x73\xc5\
\x87\x83\x00\x20\x2d\x5a\xbb\x7a\xe7\xfc\x34\x74\x88\x72\xc3\x7b\
\x00\x76\x42\xf7\xaa\xe5\x77\x35\xed\x7d\x72\x2c\xe9\xa4\xd0\x59\
\x00\xa0\xaa\x99\xbe\xdc\xd5\xdb\x7a\x69\xe8\x18\xe5\x88\x02\xb0\
\x93\xba\x57\x2d\xff\x7d\xd3\xde\xa7\xec\x21\xe9\xf8\xd0\x59\x00\
\xa0\x4a\x5d\xd1\xd5\xdb\x7a\x51\xe8\x10\xe5\x8a\x23\x80\x02\xac\
\x3e\x62\x9f\xd9\x92\x2d\x0b\x9d\x03\x00\xaa\xd0\xb7\xba\x7a\x5b\
\x66\x85\x0e\x51\xce\x28\x00\x05\x58\xb6\xec\xb4\xbc\xea\xea\x4f\
\x97\xec\x86\xd0\x59\x00\xa0\x5a\xb8\xf4\xb3\xfd\x76\x5f\x3d\x8d\
\xaf\xfb\x15\x86\xf7\x00\x24\x60\xea\xa4\xb6\xba\xf1\xd1\x84\x9f\
\x98\x74\x4a\xe8\x2c\x00\x50\xe1\x7e\x3d\xb4\x6e\xdc\x87\xbe\xf9\
\xe8\x59\x03\xa1\x83\x94\x3b\x76\x00\x12\xb0\xac\xaf\x6d\x68\xec\
\xd8\xfc\xc7\x5d\x76\x4b\xe8\x2c\x00\x50\xc1\xfe\x5c\x13\xd7\x7c\
\x94\xc5\x3f\x19\xec\x00\x24\xe8\xec\xc3\x2f\xd9\xb5\xb6\x6e\xd4\
\x2f\x5d\x3a\x21\x74\x16\x00\xa8\x24\x26\x75\x47\xaa\x7d\xef\x95\
\xbd\x33\x56\x87\xce\x52\x29\x28\x00\x09\xcb\x36\x75\xee\xa6\xa1\
\xfe\x9b\x25\x3b\x36\x74\x16\x00\xa8\x0c\x76\x67\x3e\xce\xbd\xf7\
\xea\xbe\xb9\x2f\x86\x4e\x52\x49\x38\x02\x48\x58\x57\x77\xf3\x4b\
\xaa\xcb\x9d\x2c\xa9\x37\x74\x16\x00\x28\x77\xee\xfa\xcb\x50\x26\
\xff\x4f\x2c\xfe\xc9\x63\x07\xa0\x48\xce\x6b\x58\x3c\x21\xe7\xc3\
\xcb\xcd\x78\x4f\x00\x00\xec\x0c\x93\xba\x73\x71\xfe\x7d\x2c\xfe\
\xc5\x41\x01\x28\xa2\x4d\xc7\x01\x83\x37\x49\x3e\x25\x74\x16\x00\
\x28\x27\x9c\xf9\x17\x1f\x47\x00\x45\xd4\xd5\xdd\xfc\x52\xbf\x0d\
\xbe\x57\xd2\xaf\x43\x67\x01\x80\xf2\x61\xb7\xd5\xf5\xdb\xbb\x59\
\xfc\x8b\x8b\x02\x50\x64\xd7\xf7\x5c\xb8\x41\x75\xa3\x3e\x2c\xe9\
\x97\xa1\xb3\x00\x40\xda\x99\xf4\x87\xfa\x7e\x7d\x60\xe1\xca\x96\
\xb5\xa1\xb3\x54\x3a\x0a\x40\x09\x74\x75\x37\x6f\x5c\x1d\xaf\x3e\
\xd5\xa4\x9f\x84\xce\x02\x00\x69\x65\xa6\x1b\xc7\x8c\xcd\xbf\x9f\
\xc5\xbf\x34\xf8\x18\x50\x89\xdc\xfb\xdc\x2d\xf9\x53\xdf\x74\xc2\
\x7f\xae\xeb\x1f\x7d\x90\xa4\xc6\xd0\x79\x00\x20\x4d\x4c\xfa\x8e\
\xd7\x8d\xfa\xf4\x15\x7f\x99\x35\x18\x3a\x4b\xb5\xa0\x00\x94\xd0\
\x2d\x8f\xde\x12\x1f\xf4\xce\xb3\x6f\x18\xfd\xdc\xfa\x3d\x65\x3a\
\x2e\x74\x1e\x00\x48\x07\x5b\xb4\x5f\xef\xea\xe6\xcb\x9f\xbe\x20\
\x1f\x3a\x49\x35\xe1\x29\x80\x40\x9a\x1b\x3a\x2e\x76\xf9\xd7\xc5\
\xbf\x03\x00\x55\xcc\xe5\x97\x2c\xe9\x9d\xfd\x85\xd0\x39\xaa\x11\
\x8b\x4f\x40\xd9\xc6\xf6\xcf\xc9\xb5\x44\x52\x6d\xe8\x2c\x00\x50\
\x62\x2e\xb3\xb9\x5d\x3d\x2d\x0b\x42\x07\xa9\x56\x14\x80\xc0\xb2\
\x93\x3b\x3e\x28\xf3\x1f\x48\xda\x25\x74\x16\x00\x28\x91\x7e\x33\
\xfb\x6c\x67\x4f\xcb\x8f\x42\x07\xa9\x66\x14\x80\x14\x98\x3e\x69\
\xc1\x71\x16\xe9\x46\xc9\xf6\x0a\x9d\x05\x00\x8a\xec\x85\xd8\xec\
\x63\x4b\x7b\x5a\xfe\x10\x3a\x48\xb5\xe3\x31\xc0\x14\x58\xd2\x37\
\xfb\x8e\x8c\x7c\x8a\x5c\x0f\x85\xce\x02\x00\x45\xe3\x7a\xc8\x32\
\x9a\xc2\xe2\x9f\x0e\x14\x80\x94\xb8\xb2\x77\xce\xdf\x6a\x73\x99\
\x29\x2e\xbb\x25\x74\x16\x00\x48\x9a\xc9\x7f\x33\x54\x13\x1f\xdf\
\x79\x77\x2b\xbf\xe8\xa4\x04\x8f\x01\xa6\xc8\x1d\xcf\xff\xa2\xff\
\xe0\x3d\xdf\xf2\xbd\xd1\x36\x7a\x7f\x49\xc7\x84\xce\x03\x00\x49\
\x30\xf9\x37\x5f\x8c\xd7\x7c\xf2\xbb\xbd\x5f\xdc\x10\x3a\x0b\xfe\
\x07\xf7\x00\xa4\x54\x73\x43\x7b\xd6\xa5\x2b\x24\xd5\x84\xce\x02\
\x00\x3b\xc9\x65\xfa\x4a\x57\x4f\x6b\x5b\xe8\x20\x78\x35\x0a\x40\
\x8a\x35\x37\xb6\x7f\xc0\x5d\xdf\x97\xb4\x5b\xe8\x2c\x00\xb0\x83\
\xd6\x99\xdb\x99\x9d\x2b\x5a\x7e\x1c\x3a\x08\xb6\x8e\x02\x90\x72\
\xcd\x47\xb7\x1f\xea\x79\xdd\x20\xe9\x88\xd0\x59\x00\x60\x44\x5c\
\x0f\x79\x26\xff\xb1\x25\xf7\xcc\xed\x0b\x1d\x05\xaf\x8d\x9b\x00\
\x53\xae\xf3\xee\xd6\x87\xf2\x71\xfe\xad\x92\x6e\x0e\x9d\x05\x00\
\xb6\xcf\x6e\x50\xfd\xa8\xe3\x58\xfc\xd3\x8f\x1d\x80\xb2\xe1\xd6\
\xdc\xb0\xf0\x22\x97\x7f\x4d\x14\x37\x00\xe9\xe3\x2e\xff\xc6\xfe\
\xbd\x6b\xbe\xd4\xa6\xb6\x38\x74\x18\x6c\x1f\x05\xa0\xcc\x34\x37\
\xb4\x9f\xe2\xd2\xf5\x92\x26\x86\xce\x02\x00\x9b\xad\x95\xe2\xcf\
\x75\xf5\xce\xf9\x69\xe8\x20\x18\x39\x0a\x40\x19\x3a\xe7\xc8\x45\
\x6f\xc8\xd4\xe4\x97\x49\x7c\x51\x10\x40\x70\x3d\x96\xd1\xc7\x79\
\xbe\xbf\xfc\xb0\x95\x5c\x86\xae\xbe\xef\xfc\xbf\xd7\xf7\xdb\xdb\
\x65\xde\x11\x3a\x0b\x80\x2a\x66\xba\x5e\x75\xa3\xa6\xb0\xf8\x97\
\x27\x76\x00\xca\x5c\xb6\xa1\xfd\xd3\x92\x3a\x25\x8d\x0d\x9d\x05\
\x40\xd5\x58\xeb\xa6\xe6\x25\x3d\xad\xdf\x0f\x1d\x04\x3b\x8f\x02\
\x50\x01\xa6\x4d\x9e\x7f\x64\x64\xd1\x77\xc4\xdb\x03\x01\x14\x99\
\x49\xb7\x5b\x26\xfe\xd4\x55\x77\xcf\x79\x34\x74\x16\x14\x86\x23\
\x80\x0a\xb0\x74\xc5\x9c\xfb\x54\x37\xea\x2d\x32\x7d\x59\x12\x77\
\xdf\x02\x28\x06\x97\x79\xc7\x8b\xf1\xea\x77\xb2\xf8\x57\x06\x76\
\x00\x2a\xcc\xb4\xc6\x85\xef\x8e\x3c\xfe\x96\xa4\xd7\x85\xce\x02\
\xa0\x62\x3c\xeb\x91\x7f\x6e\xc9\x3d\xb3\xff\x3b\x74\x10\x24\x87\
\x1d\x80\x0a\xb3\xb4\x67\xd6\x6f\x54\x37\x6a\xb2\xa4\xef\x86\xce\
\x02\xa0\x22\xfc\x5c\xb9\xf8\x18\x16\xff\xca\xc3\x0e\x40\x05\xcb\
\x36\x2c\x98\x2a\x59\x97\xa4\xf1\xa1\xb3\x00\x28\x3b\x2f\x99\x74\
\x51\x67\x6f\x6b\x57\xe8\x20\x28\x0e\x0a\x40\x85\xcb\x4e\xee\x38\
\x58\xe6\x57\x4b\x7a\x67\xe8\x2c\x00\xca\xc6\xf2\x28\xca\x4f\xbb\
\xea\x9e\xb9\x4f\x86\x0e\x82\xe2\xa1\x00\x54\x05\xb7\xe6\x86\x8e\
\xe9\x2e\x5d\x26\x69\xd7\xd0\x69\x00\xa4\xd6\x46\x37\x7d\x69\x49\
\x4f\x4b\x87\x64\x1e\x3a\x0c\x8a\x8b\x02\x50\x45\xce\x39\x72\xd1\
\x1b\x6a\x32\x71\xa7\x9b\xbf\x3f\x74\x16\x00\xa9\xf3\xbb\xd8\xa2\
\xb3\x96\xf6\xcc\x7a\x24\x74\x10\x94\x06\x05\xa0\x0a\x6d\xbe\x37\
\xe0\x4a\x49\xbb\x87\xce\x02\x20\xb8\x35\x6e\x6a\xdb\xbf\x67\xf5\
\x42\x3e\xe2\x53\x5d\x28\x00\x55\x6a\xc6\xa4\x2b\xf6\xc9\x65\x86\
\xaf\x90\xdb\xff\x09\x9d\x05\x40\x18\x66\xba\xd1\x2c\x7f\x2e\x67\
\xfd\xd5\x89\x02\x50\xe5\x36\xef\x06\xcc\x13\xef\x0d\x00\xaa\xc9\
\x23\x66\x9a\xd1\xd9\xd3\xba\x3c\x74\x10\x84\x93\x09\x1d\x00\x61\
\x75\xaf\x5a\x7e\x6f\xd3\x01\x1f\xeb\x54\x9c\xcb\x49\x9a\x22\xa9\
\x26\x74\x26\x00\x45\x93\x93\xf9\xa2\x9a\xb8\x76\xea\x55\x2b\x66\
\xdd\x1b\x3a\x0c\xc2\x62\x07\x00\xff\xd0\x3c\xa9\xe3\x4d\x9e\xf1\
\x45\x72\x9d\x14\x3a\x0b\x80\x64\xb9\xf9\xad\x51\x3e\x9a\xd9\xd9\
\xd7\x72\x4f\xe8\x2c\x48\x07\x0a\x00\x5e\xa5\xb9\xb1\xe3\x54\x77\
\x5d\x21\xf9\x01\xa1\xb3\x00\x28\xd8\x93\x66\xfe\xa5\xce\x9e\xd6\
\xeb\x79\xb4\x0f\x5b\xa2\x00\x60\xab\x66\x1d\xd2\x31\x6e\x70\xb4\
\xb7\x49\x3a\x5f\x52\x6d\xe0\x38\x00\x76\x5c\xbf\xc9\x2f\xf5\xba\
\xd1\x97\x74\x75\x37\x6f\x0c\x1d\x06\xe9\x43\x01\xc0\x36\x35\x1f\
\xdd\x7e\xa8\xe7\xed\xab\x92\x7f\x5c\xfc\x79\x01\xca\x82\x99\x6e\
\xcc\x2b\x6a\xe1\x99\x7e\x6c\x0b\x3f\xd0\x31\x22\xd9\xc6\x05\x6f\
\x71\xe9\x72\x73\x7b\x6b\xe8\x2c\x00\x5e\xd3\x5d\x26\x9f\xdd\xd9\
\x3b\xfb\xf7\xa1\x83\x20\xfd\x28\x00\xd8\x01\x6e\xd9\x86\xf6\x8f\
\x4b\xf6\x75\x49\x07\x87\x4e\x03\xe0\x1f\x1e\x33\xe9\xab\x2f\x1e\
\xb1\xef\xd5\xcb\x96\x9d\x96\x0f\x1d\x06\xe5\x81\x02\x80\x1d\x96\
\x6d\xea\xac\xb5\xa1\x81\xb3\xdc\xf5\x55\x99\xf6\x08\x9d\x07\xa8\
\x5a\xae\xe7\xcd\xec\xb2\xba\x7e\x2d\x58\xb8\xb2\x65\x30\x74\x1c\
\x94\x17\x0a\x00\x76\xda\xd9\x87\x5f\xb2\x6b\x6d\xdd\xe8\x19\x2e\
\xff\xa2\xa4\xdd\x42\xe7\x01\xaa\xc8\x3a\x97\x2f\x1e\xd5\x1f\x7d\
\x6d\xe1\xca\x96\xb5\xa1\xc3\xa0\x3c\x51\x00\x50\xb0\x99\x47\x2c\
\xda\x7d\xb8\x2e\x3f\x4b\xae\x39\x92\xc6\x85\xce\x03\x54\xb0\x8d\
\x32\x5f\x1a\xa9\xfe\xab\x57\xf5\x9c\xb7\x2a\x74\x18\x94\x37\x0a\
\x00\x12\x73\xd6\x31\x1d\x7b\xd6\xe5\xfd\x22\x77\xcd\x90\x34\x26\
\x74\x1e\xa0\x82\x6c\x90\xd4\xa5\x5c\x7c\x69\xd7\x7d\x73\x9e\x0e\
\x1d\x06\x95\x81\x02\x80\xc4\x65\x9b\x2e\xdb\xc3\x87\x6a\x2e\x30\
\xd9\x2c\x51\x04\x80\x42\xac\x93\xf9\xb5\x35\xf9\xda\xaf\x2f\xee\
\x9b\xf9\x4c\xe8\x30\xa8\x2c\x14\x00\x14\xcd\x59\xc7\x74\xec\x59\
\x9b\xf7\x99\x72\xcd\x92\x34\x31\x74\x1e\xa0\x6c\xb8\x9e\x57\xa4\
\x2b\x32\x5e\xdb\x7e\x65\xef\x8c\xd5\xa1\xe3\xa0\x32\x51\x00\x50\
\x74\x33\x26\x5d\x31\x76\x38\x93\x3b\xc7\x5c\x73\x25\xbd\x3e\x74\
\x1e\x20\xbd\x7c\x95\xcc\xae\xac\xdf\x68\xf3\xb8\xb9\x0f\xc5\x46\
\x01\x40\xc9\x64\x9b\x3a\x6b\x6d\xb8\xff\x53\xee\x76\x81\xa4\x86\
\xd0\x79\x80\x14\xb9\xc7\xa4\xf6\xba\x7e\xfb\x2e\x8f\xf3\xa1\x54\
\x28\x00\x08\xc0\xad\xb9\xa1\xe3\x64\xc9\x3f\xef\xb2\x93\xc4\x9f\
\x43\x54\xa7\x58\xb2\x1b\x15\xfb\x82\xae\xbe\xd6\xdf\x86\x0e\x83\
\xea\xc3\x0f\x5e\x04\x35\xfd\xa8\x45\x87\x29\xce\x9d\x6d\xb2\xac\
\xa4\x09\xa1\xf3\x00\x25\xb0\x5e\xd2\x77\x63\x8f\x17\x2c\x5d\x31\
\xe7\xbe\xd0\x61\x50\xbd\x28\x00\x48\x85\xb3\x0f\xbf\x64\xd7\x4c\
\x7d\xfd\x19\xe6\x36\x53\xd2\x9b\x42\xe7\x01\x92\x67\x2b\xa5\x78\
\xb1\xea\x46\x5f\xd3\xd5\xdd\xfc\x52\xe8\x34\x00\x05\x00\xa9\x33\
\xad\xa1\xbd\x29\x32\xb5\xca\xf5\x49\xf1\x29\x62\x94\xb7\x41\xc9\
\x6e\x70\xa9\x6b\x49\xef\xac\x5f\x4b\xe6\xa1\x03\x01\x2f\xa3\x00\
\x20\xb5\xce\x3e\x66\xe1\x7e\x35\xb9\xf8\x33\x92\xce\x94\x74\x64\
\xe0\x38\xc0\x8e\xe8\x95\xdb\xd2\xbc\xe7\xbe\x7d\x75\xdf\xdc\x17\
\x43\x87\x01\xb6\x86\x02\x80\xb2\xb0\x69\x57\xc0\x3f\xab\xd8\x3e\
\xcd\x07\x88\x90\x52\xfd\x92\xdd\xb8\xe9\xb7\xfd\x96\x9b\x43\x87\
\x01\xb6\x87\x02\x80\xb2\x72\xe6\x81\xd7\x8e\xaa\x1d\xb7\xf6\xa3\
\x51\x6c\x67\xba\xf9\x7b\x24\x65\x42\x67\x42\x55\x1b\x32\xd3\x2f\
\xdd\xf5\xbd\x7e\x1b\xfa\xd9\xf5\x3d\x17\x6e\x08\x1d\x08\x18\x29\
\x0a\x00\xca\xd6\xb9\x47\xcd\xdb\x3f\xef\x99\x8f\x4b\x3e\xd5\xdc\
\xa6\x48\x8a\x42\x67\x42\x55\x88\x5d\xf6\xfb\x48\xfe\xbd\x5c\x9c\
\xff\x11\x5b\xfc\x28\x57\x14\x00\x54\x84\x69\x8d\x1d\xaf\x33\xf9\
\x3f\x6f\x2e\x03\x27\x8a\x3f\xdb\x48\xde\xbd\x32\x2d\x8b\x15\x7d\
\x6b\x69\xcf\xac\x47\x42\x87\x01\x0a\xc5\x0f\x49\x54\x9c\x19\x93\
\x2f\x3f\x20\x67\x99\x8f\x4b\xd1\x54\xc9\xdf\x22\x76\x06\xb0\x73\
\x72\x32\xfd\x41\xb2\x1b\x62\xd9\xcf\x58\xf4\x51\x69\x28\x00\xa8\
\x68\xd9\xa6\xcb\xf6\xd0\x50\xcd\x49\x32\x3b\x55\xae\x0f\x4b\xda\
\x2d\x74\x26\xa4\xda\x46\x33\xfd\x46\xae\xff\xca\xbb\xff\x6c\xe9\
\x8a\xd9\xcf\x86\x0e\x04\x14\x0b\x05\x00\x55\x63\xea\xa4\xb6\xba\
\xf1\xd1\xc4\x77\x44\xee\x1f\x72\xb3\x0f\x4a\x7e\x48\xe8\x4c\x48\
\x85\x47\xdc\xf4\xdf\x91\xf4\xb3\xba\x8d\xf6\x5b\xde\xc5\x8f\x6a\
\x41\x01\x40\xd5\x3a\xaf\x71\xc1\xe1\x39\xd9\x07\xcc\xed\xdd\x92\
\xbf\x43\xd2\xf8\xd0\x99\x50\x12\xab\xe5\xfa\x8d\x49\x37\xbb\xec\
\x57\x5d\x2b\x5a\x1e\x0e\x1d\x08\x08\x81\x02\x00\x48\x9a\x3a\xf5\
\x87\x99\xdd\xee\x7f\xfa\x68\x33\xbd\xcd\xdc\xde\x2a\xf9\xfb\xc4\
\x71\x41\xa5\xc8\x99\x74\x4f\x2c\xbf\x59\x8a\x6e\xb6\xba\xfa\xdf\
\x75\x75\x37\x0f\x87\x0e\x05\x84\x46\x01\x00\xb6\x22\xdb\xd4\x59\
\x1b\x0d\x0c\x1d\x1f\x67\xe2\x77\xc9\x35\x45\xd2\x09\x92\x76\x0f\
\x9d\x0b\x23\xf2\x9c\x64\xb7\x49\x7e\xab\x22\xfd\x69\x97\x31\xf9\
\xee\xf9\xb7\xcd\xed\x0f\x1d\x0a\x48\x1b\x0a\x00\x30\x42\xd3\x8f\
\x5a\x74\x98\xf2\xf9\xb7\x98\xe9\x2d\x92\x4d\x91\xbc\x51\x52\x4d\
\xe8\x5c\x55\x2e\x96\x74\xaf\xa4\x3f\xc9\xf4\x27\xb7\xcc\x6d\x4b\
\xee\x39\xff\xc1\xd0\xa1\x80\x72\x40\x01\x00\x76\x52\xb6\xa9\x73\
\x4c\x3c\x3c\xd8\x14\x79\x7c\xac\x49\x8d\xae\xa8\x51\xf2\x37\x49\
\x1a\x15\x3a\x5b\x85\x1a\x90\x7c\x85\x29\xba\x2b\xb6\xf8\x6e\xc5\
\x76\x77\xad\xd7\xf4\x2c\xee\x9b\xb9\x3e\x74\x30\xa0\x1c\x51\x00\
\x80\x04\xb5\xbd\xab\xad\xe6\xe9\xe7\x26\x1e\x26\x8b\x1b\x14\xd9\
\x51\x92\x1a\x5c\x6a\x90\xeb\xf5\xe2\xbf\xb7\x91\xca\x4b\xfa\xbb\
\xa4\x07\x5d\xba\x57\xae\xbb\xcd\xa2\xbb\xf7\xdb\xfd\x85\xfb\xda\
\x6e\x69\xcb\x85\x0e\x07\x54\x0a\x7e\x20\x01\x25\x30\x67\xca\xbc\
\xd1\x1b\xd6\xd7\x1e\x62\xee\x87\xba\xf9\x21\x26\x3b\xc4\xcd\x0f\
\x91\xeb\x50\x49\xfb\xab\x1a\xff\x5b\x74\x3d\x6f\xa6\x95\x92\xdf\
\xef\xb2\x07\xcc\xed\x41\x8b\xfc\xc1\xda\x8d\xf6\x10\x8f\xe2\x01\
\xc5\x57\x7d\x3f\x74\x80\x94\x99\x33\x65\xde\xe8\xf5\x1b\x75\x50\
\xe4\x99\x03\xe4\xda\x37\x96\x1d\x60\x8a\xf7\x33\xb3\xfd\xdd\xb5\
\xbf\xa4\xfd\x24\xed\x1d\x3a\xe7\x0e\x5a\x2b\xe9\x49\x49\x8f\x4b\
\x7a\x42\xae\xc7\xcc\xf4\x98\xdc\x9f\x70\xcb\x3c\xae\xba\xba\xc7\
\xba\xba\x9b\x37\x06\xce\x08\x54\x35\x0a\x00\x50\x06\xa6\x4e\x6a\
\xab\xdb\x2d\x33\x71\x2f\xc5\xf1\x44\xb3\x68\x82\xdc\x27\x46\xf2\
\x89\x1e\x45\x13\x4d\x3e\xc1\xdd\x27\x4a\xd1\x44\x73\x8d\x73\xf3\
\x8c\xbb\xc6\x45\xa6\x8c\x4b\xbb\x4a\xaa\x91\x7c\xac\x64\xb5\x92\
\xc6\x4a\xaa\xd5\xa6\x05\x3a\xff\xda\x33\xda\x7a\xc9\x87\x4c\x5a\
\xe3\xd2\xa0\xa4\x8d\x92\xad\x37\xf9\x90\x4b\x6b\x24\x6d\x90\xf9\
\xf3\xf2\xe8\x05\x73\x3d\x17\x9b\x5e\xc8\x98\xbf\x10\x0f\xc7\x2f\
\xac\x8e\x5e\x7a\x61\x59\x5f\xdb\x50\x09\x2e\x0b\x00\x00\x00\x00\
\x00\x00\x00\x00\x00\x00\x00\x00\x00\x00\x00\x00\x00\x00\x00\x00\
\x00\x00\x00\x00\x00\x00\x00\x00\x00\x00\x00\x00\x00\x00\x00\x00\
\x00\x00\x00\x00\x00\x00\x00\x00\x00\x00\x00\x00\x90\xa8\xff\x07\
\x2c\xb5\x36\x50\x21\x1c\x63\x68\x00\x00\x00\x00\x49\x45\x4e\x44\
\xae\x42\x60\x82\
\x00\x00\x47\xef\
\x89\
\x50\x4e\x47\x0d\x0a\x1a\x0a\x00\x00\x00\x0d\x49\x48\x44\x52\x00\
\x00\x02\x00\x00\x00\x02\x00\x08\x06\x00\x00\x00\xf4\x78\xd4\xfa\
\x00\x00\x00\x04\x73\x42\x49\x54\x08\x08\x08\x08\x7c\x08\x64\x88\
\x00\x00\x00\x09\x70\x48\x59\x73\x00\x00\x0e\xc4\x00\x00\x0e\xc4\
\x01\x95\x2b\x0e\x1b\x00\x00\x00\x19\x74\x45\x58\x74\x53\x6f\x66\
\x74\x77\x61\x72\x65\x00\x77\x77\x77\x2e\x69\x6e\x6b\x73\x63\x61\
\x70\x65\x2e\x6f\x72\x67\x9b\xee\x3c\x1a\x00\x00\x20\x00\x49\x44\
\x41\x54\x78\x9c\xed\xdd\x77\x9c\x5c\x75\xbd\xff\xf1\xd7\xe7\xcc\
\x6e\x1a\x10\x92\x80\x82\x58\x80\x0b\x8a\xdc\x48\x12\x8a\x8a\x0a\
\x92\x02\x09\x81\x24\xd4\x0d\x28\x1d\x95\x6a\xa8\x29\xe8\xef\xaa\
\x2b\xe5\x5e\x40\xa4\x5a\x28\x52\x14\x41\x4c\xa4\x23\x3d\x24\x20\
\x0a\x2a\xe0\x15\xaf\x42\x30\x36\x48\x36\x14\xe9\x24\xa4\xec\xce\
\xe7\xf7\x47\xb2\x64\x26\x27\xbb\x73\x26\x33\x73\xda\xbc\x9f\x8f\
\xc7\xef\xc1\xe6\xf8\xe5\xbc\x67\xbf\xbf\xb9\x9f\xf7\x37\x67\x36\
\x01\x44\x44\x44\x44\x44\x44\x44\x44\x44\x44\x44\x44\x44\x44\x44\
\x44\x44\x44\x44\x44\x44\x44\x44\x44\x44\x44\x44\x44\x44\x44\x44\
\x44\x44\x44\x44\x44\x44\x44\x44\x44\x44\x44\x44\x44\x44\x44\x44\
\x44\x44\x44\x44\x44\x44\x44\x44\x44\x44\x44\x44\x44\x44\x44\x44\
\x64\x4d\x96\xf4\x0b\x10\xa9\xc5\xd6\x97\x7a\xdf\xc5\x6f\xf2\x1f\
\xc5\x2e\x3e\x1a\xc0\xd6\x0e\x5b\x19\x6c\x09\xac\x0f\x0c\x30\x18\
\x84\xd3\xdf\x9c\x7e\xc0\x1b\xc0\x12\x83\x77\xcd\x79\xd3\x9d\x57\
\x2c\x60\xbe\x39\xf3\xad\xc8\xfc\x96\x56\xe6\xff\xad\xdd\x5e\x4e\
\xf6\x3b\x12\x11\x89\x87\x0e\x00\x92\x29\x1b\x9f\xe7\x1b\x14\xde\
\xe5\xd3\x66\xec\xe2\xce\xe7\x80\x5d\x0d\xfa\x76\xff\xef\xe6\xab\
\xd7\x5a\x2f\xd7\xf0\xf2\x37\xbf\xad\xbe\xb6\xc8\x8c\x47\x8b\xce\
\xaf\x31\x1e\x7d\xbe\xc0\x1f\x68\xb7\x62\x43\xbe\x19\x11\x91\x04\
\xe9\x00\x20\xa9\x37\xa4\xdd\x3f\x14\x04\x4c\x0e\x9c\x83\x80\x9d\
\x0c\x02\x56\x95\x7a\x59\x89\xd7\x5e\xfe\xa1\x6b\x0e\xff\x0e\xe0\
\x36\x73\x6e\xfa\xfb\x5f\x99\xcb\x2c\xeb\xaa\xc3\xb7\x24\x22\x92\
\x38\x1d\x00\x24\x95\x86\xb4\xfb\xc0\x42\x81\xc3\x28\x72\x30\xf0\
\x59\x83\x00\x56\x17\xf3\x7b\x5f\xaf\xd2\x88\xf2\x5f\x4b\xc6\x4b\
\xc0\x2f\x28\xf2\xe3\xbf\x9f\x6b\xbf\xaf\xfa\x9b\x12\x11\x49\x11\
\x1d\x00\x24\x55\x36\x3e\xc7\x3f\x40\x27\xc7\x9a\x71\x12\xce\x60\
\x28\x29\x74\x48\xb2\xfc\xcb\xaf\x19\x4f\xe2\x5c\xfa\xb7\xbf\x72\
\x83\x9e\x0a\x88\x48\x16\xe9\x00\x20\xa9\xb0\xc9\x99\xbe\x5d\x97\
\xf1\x35\x9c\x36\x83\x96\x35\x4b\x38\x55\xe5\x5f\x9e\xf1\x9c\xc1\
\x85\x03\x5f\xe5\x9a\x27\xaf\xb4\x15\x3d\x7d\x7f\x22\x22\x69\xa3\
\x03\x80\x24\x6a\x60\xbb\x0f\x69\x0d\xf8\x96\xc1\x89\x40\x61\x6d\
\x25\x9c\xe2\xf2\x7f\xef\xba\x3b\xcf\x15\xe0\xbf\xe6\x9d\x6b\xb3\
\x10\x11\xc9\x00\x1d\x00\x24\x19\x57\x78\xeb\x90\x97\x39\x21\x70\
\xda\x81\x41\xb0\xf6\x12\xce\x42\xf9\x97\xde\x2f\x80\x07\x2d\xe0\
\xd4\x67\xfe\xdb\xfe\x0f\x11\x91\x14\xd3\x01\x40\x62\xb7\xf1\x39\
\xbe\x83\x77\xf1\x53\x83\x6d\xbb\xaf\xe5\xa1\xfc\x4b\xae\xad\xc0\
\x38\xf7\x03\xfd\x38\x73\x6e\xbb\x75\x22\x22\x92\x42\x3a\x00\x48\
\x7c\xdc\x6d\xc8\xd9\x9c\x64\xce\xf9\x06\x7d\xba\x2f\xe7\xac\xfc\
\x4b\xaf\xfd\x8e\x22\x87\x3e\xf3\x1d\xfb\x2b\x22\x22\x29\xa3\x03\
\x80\xc4\xe2\x7d\xed\xbe\xa9\x17\xb8\xd6\x9d\x3d\x2b\x95\x70\x1e\
\xca\xbf\x24\xe3\x6d\x87\xa9\xcf\x9e\x6f\x57\x22\x22\x92\x22\x3a\
\x00\x48\xc3\xbd\xef\x4c\xdf\xb5\x68\xdc\x8a\xb3\x51\x93\x95\xff\
\x7b\x5f\x1b\x5c\xdd\xef\x0d\x8e\xd7\x9f\x14\x10\x91\xb4\xd0\x01\
\x40\x1a\x6a\xc8\xd9\x7e\x80\x39\xd7\xe3\xf4\x6f\xd6\xf2\x2f\xb9\
\xdf\xec\x7e\x01\x07\x3c\x79\x9e\xbd\x89\x88\x48\xc2\x82\xa4\x5f\
\x80\xe4\xd7\x90\xb3\xfc\x64\x73\x66\xaa\xfc\xdf\xbb\xdf\x98\x65\
\x45\x1e\x1d\x3a\xc3\x3f\x82\x88\x48\xc2\xf4\x04\x40\xea\xaf\xdd\
\x83\x8d\x0a\x5c\x0a\x9c\x18\xa5\x20\x9b\xa4\xfc\x4b\xaf\x2d\x2c\
\x04\x8c\xfb\xe3\x79\xf6\x67\x44\x44\x12\xa2\x03\x80\xd4\x57\xbb\
\x07\x1b\xb5\x70\x15\xce\xd1\x2a\xff\x5e\x33\x5e\xf7\x80\xb1\xff\
\x77\xbe\x3d\x81\x88\x48\x02\xf4\x11\x80\xd4\xcf\x4c\x2f\x6c\x54\
\xe0\x1a\x95\x7f\xa4\x8c\xc1\x41\x91\x07\x86\x4d\xf5\x4f\x23\x22\
\x92\x00\x1d\x00\xa4\x3e\x66\x7a\x61\xa3\x79\x5c\x07\x1c\xa1\xf2\
\x8f\x9c\x31\x08\xe7\xbe\xed\xa7\xfa\x67\x10\x11\x89\x99\x3e\x02\
\x90\xda\xb5\x7b\x9f\x8d\x0a\xfc\x0c\xd8\x5f\xe5\xbf\x4e\x19\x8b\
\x71\x26\xfe\xf1\x42\x9b\x83\x88\x48\x4c\x74\x00\x90\xda\xb4\x7b\
\x9f\x8d\x02\x66\x62\xec\xa3\xf2\xaf\x21\xc3\x59\x62\x30\xe9\x0f\
\x17\xda\x6c\x44\x44\x62\xa0\x03\x80\xac\xb3\x0f\x5d\xe8\xfd\xdf\
\x5d\xcc\x6d\xc0\x58\x95\x7f\x5d\x32\x96\x14\x9d\xfd\xfe\x78\x91\
\xdd\x8f\x88\x48\x83\xe9\x00\x20\xeb\x64\xb3\x76\x1f\xb0\xac\xc0\
\xed\xc0\xee\x2a\xff\xba\x66\x2c\x77\x67\xf2\xff\x5e\x64\xb7\x23\
\x22\xd2\x40\x3a\x00\x48\xd5\x36\xf9\x8e\xaf\xd7\xb9\x8c\x3b\x71\
\x46\xa9\xfc\x1b\x92\xb1\x1c\x38\xf8\xa9\x8b\xec\x56\x44\x44\x1a\
\x44\x07\x00\xa9\xca\xe0\x73\x7d\xc3\x60\x05\xf7\x00\x9f\x51\xf9\
\x37\x34\xa3\xcb\x9d\x23\x9e\xba\xd8\x6e\x40\x44\xa4\x01\xf4\xc7\
\x00\x25\xb2\x41\xed\x3e\x28\x58\xc1\x7d\xa8\xfc\xe3\xc8\x28\x04\
\xc6\x8f\x77\x3a\xd9\x0f\x47\x44\xa4\x01\x74\x00\x90\x48\x36\xfc\
\x1f\x1f\x5c\x28\xf0\x00\xf0\x69\x95\x7f\xe3\x33\x56\x5d\x2b\x60\
\x5c\xf3\xc9\x53\xfd\x28\x44\x44\xea\x4c\x07\x00\xa9\x68\x93\x76\
\x7f\x7f\x4b\x27\x0f\x03\x3b\xa9\xfc\x63\x2b\xff\xee\xaf\x0b\x38\
\x57\xef\x74\x8a\x9f\x88\x88\x48\x1d\xe9\x00\x20\xbd\x7a\x5f\xbb\
\x6f\xda\x59\xe0\x21\x60\x3b\x95\x7f\xec\xe5\xff\xde\xd2\xc0\xb9\
\xec\x93\x27\xfb\x49\x88\x88\xd4\x89\x55\x5e\x22\xcd\x6a\xc8\xd9\
\xfe\x61\x73\x66\x03\x1f\x55\xf9\x27\x56\xfe\xa5\x19\x0e\x9c\xfe\
\xbb\x4b\xec\x22\x44\x44\x6a\xa4\x27\x00\xb2\x56\x83\xce\xf6\xcd\
\xcd\x99\x83\xca\x3f\x96\x8c\x88\xfb\x67\x06\x17\x7e\xfa\x24\xff\
\x06\x22\x22\x35\xd2\x13\x00\x09\x19\xd4\xee\x5b\xb4\x14\x78\xc8\
\x61\x4b\x95\x7f\x6a\xca\xbf\xfc\x9a\x71\xde\xe3\x97\xd8\x19\x88\
\x88\xac\x23\x1d\x00\xa4\xcc\xc6\x67\xf9\x36\x0e\xb3\x81\x0f\xaa\
\xfc\x53\x5a\xfe\xab\xae\xb9\x0e\x01\x22\x52\x03\x1d\x00\xe4\x3d\
\x1b\xfd\xb7\x7f\x9c\x2e\x66\x03\x9b\xa9\xfc\xd3\x5d\xfe\x25\x19\
\xdf\xfd\xcd\x65\x36\x15\x11\x91\x2a\xe9\x00\x20\x00\x0c\x3a\xc7\
\x47\x14\x8a\xdc\x0f\xbc\x4f\xe5\x9f\x99\xf2\x5f\xf9\xa5\x71\xf9\
\x63\x97\x72\x42\xf9\x4a\x11\x91\xde\xe9\x00\x20\x0c\x3a\xd3\xb7\
\x2f\x18\x0f\x00\x1b\xa9\xfc\xb3\x55\xfe\xdd\xd7\xcd\xb9\xea\xd1\
\x8d\x39\x8e\x76\x2b\x22\x22\x12\x81\x0e\x00\x4d\x6e\xe3\x33\x7d\
\x47\x37\xee\x07\x86\xa8\xfc\xb3\x59\xfe\x25\xd7\xae\x7e\x74\x63\
\x8e\xd1\x21\x40\x44\xa2\xd0\x01\xa0\x89\x0d\x3e\xd3\x3f\x17\x18\
\x77\x03\x03\x53\x50\x5e\x91\x32\x54\xfe\xe1\x8c\x35\xae\xdd\x54\
\xd8\x98\xc3\xe6\xb6\x5b\x27\x22\x22\xbd\xd0\x01\xa0\x49\x0d\x3a\
\xdb\x3f\x5f\x70\xee\x02\x36\x48\x51\x79\xa9\xfc\x23\xe4\x96\xde\
\x6f\x6d\xd7\x1c\x66\xbe\xbb\x82\x43\x9f\xbc\xd2\x56\x20\x22\xd2\
\x03\x1d\x00\x9a\xd0\xc6\x67\xf9\x48\x87\x3b\x81\xf5\xd3\x56\x5e\
\x3d\x65\xa8\xfc\xc3\x19\xbd\xe5\x1a\xdc\x35\x20\xe0\xc0\x7b\x2e\
\xb3\x65\x88\x88\xac\x85\xfe\x26\xc0\x26\x33\xf8\x1c\x1f\xef\x70\
\x0f\x2a\xff\x58\x32\x92\xda\x3f\x87\x09\x4b\xba\xb8\x65\xe4\x91\
\xde\x0f\x11\x91\xb5\xd0\x01\xa0\x89\x0c\x3e\xc7\xf7\x0e\x8a\xdc\
\x02\xf4\x4b\x73\x79\x95\xde\x4f\xe5\x1f\xce\xa8\xe2\x7b\xdb\x8b\
\x01\xdc\xfa\x99\x53\xbd\x3f\x22\x22\x6b\xd0\x47\x00\x4d\x62\xc8\
\xd9\xde\x66\xce\x0d\x40\x6b\x46\xca\x4b\xe5\xbf\x96\x8c\x75\xfc\
\xde\x1e\x06\x26\xcc\xfd\x81\xbd\x83\x88\xc8\x2a\x7a\x02\xd0\x04\
\x86\x9c\xed\x07\x99\x73\x23\x2a\xff\x58\x32\x52\xb8\x7f\xbb\x99\
\x73\xcf\xe7\x8e\xf6\x0d\x10\x11\x59\x45\x07\x80\x9c\x1b\x7c\xa6\
\x7f\xd1\x9c\x9f\x02\x2d\x19\x2d\xaf\x5e\x33\x54\xfe\xe1\x8c\x1e\
\x72\x77\xe9\xdb\x97\x7b\xc7\x4f\xf1\x81\x88\x88\x50\x3e\x2b\x24\
\x67\x86\x9c\xe5\x5f\x31\xb8\x1c\x08\x32\x5e\x5e\x2a\xff\x88\x19\
\x15\xbf\x37\x78\xd2\x02\xc6\xcd\xfe\xbe\xbd\x8a\x88\x34\x35\x3d\
\x01\xc8\xa9\xc1\x67\xfa\x71\x2a\xff\xf8\x32\x32\xb1\x7f\x2b\xaf\
\xef\x48\x17\x0f\x8c\x3c\xc6\x37\x46\x44\x9a\x9a\x0e\x00\x39\x34\
\xe4\x6c\x3f\x2d\x30\x7e\x80\xca\x3f\x96\x8c\x4c\xec\x5f\xf9\xda\
\xed\x5b\x02\x1e\x19\x77\x8c\x7f\x00\x11\x69\x5a\x3a\x00\xe4\xcc\
\xe0\xb3\x7d\xba\x39\xdf\x05\x2c\x37\xe5\xa5\xf2\xaf\x67\xf9\x77\
\xdb\xb6\x68\x3c\xb4\xc7\x57\x7d\x33\x44\xa4\x29\xe9\x00\x90\x23\
\x83\xcf\xf2\x19\x81\x73\x1e\x90\x9f\xf2\x52\xf9\x37\xa2\xfc\xbb\
\xaf\x7d\x9c\x15\xcc\x19\xff\x65\xff\x10\x22\xd2\x74\x74\x00\xc8\
\x89\x21\x67\xfa\xb7\x03\x38\x17\xc8\x4f\x79\xa9\xfc\x1b\x59\xfe\
\xdd\xd7\x3f\xd6\x55\xe0\x57\xbb\x1f\xef\xff\x81\x88\x34\x15\xab\
\xbc\x44\xd2\x6e\xf0\x99\x7e\x4e\x60\x7c\x1d\xc8\x4f\x79\xa9\xfc\
\xe3\x28\xff\xd2\xd7\xf3\x7c\x00\xa3\xef\xb9\xd2\xfe\x86\x88\x34\
\x05\x1d\x00\xb2\xcc\xdd\x86\x9c\xcd\x45\x06\x27\xaf\xfc\x75\x4e\
\xca\x4b\xe5\x1f\x77\xf9\x77\x5f\x5b\x64\xc6\xee\xf7\x5c\x61\x7f\
\x41\x44\x72\x4f\x1f\x01\x64\x95\xbb\x0d\x3e\x87\x4b\x55\xfe\xf1\
\x65\x64\x62\xff\xaa\x59\x1b\xde\x87\x0f\x50\xe4\xa1\xbd\xbf\xe4\
\x9f\x40\x44\x72\x4f\x4f\x00\xb2\x68\xa6\x17\x86\xcc\xe3\x2a\x83\
\xa3\x80\xfc\x94\x97\xca\x3f\xc9\xf2\x2f\xbd\xf6\xb2\x3b\x7b\xdc\
\xfb\x23\x7b\x1a\x11\xc9\x2d\x1d\x00\xb2\x66\xa6\x17\x06\xcf\xe3\
\x9a\x00\x0e\x07\xf2\x53\x5e\x2a\xff\xb4\x94\x7f\xf7\xf5\xd7\x8b\
\x30\xee\xde\xab\xec\xf7\x88\x48\x2e\xe9\x00\x90\x25\x33\xbd\xb0\
\xd1\x3c\xae\x03\x0e\x05\xf2\x53\x5e\x2a\xff\xb4\x95\x7f\xf7\xeb\
\x79\x83\x80\x3d\xef\xbe\xd2\x7e\x8b\x88\xe4\x8e\x0e\x00\x59\xd1\
\xee\x7d\x86\x14\xf8\x99\xc1\xfe\x40\x7e\xca\x4b\xe5\x9f\xd6\xf2\
\xef\xbe\xfe\xa6\x15\x19\x7f\xd7\x35\xf6\x18\x22\x92\x2b\xfa\x21\
\xc0\x2c\x68\xf7\x3e\x83\x03\x66\xaa\xfc\xe3\xcb\xc8\xc4\xfe\x55\
\xb3\x76\xdd\xf7\x61\x43\x8c\x07\xf6\x3e\xda\x47\x21\x22\xb9\xa2\
\x27\x00\x29\xf7\xa1\x0b\xbd\xff\x92\xc5\xdc\x66\x30\x16\xc8\x4f\
\x79\xa9\xfc\xb3\x50\xfe\xa5\xd7\x96\x04\xce\x3e\xb7\x5f\x63\x0f\
\x22\x22\xb9\xa0\x03\x40\x8a\x6d\xd6\xee\x03\x96\x16\xb8\xdd\x60\
\x77\x20\x3f\xe5\xa5\xf2\xcf\x5a\xf9\x77\x5b\x16\x40\xdb\xed\x57\
\xdb\x9d\x88\x48\xe6\xe9\x23\x80\x94\xda\xe4\x3b\xbe\xde\xbb\x2d\
\xdc\xa5\xf2\x8f\x2f\x23\x13\xfb\x57\xcd\xda\xfa\xef\x43\x5f\x77\
\x7e\x31\xf1\x28\xdf\x07\x11\xc9\x3c\x3d\x01\x48\xa1\xc1\xe7\xfa\
\x86\xb6\x82\x7b\x0c\x3e\x03\xe4\xa7\xbc\x54\xfe\x59\x2e\xff\xd2\
\x7f\x6f\xb9\x07\x7c\xe1\x8e\x1f\xd9\x2d\x88\x48\x66\xe9\x09\x40\
\xca\x0c\x6a\xf7\x41\xb6\x82\xfb\x55\xfe\xf1\x65\x64\x62\xff\xaa\
\x59\xdb\xf8\x7d\xe8\x13\x74\x31\x73\xdf\xa3\xfc\x50\x44\x24\xb3\
\x74\x00\x48\x91\x0d\xff\xc7\x07\x07\x05\x1e\x30\xf8\x14\x90\x9f\
\xf2\x52\xf9\xe7\xa9\xfc\xbb\xaf\x15\x80\xeb\xf6\x3b\xca\x8f\x40\
\x44\x32\x49\x07\x80\x94\xd8\xa4\xdd\xdf\x5f\xe8\xe4\x61\x83\x9d\
\x80\xfc\x94\x97\xca\x3f\x8f\xe5\xdf\x7d\xad\x00\x5c\xb3\xdf\x91\
\x7e\x34\x22\x92\x39\x3a\x00\xa4\xc0\xfb\xda\x7d\xd3\x15\x05\x1e\
\x32\xd8\x0e\xc8\x4f\x79\xa9\xfc\xf3\x5c\xfe\xdd\x19\x81\xc1\x8f\
\x0e\x38\xca\xbf\x8a\x88\x64\x8a\x55\x5e\x22\x8d\x34\xe4\x6c\xff\
\xb0\xc3\x43\x81\xb3\x35\x90\x9f\xf2\x52\xf9\x37\x43\xf9\x97\xfe\
\x7b\x6e\x70\xea\xcd\xd7\xd9\x25\x88\x48\x26\xe8\x09\x40\x82\x06\
\x9d\xed\x9b\x9b\x33\x47\xe5\x1f\x5f\x46\x26\xf6\xaf\x9a\xb5\xe9\
\xd9\x07\xc3\xb9\xf8\xc0\xc3\xfd\xeb\x88\x48\x26\xe8\x09\x40\x42\
\x06\xb5\xfb\x16\x41\x81\x87\x0d\x3e\x02\xe4\xa7\xbc\x54\xfe\xcd\
\x58\xfe\xe5\xaf\xc5\xf8\xda\xac\xeb\xec\x5c\x44\x24\xd5\xf4\x04\
\x20\x01\x9b\xb4\xfb\xfb\x83\x02\xf7\xaa\xfc\xe3\xcb\xc8\xc4\xfe\
\x55\xb3\x36\xc5\xfb\x80\xf3\x3f\x07\x1e\xee\x3a\x00\x88\xa4\x9c\
\x0e\x00\x31\x1b\x7c\xae\x6f\xd8\xb9\xb2\xfc\xb7\x01\x52\x33\xb4\
\x55\xfe\xd1\x72\x4b\xef\xa7\xf2\xef\xf5\xda\x8c\xc9\x47\xf8\x79\
\x88\x48\x6a\xe9\x00\x10\xa3\xcd\xda\x7d\x80\xad\xe0\x2e\x60\x7b\
\x20\x75\x43\xbb\xa7\x0c\x95\x7f\x38\x43\xe5\x1f\x21\xd7\x99\x3e\
\xf9\x08\xbf\x60\xe5\xcf\x07\x8a\x48\xda\xe8\x00\x10\x17\x77\x7b\
\xb7\xc0\x0d\x06\xbb\xac\xfc\x75\x4a\x87\xf6\x1a\xf7\x53\xf9\x87\
\x33\x54\xfe\xd1\x72\x01\xac\xc8\xe9\x07\x1d\xc6\x25\x3a\x04\x88\
\xa4\x8f\xfe\x8f\x32\x26\x43\xce\xf2\xd3\x0d\x2e\x00\xd2\x3f\xb4\
\x55\xfe\x2a\xff\x0a\x19\xeb\xb0\x0f\x57\x7d\x7c\x2b\x8e\x6b\x6f\
\xb7\x22\x22\x92\x0a\x3a\x00\xc4\x60\xc8\xd9\xbe\xb3\x39\x0f\x03\
\x7d\x32\x36\xb4\x23\x65\xa8\xfc\xc3\x19\x2a\xff\xf0\xb5\x00\x6e\
\xec\x78\x81\x23\xe6\xce\xb5\x4e\x44\x24\x71\x3a\x00\x34\xd8\xc0\
\x76\x1f\xd2\x5a\xe0\x29\x60\xf3\x2c\x0e\x6d\x95\x7f\xb4\xdc\xd2\
\xfb\xa9\xfc\x7b\xcd\xbd\x69\xd1\x02\x0e\xd3\x21\x40\x24\x79\xfa\
\x19\x80\x06\xeb\x53\xe0\x72\x54\xfe\xb1\x64\x64\x62\xff\xaa\x59\
\x9b\xcf\x7d\x38\x78\xb3\x0f\x71\xe3\x31\xc7\x78\x2b\x22\x92\x28\
\x3d\x01\x68\xa0\x21\x67\xf9\x58\x83\xfb\x72\x30\xb4\x43\x19\x2a\
\xff\x70\x86\xca\x3f\x5a\xee\xaa\xfb\xdd\xf5\xda\x6b\x1c\x78\xcf\
\x3d\xb6\x0c\x11\x49\x84\x0e\x00\x0d\xb2\xf5\xa5\xde\xf7\xf5\x37\
\xf9\x23\xce\x36\x39\x1a\xda\x91\x72\xe3\xce\xc8\xc4\xfe\x55\xb3\
\x36\xcf\xfb\x50\x7e\xbf\x7b\x5a\x5b\xd9\xff\xba\xeb\x6c\x29\x22\
\x12\x3b\x7d\x04\xd0\x20\x6f\xbc\xc1\xd7\x55\xfe\x2a\xbd\xaa\xd7\
\xe6\x79\x1f\xc2\xf7\x1b\xbf\x62\x39\xb7\xb5\xb5\x79\x7f\x44\x24\
\x76\x7a\x02\xd0\x00\x43\xda\xfd\x43\x16\x30\xdf\xa0\x6f\xf7\xb5\
\x3c\x0c\x6d\x95\x7f\x38\x43\xe5\x1f\x2d\xb7\xb7\x0c\x83\xd9\x5e\
\x60\x9f\xeb\xaf\xb7\xc5\x88\x48\x6c\xf4\x04\xa0\x01\x2c\x60\x9a\
\xca\xbf\xb1\x19\x99\xd8\xbf\x6a\xd6\xe6\x79\x1f\x2a\x64\x38\x8c\
\xb1\x2e\xee\x3d\xe4\x10\x1f\x88\x88\xc4\x46\x4f\x00\xea\x6c\x93\
\x76\x7f\x7f\x57\xc0\x3f\x80\x01\x90\x8f\xa1\xad\xf2\x0f\x67\xa8\
\xfc\xa3\xe5\x56\x99\xf1\x44\x6b\x27\xe3\xae\x9e\x65\xaf\x21\x22\
\x0d\xa7\x27\x00\x75\x56\x34\x4e\x43\xe5\xdf\xdc\xa5\x57\xcd\xda\
\x3c\xef\x43\xf5\x19\x3b\x75\xb6\xf2\xc0\xe1\x87\xfb\x46\x88\x48\
\xc3\xe9\x09\x40\x1d\x0d\x6a\xf7\x41\x2d\x01\xcf\x03\x1b\xe4\x61\
\x68\xab\xfc\xc3\x19\x2a\xff\x68\xb9\xb5\x64\x04\xce\x1f\x5a\x8d\
\xb1\x57\xfe\xcc\xfe\x8d\x88\x34\x8c\x9e\x00\xd4\x51\x4b\xc0\xc1\
\xa8\xfc\x1b\x92\x91\x89\xfd\xab\x66\x6d\x9e\xf7\xa1\xc6\x0c\x87\
\xed\x57\x38\x8f\x1c\x73\xa8\x7f\x00\x11\x69\x18\x1d\x00\xea\xc8\
\x9d\xc3\xf2\x30\xb4\x55\xfe\xe1\x0c\x95\x7f\xb4\xdc\x3a\x66\x6c\
\xbb\xa2\x8b\x39\x87\xb7\xf9\x07\x11\x91\x86\xb0\xca\x4b\x24\x8a\
\xf7\xb5\xfb\xd6\x04\x3c\x87\xaf\xdc\xd3\xac\x0e\x6d\x95\x7f\x38\
\x43\xe5\x1f\x2d\xb7\x41\x19\x7f\x0d\x5a\x18\xfd\xa3\x1b\x6c\x01\
\x22\x52\x57\x7a\x02\x50\x27\x16\x70\x98\xca\xbf\x09\x4b\xaf\x9a\
\xb5\x79\xde\x87\xc6\x65\x7c\xd4\x3b\x79\xf4\xe8\x2f\xfa\x7f\x20\
\x22\x75\xa5\x03\x40\x9d\xb8\x33\x19\xb2\x3b\xb4\x55\xfe\xe1\x0c\
\x95\x7f\xb4\xdc\x18\x32\x36\xb7\x2e\x1e\x3a\xfa\x00\x1d\x02\x44\
\xea\xc9\x2a\x2f\x91\x4a\x36\x6e\xf7\xcd\xcc\x58\x98\xd5\xa1\xad\
\xf2\x0f\x67\xa8\xfc\xa3\xe5\xc6\x9c\xf1\x62\xc1\x19\x73\xc5\x2c\
\xfb\x0b\x22\x52\x33\x3d\x01\xa8\x83\xc0\x18\x93\xd5\xa1\x5d\x6d\
\x21\xa9\xf4\xaa\x5c\x9b\xe7\x7d\x88\xff\xbd\xba\x69\xd1\x78\xe8\
\x4b\x07\xf9\x27\x10\x91\x9a\xe9\x00\x50\x07\x06\xa3\x56\xfd\x33\
\x53\x43\xbb\xda\xdf\xf9\x47\xfd\xde\x72\x5d\x7a\xd5\xac\xcd\xf3\
\x3e\x24\xf7\x5e\xdd\xa4\x50\x64\xf6\x97\x0f\xf0\x61\x88\x48\x4d\
\x74\x00\xa8\x03\x87\x51\x59\x1b\xda\xd5\x96\xbf\x4a\xaf\xca\xb5\
\x79\xde\x87\xe4\xdf\xab\xef\x0f\x02\xe6\x7e\xe5\x20\xff\x24\x22\
\xb2\xce\xac\xf2\x12\xe9\xcd\x26\xed\xfe\x7e\x8c\x97\xb2\x34\xb4\
\x55\xfe\xe1\x0c\x95\x7f\xb4\xdc\x94\xbd\x57\x5f\x2f\x16\x19\x77\
\xd5\x2d\xf6\x7b\x44\xa4\x6a\x7a\x02\x50\xa3\x20\x60\x9b\x2c\x0d\
\x6d\x95\x7f\x38\x43\xe5\x1f\x2d\x37\x85\xef\xd5\xc1\x85\x80\x07\
\x4e\x38\xd0\x3f\x8b\x88\x54\x4d\x07\x80\x1a\x15\x8b\x6c\x03\xd9\
\x18\xda\x2a\xff\x70\x86\xca\x3f\x5a\x6e\x8a\xdf\xab\x1b\x3a\xdc\
\x7f\xdc\x7e\x3e\x1a\x11\xa9\x8a\x0e\x00\x35\x32\xd8\x26\x0b\x43\
\x5b\xe5\x1f\xce\x50\xf9\x47\xcb\x4d\xf3\x7b\x75\xd5\xb5\xf5\x2c\
\xe0\xce\x13\xf7\xf3\x3d\x10\x91\xc8\x74\x00\xa8\xdd\xc7\xba\xbf\
\x48\xeb\xd0\x56\xf9\x87\x33\x54\xfe\xd1\x72\xd3\xfc\x5e\x5d\xe3\
\xda\x00\x0f\xb8\xfd\xab\x07\xf8\x38\x44\x24\x12\x1d\x00\x6a\xb7\
\x19\xa4\x77\x68\xab\xfc\xc3\x19\x2a\xff\x68\xb9\x69\x7e\xaf\xf6\
\x90\xdb\xdf\x9d\x3b\xbe\x7a\x80\xef\x8b\x88\x54\xa4\x03\x40\xed\
\xd6\x4f\xeb\xd0\xae\x76\xa0\xaa\xf4\xaa\x5c\x9b\xe7\x7d\x48\xf9\
\x7b\xb5\x97\xdc\x3e\xee\xcc\x9c\xb2\x9f\xef\x8f\x88\xf4\x4a\x07\
\x80\x1a\x19\x6c\x50\xf2\xf5\xca\x7f\xe6\x6b\xa0\xc6\x9e\xa1\xf2\
\x8f\x96\x5b\x7a\x3f\x95\x7f\xd9\xbf\xd7\xea\xc6\xcc\xaf\xee\xeb\
\x87\x22\x22\x3d\xd2\x01\xa0\x46\x06\xeb\xaf\xfa\xe7\xca\x5f\xe7\
\x73\xa0\xc6\x96\xa1\xf2\x8f\x96\x5b\x7a\x3f\x95\x7f\x38\xc3\x9c\
\x82\x19\xd7\x9d\xb4\x9f\x1f\x81\x88\xac\x95\x0e\x00\x35\x72\x58\
\x3f\x4d\x43\x5b\xe5\x1f\xce\x50\xf9\x47\xcb\xcd\xcb\x7b\xb5\xe4\
\x5a\x01\xb8\x66\xca\x7e\x7e\x34\x22\x12\xa2\x03\x40\x8d\xcc\x57\
\x8e\xa5\xac\x0d\x54\x7a\xb8\x96\x82\xa1\xad\xf2\x8f\x98\xa1\xf2\
\x0f\x67\xac\xe5\x5a\x60\xce\x8f\x4e\xda\xd7\xa7\x20\x22\x65\x74\
\x00\xa8\xdd\x3b\x59\x1b\xa8\x71\x64\x64\xa2\xf4\xaa\x59\x9b\xe7\
\x7d\x48\xf1\x7b\xb5\x4e\xfb\x67\x06\x97\x9c\xb2\xaf\x9f\x82\x88\
\xbc\x47\x07\x80\x1a\x99\xf3\xce\x7b\x5f\x77\x7f\x91\xe2\x81\x1a\
\x47\x46\x26\x4a\xaf\x9a\xb5\x79\xde\x87\x14\xbf\x57\xeb\xbc\x7f\
\x06\x5c\x74\xca\x3e\xfe\xff\x10\x11\x40\x07\x80\x7a\x78\x1b\xb2\
\x31\x50\xe3\xc8\xc8\x44\xe9\x55\xb3\x36\xcf\xfb\x90\xe2\xf7\x6a\
\x03\xf7\xef\xec\x53\x26\xf9\xb7\x10\x11\x1d\x00\xea\xe0\xed\xac\
\x0c\xd4\x0c\x0f\xed\x5e\x73\x4b\xef\xa7\xf2\x8f\x96\x9b\xf6\xf7\
\x6a\x23\xf7\xcf\x8c\xf6\xd3\xf6\xf5\x76\x44\x9a\x9c\x0e\x00\x35\
\x32\x58\x08\xe4\x66\xa0\xa6\x75\x68\x47\xc9\x50\xf9\x47\xcb\xcd\
\xcb\x7b\xb5\xc6\xef\xed\x5b\xa7\x4f\xf2\xf3\x11\x69\x62\x3a\x00\
\xd4\xca\x98\x97\x97\x81\x9a\x81\xa1\xdd\x63\x86\xca\x3f\x5a\x6e\
\x5e\xde\xab\x35\x7d\x6f\xab\x73\xa6\x9d\xbe\x8f\x7f\x1f\xbc\x74\
\x89\x48\xd3\xd0\x01\xa0\x46\x56\x64\x5e\x1e\x06\x6a\xea\x87\xb6\
\xca\x5f\xe5\x1f\x31\xb7\xf4\x7e\x3d\x95\x7f\xc9\xd7\x27\x4c\x9d\
\xc8\x0f\xdb\xdb\x5d\xb3\x50\x9a\x8e\xde\xf4\x35\x2a\xc2\xbc\xee\
\xaf\xb3\x3a\x50\x53\x3f\xb4\x55\xfe\x2a\xff\x88\xb9\xa5\xf7\xab\
\x58\xfe\xab\xaf\x1f\xbb\xf8\x49\xae\xd0\x21\x40\x9a\x8d\xde\xf0\
\x35\xb2\xc2\xca\x03\x40\x9a\x06\x2a\x3d\x5c\xcb\xe4\xd0\x56\xf9\
\xab\xfc\x23\xe6\x96\xde\x2f\x72\xf9\xaf\xbe\xf6\xe5\xc5\x4f\x72\
\x75\x5b\x9b\x17\x10\x69\x12\x56\x79\x89\x54\xb2\xf9\x37\x7c\x9e\
\x3b\x1f\x4b\xc3\x40\x8d\x23\x23\x13\xa5\x57\xcd\xda\x3c\xef\x83\
\xca\xbf\xba\xb5\xce\xcf\x07\xbc\xc3\xa1\xed\x73\xad\x13\x91\x9c\
\xd3\x13\x80\x3a\x70\x67\x4e\x1a\x06\x6a\x1c\x19\x99\x28\xbd\x6a\
\xd6\xe6\x79\x1f\x54\xfe\xd5\xad\x5d\x99\x73\xd0\xbb\xeb\xf3\xb3\
\x63\x76\xf4\x56\x44\x72\x4e\x07\x80\x3a\x08\x9c\x39\xdd\x5f\x27\
\x39\x50\x73\x33\xb4\x55\xfe\x2a\xff\x88\xb9\xa5\xf7\xab\x43\xf9\
\x77\x5f\x3f\x70\xf0\x66\xdc\xda\x3e\xd2\xfb\x21\x92\x63\x3a\x00\
\xd4\x41\xa1\x95\x39\xb0\xea\xcf\x12\xa5\x7c\xa0\xa6\x7e\x68\xab\
\xfc\x55\xfe\x11\x73\x4b\xef\x57\xc7\xf2\x5f\xf9\x75\x91\xbd\x97\
\xae\xcf\x2d\xa7\xb6\x79\x7f\x44\x72\x4a\x07\x80\x3a\xf8\x5b\xbb\
\xbd\x6c\xf0\x74\xda\x07\x6a\xea\x87\xb6\xca\x5f\xe5\x1f\x31\xb7\
\xf4\x7e\x75\x2f\x7f\x7f\xef\x9f\xe3\xfb\x2d\xe6\x36\x1d\x02\x24\
\xaf\x74\x00\xa8\x97\x22\x3f\x87\xf4\x0e\xd4\xd4\x0f\x6d\x95\xbf\
\xca\x3f\x62\x6e\xe9\xfd\x1a\x56\xfe\xab\x17\x8e\xed\xbf\x98\x7b\
\xa7\x4f\xf2\x0d\x10\xc9\x19\x1d\x00\xea\xa4\xd3\xf8\x89\x41\x57\
\xf7\xaf\xf5\x47\xfd\x7a\xce\x50\xf9\x47\xcb\x2d\xbd\x9f\xca\x3f\
\x9c\xd1\xf0\xf2\x5f\x7d\xed\xf3\x2d\x9d\xdc\xd3\x3e\xde\x07\x22\
\x92\x23\x3a\x00\xd4\xc9\x82\x73\x6c\x21\x30\x17\xe2\x29\xff\xdc\
\x0c\x6d\x95\xbf\xca\x3f\x62\x6e\xe9\xfd\x62\x2c\xff\xee\xeb\x9f\
\x5b\x61\x3c\xd4\x3e\xce\x87\x20\x92\x13\x3a\x00\xd4\x91\xc3\xf5\
\xfa\x69\xff\x9e\x33\x54\xfe\xd1\x72\x4b\xef\xa7\xf2\x0f\x67\x24\
\x50\xfe\xdd\x19\x3b\x76\x06\x3c\xf0\xb5\x31\xbe\x11\x22\x39\xa0\
\x03\x40\x1d\xbd\xbb\x8c\x5f\x38\xbc\x9a\x86\x81\x9a\xfa\xa1\xad\
\xf2\x57\xf9\x47\xcc\x2d\xbd\x5f\x82\xe5\xdf\xfd\xf5\x0e\x85\x3e\
\x3c\xd8\x3e\xd1\x37\x46\x24\xe3\x74\x00\xa8\xa3\x97\x2e\xb0\xc5\
\xe6\x5c\xda\xfd\x6b\x95\x7f\xb4\xdc\xd2\xfb\xa9\xfc\xa3\xe5\xaa\
\xfc\xab\x5c\x5b\xc7\x7d\x30\x18\xd1\xb5\x9c\x47\xda\xf7\xf0\xcd\
\x10\xc9\x30\x1d\x00\xea\xad\xc8\x25\xc0\x1b\x2a\xff\x68\xb9\xa5\
\xf7\x53\xf9\x47\xcb\x55\xf9\x57\xb9\xb6\x11\xfb\x60\x6c\x5b\x2c\
\xf0\xd0\xff\x9b\xe0\x1f\x44\x24\xa3\x74\x00\xa8\xb3\xbf\x9f\x67\
\x6f\x9a\xf3\x83\xee\x5f\xd7\x3a\x50\xe9\xe1\x5a\x26\x87\xb6\xca\
\x5f\xe5\x1f\x31\xb7\xf4\x7e\xa9\x2b\xff\xd5\x4b\xb7\x69\xe9\xe4\
\xd1\xff\x1a\xeb\x5b\x22\x92\x41\x3a\x00\x34\xc6\xc5\xc0\xdb\xf5\
\x28\xff\xdc\x0c\x6d\x95\xbf\xca\x3f\x62\x6e\xe9\xfd\x52\x5c\xfe\
\xdd\x19\x5b\xb4\x18\xb3\xdb\xf7\xf4\x2d\x10\xc9\x18\x1d\x00\x1a\
\x60\xfe\xff\xd8\x2b\x01\xb4\x03\x35\x0d\xd4\xdc\x0c\x6d\x95\xbf\
\xca\x3f\x62\x6e\xe9\xfd\x32\x50\xfe\xdd\xb6\xc4\x79\xa4\x7d\x9c\
\x6f\x8d\x48\x86\xe8\x00\xd0\x20\x9b\xf5\xe5\x52\x8a\xfc\x6f\xa3\
\x07\x6a\xea\x87\xb6\xca\x5f\xe5\x1f\x31\xb7\xf4\x7e\x59\x29\xff\
\x92\xb5\x1f\x36\xe7\x57\x67\x8e\xf3\xa1\x88\x64\x84\x55\x5e\x22\
\xeb\xea\x63\xd3\xfd\x53\x04\x3c\x66\xdd\x07\x2d\x95\xbf\xca\x7f\
\x8d\xfb\xa9\xfc\xc3\x19\x19\x2c\xff\xd2\x6b\x2f\x51\x64\x8f\x6f\
\x3e\x68\x7f\x42\x24\xe5\xf4\x04\xa0\x81\x9e\x3b\xdf\x7e\x17\x38\
\x57\x03\x2a\xff\x92\xfb\xa9\xfc\xa3\xe5\x66\xa8\xf4\x7a\xcd\x68\
\xa2\xf2\x07\xd8\x84\x80\x07\xcf\x19\xe3\xc3\x10\x49\x39\x1d\x00\
\x1a\xac\xd0\x9f\xd3\x70\x9e\x89\x32\xac\x54\xfe\x55\xae\xcd\xf3\
\x3e\x64\xab\xf4\x7a\xcc\x68\xb2\xf2\xef\xce\x78\x7f\x31\x60\xee\
\xd9\xe3\xfc\x53\x88\xa4\x98\x55\x5e\x22\xb5\xda\xf6\xeb\xfe\x09\
\xef\xe2\xb7\xc0\x80\x5a\x07\x6a\xea\x87\xb6\xca\x5f\xe5\x1f\x31\
\xb7\xf4\x7e\x39\x2a\xff\xd2\x7f\xef\x4d\x9c\x3d\xff\xeb\x41\x7b\
\x1c\x91\x14\xd2\x13\x80\x18\x3c\xf3\xdf\xf6\x7f\xee\x1c\xa3\xf2\
\xef\x25\xa3\x9a\xb5\x79\xde\x87\xec\x97\x5e\xa4\xdc\xd2\xfb\xe5\
\xb4\xfc\x01\x36\x34\x78\xe0\xac\xdd\x7d\x24\x22\x29\xa4\x03\x40\
\x4c\xe6\x9d\x6f\x37\x00\xd7\x80\xca\x3f\x94\x51\xcd\xda\x3c\xef\
\x43\x3e\x4a\x4f\xe5\x5f\x7e\x6d\xfd\x00\xee\xfc\xef\x3d\x7c\x37\
\x44\x52\x46\x07\x80\x18\x0d\x78\x9d\xe3\x0c\xee\x06\x95\x7f\xca\
\x87\x76\xa4\x0c\x95\x7f\x38\x43\xe5\xbf\xd6\x6b\xeb\xe3\xdc\x7d\
\xce\x18\xdf\x03\x91\x14\xb1\xca\x4b\xa4\x9e\x3e\x74\xaa\xf7\x1f\
\xd8\xca\xbd\xe6\x7c\x1e\x52\x39\xac\x7a\xcd\x50\xf9\x47\xcb\x2d\
\xbd\x9f\xca\x3f\x9c\xd1\x44\xe5\x5f\x9a\xb1\xcc\x8b\x4c\xfe\xfa\
\x1c\xbb\x03\x91\x14\xd0\x01\x20\x01\x5b\x4f\xf1\x81\xfd\xfa\x31\
\x07\xd8\xa1\xfb\x5a\x0a\x87\x55\x28\x43\xe5\x1f\x2d\xb7\xf4\x7e\
\x2a\xff\x70\x46\x93\x96\x7f\xb7\xe5\x01\x1c\x34\x63\xb6\xdd\x86\
\x48\xc2\xf4\x11\x40\x02\xe6\x5f\x66\x6f\x05\xce\x78\xe0\x19\x48\
\xf5\xb0\x52\xf9\xaf\x71\x3f\x95\x7f\x38\x43\xe5\x1f\x2d\x77\xd5\
\xf5\x3e\xee\xcc\x3c\x7f\x94\x1f\x80\x48\xc2\x74\x00\x48\xc8\xd3\
\x17\xd8\xcb\x81\x33\xd2\x9c\xa7\xbb\xaf\xa5\x70\x58\xa9\xfc\x69\
\xd0\x3e\x34\x57\xe9\xa9\xfc\x29\xfb\xde\x5a\xdd\xf8\xf9\x79\xa3\
\xfd\x30\x44\x12\xa4\x03\x40\x82\x9e\xbe\xc0\x5e\xa6\x85\x91\xc0\
\xef\x53\x3c\xac\x7a\xcd\x2d\xbd\x9f\xca\x3f\x5a\x6e\x93\x96\xde\
\xba\xaf\xcd\xe7\x3e\x14\x0c\xae\x3d\x7f\xa4\x1f\x89\x48\x42\x74\
\x00\x48\xd8\x9f\xce\xb5\xd7\x0b\x9d\x8c\xc5\x78\x3c\xc5\xc3\x4a\
\xe5\x1f\x31\x43\xe5\x1f\xce\x50\xf9\xf7\x78\xad\x80\x71\xcd\x05\
\xa3\xfc\x04\x44\x12\xa0\x03\x40\x0a\xfc\xef\xc5\xf6\x46\x6b\xc0\
\x9e\x06\xbf\x81\xd4\x0e\xab\x1e\x33\x54\xfe\xd1\x72\x55\x7a\x55\
\xae\xcd\xf3\x3e\xac\xce\x30\x87\xef\x9d\x3f\xda\xa7\x20\x12\x33\
\xab\xbc\x44\xe2\x32\x6c\xaa\xaf\x57\x70\xee\x70\x18\x9d\xd2\x61\
\x15\xca\x50\xf9\x47\xcb\x55\xe9\x55\xb9\x36\xcf\xfb\xb0\xf6\x0c\
\x77\x38\x6d\xda\x5c\xbb\x18\x91\x98\xe8\x09\x40\x8a\x3c\x7d\x81\
\x2d\x0e\x36\x60\x22\xce\x03\x29\x1f\x56\x91\x72\xab\x5a\x9b\xcd\
\xa1\x1d\x29\x57\xa5\x57\xe5\xda\x3c\xef\x43\xcf\x19\x66\x70\xd1\
\x85\x23\xfd\xbf\x10\x89\x89\x55\x5e\x22\x71\xdb\x7a\x8a\xf7\xdd\
\xa0\x0f\xb3\x70\x26\xa6\x74\x58\xa9\xfc\x55\xfe\x2a\xff\x0a\x19\
\xd5\x7c\x6f\xa5\xd7\x83\x22\xed\xa7\x3e\x62\xdf\x46\xa4\xc1\xf4\
\x04\x20\x85\xe6\x5f\x66\xcb\x96\x6f\xc0\x81\x06\xb7\xa5\x71\x58\
\xa9\xfc\xa3\xe5\xaa\xf4\xaa\x5c\x9b\xe7\x7d\xa8\x22\xc3\x8d\xf6\
\x8b\x46\xfa\xb9\x88\x34\x98\x55\x5e\x22\x49\xd9\xf1\x18\x6f\xf5\
\xf5\xf8\x99\xc1\x01\x90\x8e\x61\xa5\xf2\x8f\x96\xab\xd2\xab\x72\
\x6d\x9e\xf7\x61\x5d\x33\x9c\x0b\x4e\x7d\xc4\xa6\x21\xd2\x20\x7a\
\x02\x90\x62\x4f\x5e\x69\x2b\xb6\x5a\xc0\x41\x06\x3f\x4d\xc3\xb0\
\x52\xf9\x47\xcb\x55\xe9\x55\xb9\x36\xcf\xfb\x50\x4b\x06\x4c\xbd\
\x64\x57\xff\x81\xe3\xa5\xff\xba\x48\xdd\xe8\x8d\x95\x01\x6d\x6d\
\x5e\xf8\xe7\x07\xb9\xda\xe1\x88\xd4\x96\x5e\x35\x6b\x33\x3c\xb4\
\x55\xfe\xe1\x0c\x95\x7f\xb4\xdc\x75\xcd\x70\xb8\xf2\xcd\x47\x38\
\xbe\x1d\x2b\x22\x52\x47\x3a\x00\x64\x86\xdb\x27\x4f\xe6\x7b\x18\
\x27\x40\xca\x4a\xaf\x9a\xb5\x19\x1e\xda\x2a\xff\x70\x86\xca\x3f\
\x5a\x6e\xcd\x19\x45\xae\x7e\xfd\x51\x8e\xd1\x21\x40\xea\x49\x07\
\x80\x4c\x71\xdb\xe9\x14\x2e\x09\x9c\xf7\xfe\xd2\x90\xc4\x4b\xaf\
\x9a\xb5\x19\x1e\xda\x2a\xff\x70\x86\xca\x3f\x5a\x6e\x1d\x33\x7e\
\xf6\x5a\x81\xc3\xdb\xe7\x5a\x27\x22\x75\xa0\x03\x40\xe6\xb8\x7d\
\xf2\x64\x2e\x34\x38\x25\xf1\xd2\xab\x66\x6d\x86\x87\xb6\xca\x3f\
\x9c\xa1\xf2\x8f\x96\x5b\xef\x0c\x9c\x99\x7d\xdf\xe5\xd0\x63\x9f\
\xb4\x15\x88\xd4\x48\x3f\x04\x98\x39\xe6\xbf\xbf\xc4\x4e\x35\x38\
\x7b\xe5\xaf\x4a\xfe\x97\xee\x2f\x54\xfe\xbd\x66\xa8\xfc\xc3\x19\
\x2a\xff\x68\xb9\xa5\xf7\x8b\xbb\xfc\x6d\xe5\xff\x9b\xbc\xa2\x3f\
\x37\x5f\x3a\xde\xfb\x22\x52\x23\x1d\x00\x32\xea\xb7\x97\xd8\x37\
\xcc\xf9\x76\xf7\xaf\x55\xfe\xd1\x32\x54\xfe\xe1\x0c\x95\x7f\xb4\
\xdc\xd2\xfb\x25\x51\xfe\xac\xfe\x77\x27\xda\xdb\xdc\x7c\xed\x48\
\xef\x87\x48\x0d\xac\xf2\x12\x49\xb3\x9d\xa7\xf8\x0c\x33\x56\xfe\
\xa5\x21\x2a\xff\x5e\x33\x54\xfe\xe1\x0c\x95\x7f\xb4\xdc\xd2\xfb\
\x25\x59\xfe\x6b\x64\xdc\xbb\xac\xc8\xfe\xa7\x3d\x66\xef\x22\xb2\
\x0e\x74\x00\xc8\x81\xcf\x4c\xf1\x69\xc0\xf9\x2a\xff\x9e\x33\x54\
\xfe\xe1\x0c\x95\x7f\xb4\xdc\xd2\xfb\xa5\xa8\xfc\xbb\xff\xf9\xb0\
\xf7\x61\xc2\x89\x73\xed\x1d\x44\xaa\xa4\x03\x40\x4e\x7c\x76\x8a\
\x1f\x0f\x7c\x1f\x30\x95\x7f\xf9\xfd\x54\xfe\xe1\x0c\x95\x7f\xb4\
\xdc\xd2\xfb\xa5\xae\xfc\x57\x5f\xfa\x55\x5f\xd8\xfb\x4b\xbf\xb6\
\xb7\x11\xa9\x82\x7e\x06\x20\x27\x7e\x73\x99\xfd\x10\xe3\x38\x83\
\xa2\xca\x5f\xe5\xdf\x5b\x86\xca\x3f\x5a\x6e\xe9\xfd\x52\x5c\xfe\
\x98\xb3\xeb\x72\xb8\xe7\xd2\x4f\xfb\x40\x44\xaa\x60\x95\x97\x48\
\x96\x7c\xee\x44\xff\xb2\x19\x57\xb0\xea\x70\xa7\xf2\x8f\x96\xa1\
\xf2\x0f\x67\xa8\xfc\xa3\xe5\xc6\x9d\xd1\x53\x6e\x00\x4f\x16\x9c\
\xb1\x5f\x7e\xcc\x5e\x43\x24\x02\x1d\x00\x72\x68\x97\x29\xfe\x05\
\x9c\x9f\x18\xb4\xa8\xfc\x55\xfe\x2a\xff\x35\xd6\xe6\xb0\xfc\x4b\
\x32\xfe\x60\xcb\x19\x7b\xec\x93\xf6\x6f\x44\x2a\xd0\x01\x20\xa7\
\x3e\x7f\xa2\x4f\x76\xb8\x01\x68\x51\xf9\xf7\x9c\xa1\xf2\x0f\x67\
\xa8\xfc\xa3\xe5\xc6\x9d\x51\xc5\xfe\xfd\xa5\xb3\x93\x31\x27\xfe\
\xde\x5e\x44\xa4\x17\x3a\x00\xe4\xd8\xae\x27\xf8\x81\x66\xdc\x08\
\xb4\x82\xca\x7f\xcd\x8c\x46\x7d\x6f\x71\x64\xa8\xfc\xa3\xe5\x96\
\xad\x6d\x8e\xf2\xef\xfe\xe7\xb3\x85\x80\x31\x5f\xfa\xb5\x75\x20\
\xd2\x03\x1d\x00\x72\x6e\xd7\xe3\x7d\x6f\x0b\xf8\x85\x39\xfd\x40\
\xe5\xaf\xdf\xf9\xf7\x9c\xa1\xf2\x8f\x96\x1b\x77\x46\x0d\xfb\xf7\
\x5c\xa7\x31\xfa\xf8\xc7\x6c\x21\x22\x6b\xa1\x03\x40\x13\x18\x79\
\x82\xef\xe9\x70\x8b\x41\xff\xee\x6b\x2a\xff\xf4\x64\xa4\x72\xff\
\xaa\x59\x9b\xe7\x7d\xc8\xd0\x7b\xb5\x87\x6b\xff\xf4\x22\xa3\xbf\
\xf2\x3b\xfb\x07\x22\x6b\xd0\x01\xa0\x49\x8c\x3a\xde\x77\x73\xe3\
\x2e\x60\x7d\x95\x7f\x7a\x32\x52\xb9\x7f\xd5\xac\xcd\xf3\x3e\x64\
\xe8\xbd\xda\x6b\x2e\x3c\xdf\x15\x30\xfa\xd8\xdf\xd8\xdf\x10\x29\
\xa1\x03\x40\x13\xd9\xed\x78\xdf\x35\x80\x5f\x02\x1b\x40\xf3\x0d\
\xed\x46\x7d\x6f\x71\x64\xa8\xfc\xa3\xe5\x96\xad\x55\xf9\x97\x66\
\xbc\x10\xc0\x98\xa3\x7e\x6b\x7f\x45\x64\x15\xfd\x45\x40\x4d\xe4\
\xe1\x1f\xda\xaf\x70\xc6\x03\x6f\x35\xdb\xd0\xae\xe6\x7b\xa3\x87\
\x6b\xb9\x2f\xbd\x6a\xd6\xe6\x79\x1f\x32\xf4\x5e\xad\x62\xff\x3e\
\xec\xf0\xc8\x75\x9f\xf4\xa1\x88\xac\x12\x9a\x79\x92\x7f\xa3\x8e\
\xf7\x1d\x0d\xee\x07\x86\x34\xc3\xd0\xae\xb6\xfc\x53\x34\xb4\x55\
\xfe\x11\x73\xcb\xd6\xaa\xfc\x7b\xdb\xbf\x97\xad\xc0\xee\x47\x3d\
\x66\x7f\x42\x9a\x9e\x0e\x00\x4d\x6a\xf7\xe3\x7c\x7b\x5f\x79\x08\
\xd8\x38\xcf\x43\x5b\xe5\x1f\xce\x50\xf9\x47\xcb\x8d\x3b\x23\xc6\
\xfd\x7b\xbd\x08\x63\xbf\xf4\x3b\x7b\x02\x69\x6a\x3a\x00\x34\xb1\
\x31\xc7\xfa\x7f\x9a\x31\x1b\xd8\x14\xf2\x37\xb4\x1b\x35\x50\xe3\
\xc8\x50\xf9\x47\xcb\x2d\x5b\xab\xf2\xaf\x66\xff\xde\x30\x67\xdc\
\x11\x4f\xd8\xef\x90\xa6\xa5\x9f\x01\x68\x62\xb3\xaf\xb0\xbf\x04\
\x45\x46\x01\x1d\x79\x1b\xda\x2a\xff\x70\x86\xca\x3f\x5a\x6e\xdc\
\x19\x09\xed\xdf\x20\x37\xee\xff\xf1\xa7\xfc\x33\x48\xd3\xd2\x01\
\xa0\xc9\xdd\x7f\xa5\x3d\xeb\x5d\x8c\x02\x16\x40\x3e\x86\x76\x35\
\x03\x95\x1e\xae\xa5\x74\x68\x97\xaf\x55\xf9\x47\xca\x2d\xbd\x9f\
\xca\xbf\xec\xdf\xdb\x10\xe7\x81\x1f\xef\xe8\xa3\x90\xa6\xa4\x03\
\x80\x30\xfb\x2a\x7b\xae\x60\xec\x6a\xf0\x0f\x20\xd3\x43\xbb\xda\
\xf2\xcf\xe0\xd0\x8e\x94\x5b\x7a\x3f\x95\x7f\xb4\xdc\xb8\x33\x52\
\xb2\x7f\xeb\x99\x71\xd7\x4f\x3f\xe9\x63\x90\xa6\x63\x95\x97\x48\
\xb3\xd8\xfd\x18\xff\x48\x00\x0f\x19\x6c\x05\xd9\x1b\xda\x2a\xff\
\x70\x86\xca\x3f\x5a\x6e\xdc\x19\x29\xdc\xbf\x25\xe6\xec\x77\xe8\
\x93\x76\x3f\xd2\x34\xf4\x04\x40\xde\xf3\xe0\x95\xf6\x3c\x2d\x8c\
\x02\xfe\x9a\xb5\xa1\x5d\xed\x40\xcd\xc9\xd0\xee\x35\x43\xe5\x1f\
\x2d\x37\xee\x8c\x94\xee\xdf\x00\x37\xee\xbc\x7e\x27\x9f\x84\x34\
\x0d\xab\xbc\x44\x9a\xcd\x98\x2f\xfb\x26\x7d\x02\x1e\x74\xe7\x13\
\x59\x18\xda\xd5\x0c\xd4\x38\x32\x52\x59\x7a\xd5\xac\xcd\xf3\x3e\
\x64\xe8\xbd\x1a\xeb\xfe\xad\xbe\xbe\x1c\xe7\xe0\x43\x9f\xb2\x5b\
\x91\xdc\xd3\x13\x00\x09\x99\xfd\x23\x7b\xa9\x2b\x60\x8c\xc1\x7b\
\x7f\x59\x48\x5a\x87\xb6\xca\x3f\x9c\xa1\xf2\x8f\x96\x1b\x77\x46\
\x6a\xf7\xaf\xfc\x7a\x1f\x33\x66\xdd\xb0\x83\x1f\x82\xe4\x9e\x0e\
\x00\xb2\x56\xf7\x5f\x6e\x2f\x07\x2d\xec\x06\xfc\x3e\xad\x43\x5b\
\xe5\x1f\xce\x50\xf9\x47\xcb\x8d\x3b\x23\xb5\xfb\xb7\xf6\xeb\x05\
\x83\x1f\xdf\xb0\xbd\x1f\x8e\xe4\x9a\x55\x5e\x22\xcd\x6c\xdf\x23\
\x7d\xd0\xf2\x02\xf7\x62\x7c\x3a\x4d\x43\xbb\x51\x03\x35\x8e\x0c\
\x95\x7f\xb4\xdc\xb2\xb5\x2a\xff\xb8\xca\xbf\xf4\x5a\x57\x00\x5f\
\x39\xf8\x29\xbb\x16\xc9\x25\x1d\x00\xa4\xa2\xdd\x8f\xf1\x0d\xfb\
\x16\xb9\x07\xf8\x4c\x9e\x07\x6a\x1c\x19\x89\xee\x5f\x35\x6b\xf3\
\xbc\x0f\x39\x78\xaf\xc6\x50\xfe\xdd\xd7\x1c\x98\xf2\x85\xa7\xec\
\xfb\x48\xee\xe8\x23\x00\xa9\xe8\xc1\x2b\xed\xcd\x15\xcb\xd8\x23\
\x30\xe6\x64\x69\xa0\xd2\xc3\xb5\xcc\x0e\xed\x6a\x7e\xe7\xbf\xb6\
\xaf\x9b\x6d\x1f\x32\xf4\x5e\x4d\x69\xf9\x83\x63\xe6\x5c\xf6\xb3\
\xed\xfd\x24\x24\x77\x74\x00\x90\x48\xee\xbf\xde\x16\x63\x4c\xc0\
\x78\x30\x0b\x03\x35\x8e\x8c\x54\x96\x5e\x35\x6b\xf3\xbc\x0f\x2a\
\xff\x7a\x94\x7f\xf7\xd7\x66\x70\xf1\xcf\x77\xf0\x53\x91\x5c\xd1\
\x01\x40\x22\xbb\xf3\x4a\x5b\xd2\xd5\x9f\x09\x38\x77\x41\xba\x07\
\x6a\xae\x86\xb6\xca\xbf\xd7\x0c\x95\x7f\x38\xa3\x8e\xe5\xdf\x7d\
\xdd\x28\x72\xe1\xcf\xb7\xf7\x6f\x20\xb9\x61\x95\x97\x88\x94\x6b\
\x6b\xf3\x3e\xcb\x06\x32\x13\x67\x1f\xc8\xee\x40\x8d\x23\x43\xe5\
\x1f\x2d\xb7\x6c\xad\xca\x3f\x6d\xe5\x5f\xfe\xba\x8d\xf3\xda\xfe\
\x60\x67\x20\x99\xa7\x27\x00\x52\xb5\x59\xb3\x6c\x79\xdf\xb7\x98\
\x8c\x73\x4b\x9a\x06\x2a\x3d\x5c\xcb\xec\xd0\x56\xf9\xf7\x9a\xa1\
\xf2\x0f\x67\x34\xba\xfc\x57\xad\x99\x31\x6b\xb8\x9f\x8b\x64\x9e\
\x0e\x00\xb2\x4e\x66\xcd\xb2\xe5\x7d\xdf\x61\xb2\x1b\x3f\x4d\xc3\
\x40\x8d\x23\x23\x95\xa5\x57\xcd\xda\x3c\xef\x83\xca\x3f\x96\xf2\
\x2f\x79\x3d\x33\x66\x0d\xf7\x0b\x90\x4c\xb3\xca\x4b\x44\x7a\xd6\
\xd6\xe6\x85\x15\xeb\x73\x35\x70\x44\x16\x06\x6a\x1c\x19\x2a\xff\
\x68\xb9\x65\x6b\x55\xfe\x59\x2a\xff\xd2\xeb\x97\x1f\xf0\x47\x4e\
\xb0\xb2\xbb\x4a\x56\xe8\x09\x80\xd4\x64\xd6\x2c\xeb\x1a\xb1\x39\
\x47\x1b\x5c\x03\xa4\x7a\xa0\xc6\x91\xa1\xf2\x8f\x96\x5b\xb6\x56\
\xe5\x9f\xd5\xf2\xc7\x9c\xe3\x6e\x1e\xc6\x15\xed\xb8\xba\x24\x83\
\xac\xf2\x12\x91\x28\xdc\xf6\x3f\x82\x4b\x31\xbe\xda\x7d\x25\x4d\
\x03\x35\x8e\x8c\x44\x0b\xa9\x9a\xb5\x79\xde\x07\x95\x7f\x75\x6b\
\xeb\xb4\x0f\x0e\x57\xff\xe9\x69\x8e\x69\xc7\x8a\x48\x66\xe8\x00\
\x20\x75\xe4\xb6\xdf\x91\x5c\x64\x70\x72\xa3\x07\x6a\xe9\xfd\x72\
\x31\xb4\xf5\x3b\xff\x5e\x33\x54\xfe\xe1\x8c\xb4\x94\x7f\xb7\xa0\
\xc8\x4d\x1b\x6e\xcc\x61\xa3\xe6\x5a\x27\x92\x09\x7a\x6c\x23\x75\
\x64\x7e\xeb\x75\x76\x8a\x19\xe7\x34\x7a\xa0\xe6\x6a\x68\xab\xfc\
\x7b\xcd\x50\xf9\x87\x33\xd2\x56\xfe\xe6\xe0\xc6\xc1\x6f\xbc\xca\
\x0d\x57\xec\xe8\xad\x48\x26\x58\xe5\x25\x22\xd5\x3b\xe0\x08\xff\
\xb6\xc1\x37\x21\xb9\x81\x1a\x47\x46\xa2\x85\x54\xcd\xda\x3c\xef\
\x83\xca\xbf\xba\xb5\x0d\xde\x07\x33\xee\x6a\x5d\xc2\x81\x7b\xcd\
\xb7\x65\x48\xaa\xe9\x09\x80\x34\xc4\xcd\x3f\xb6\x6f\xe1\x9c\xa1\
\xf2\x8f\x96\x5b\x7a\x3f\x95\x7f\xb4\xdc\xb8\x33\x52\xbb\x7f\xd5\
\xac\x8d\x61\x1f\xbc\xc8\x84\xce\x7e\xdc\x32\x67\x0b\xef\x87\xa4\
\x9a\x55\x5e\x22\xb2\xee\x0e\x3c\xcc\xa7\x9b\x71\x5e\xad\x03\xf5\
\xbd\xeb\x79\x19\xda\x51\xbf\xb7\x6a\xd6\xe6\x79\x1f\x54\xfe\x99\
\x28\xff\xb2\x7d\x30\xee\x5d\xba\x3e\xfb\x4f\x7e\xcc\xde\x45\x52\
\x49\x07\x00\x69\xb8\xb6\xc3\xfd\x34\x83\x0b\x00\xd3\xef\xfc\x7b\
\xce\x50\xf9\x47\xcb\x8d\x3b\x23\xb5\xfb\x57\xcd\xda\xe4\xf6\xe1\
\xe1\xa5\x30\x61\xf2\x9f\xed\x1d\x24\x75\x74\x00\x90\x58\x1c\x74\
\xb8\x1f\x8b\xf3\x03\x20\x50\xf9\x87\x33\x54\xfe\xd1\x72\xe3\xce\
\x48\xed\xfe\x55\xb3\x36\xf9\x7d\x78\xb4\xd8\xc9\x5e\xfb\xcc\xb3\
\xb7\x91\x54\xd1\x01\x40\x62\x33\xf9\x30\xff\x4a\x00\x97\xb3\xea\
\x67\x4f\x54\xfe\xd1\x72\xab\x5e\x9b\xe7\x7d\xc8\x4e\xe9\xf5\x98\
\xd1\x64\xe5\xdf\x7d\xfd\x37\xc1\x32\xc6\xef\x35\xdf\xde\x42\x52\
\x43\x07\x00\x89\xd5\xc1\x87\xfb\x17\x71\x7e\x6c\x4e\x4b\xf7\xb5\
\x14\x0e\x2b\xfd\xce\xbf\x87\x8c\x34\x14\x73\x1c\x19\xa9\xdd\xbf\
\x6a\xd6\xa6\x6d\x1f\x8c\x27\x97\x77\x31\x6e\xff\x67\xed\x55\x24\
\x15\x74\x00\x90\xd8\x1d\x7c\x88\x1f\x64\xc6\x4f\x81\x96\x5a\x07\
\x2a\x64\x60\x68\xab\xfc\x7b\xcd\x50\xf9\x87\x33\x72\x57\xfe\xab\
\xd7\xfc\xa1\xd8\xc9\xd8\x89\xcf\xd9\xbf\x91\xc4\xe9\x00\x20\x89\
\xf8\xe2\x61\xde\x86\x73\x03\xd0\xaa\xf2\xaf\x72\x6d\x9e\xf7\x41\
\xe5\x9f\xe7\xf2\xef\xbe\xf6\x4c\x00\x63\xf6\x7c\xc6\x16\x21\x89\
\xd2\x01\x40\x12\x73\xf0\xa1\xbe\x77\xe0\xfc\xc2\xa0\x1f\x34\x71\
\xf9\xaf\x2d\xa3\x9a\xb5\x79\xde\x87\xfc\x94\x5e\xa4\x8c\x26\x28\
\xff\x95\x5f\x1b\xcf\x16\xba\x18\x33\x76\x9e\x75\x20\x89\xd1\x01\
\x40\x12\x75\xc8\x21\x3e\x1e\xb8\xa5\xfb\x10\x90\xca\x61\x55\x21\
\x43\xe5\x1f\x2d\xb7\xf4\x7e\x2a\xff\x70\x46\xd3\x94\xff\xea\xa5\
\xcf\xf9\x0a\xc6\xec\x35\xdf\x16\x20\x89\xd0\x01\x40\x12\x77\xc8\
\x21\x3e\xd6\xe0\x36\x9c\xfe\x29\x1e\x56\x7a\xec\xdf\x4b\x86\xca\
\x3f\x9c\xa1\xf2\x8f\x90\x6b\xfc\xad\x10\x30\x7a\x8f\x3f\xdb\xf3\
\x48\xec\x74\x00\x90\x54\xf8\xe2\x17\xfd\xf3\x05\xb8\x0b\xd8\x00\
\x52\x3a\xac\xd6\xb8\x9f\xca\x3f\x5a\x6e\xe9\xfd\x54\xfe\xe1\x8c\
\xa6\x2d\xff\xd5\x6b\xe6\x77\x16\xd8\x75\xef\x3f\xdb\x8b\x48\xac\
\xf4\xdf\x02\x90\x54\xb8\xf1\x46\x7b\x24\x30\xc6\x03\x6f\xa5\x7c\
\x58\x45\xca\x2d\xbd\xdf\x5a\x73\xb3\x3f\xb4\x23\xe5\x96\xde\x4f\
\xe5\x1f\xce\x50\xf9\x03\xb0\x75\x4b\x27\xf7\xdd\xb5\x9d\x0f\x46\
\x62\x65\x95\x97\x88\xc4\xe7\xb0\x83\x7d\x27\x33\xee\x03\x86\xa4\
\x74\x58\xe9\x33\xff\x88\xb9\xa5\xf7\x53\xf9\x87\x33\x54\xfe\x6b\
\xdc\xcf\x79\xdc\xfb\xb1\xfb\xb8\xa7\x6d\x31\x12\x0b\x3d\x01\x90\
\x54\xb9\xfe\x26\x7b\xc2\x9d\x71\x06\xaf\x75\x5f\x4b\xd3\xb0\xaa\
\xf9\xb1\xff\xda\xbe\xce\xe0\xd0\x56\xf9\x87\x33\x54\xfe\xd1\x72\
\x7b\xcc\x30\x76\x0e\x96\x71\x0d\x12\x1b\x1d\x00\x24\x75\xae\xbf\
\xc9\x9e\x9e\x62\xbf\xcb\x00\x00\x20\x00\x49\x44\x41\x54\x30\x63\
\x0c\xf0\x4a\x9a\x86\x95\x3e\xf3\x8f\x96\x5b\x7a\x3f\x95\x7f\x38\
\x43\xe5\xdf\x6b\xc6\xe4\xd9\x1f\xf3\xaf\x22\xb1\xb0\xca\x4b\x44\
\x92\x71\xd8\x41\xbe\x6d\xc1\x78\xd0\x60\xb3\xee\x6b\xa9\x1a\xda\
\xb5\x0c\xe2\x6a\xd6\xa6\x68\x68\xab\xfc\xc3\x19\x2a\xff\x68\xb9\
\x55\x64\xac\xa0\xc8\x6e\xbb\xcf\xb7\xc7\x90\x86\xd2\x01\x40\x52\
\xed\xe8\x36\xdf\xc6\x0b\xcc\x06\x3e\x98\xaa\xa1\xad\xf2\xef\x35\
\x43\xe5\x1f\xce\x50\xf9\x57\x91\x61\x3c\xef\xc6\x0e\xbb\xeb\xbf\
\x1b\xd0\x50\xfa\x08\x40\x52\xed\x9a\x59\x36\xcf\x03\x46\x99\xf3\
\x42\xf7\xb5\xc4\x87\xb6\xca\xbf\xd7\x0c\x95\x7f\x38\x43\xe5\xbf\
\xfa\x5a\xa4\x8c\x22\x1f\xb1\x22\x17\x23\x0d\x65\x95\x97\x88\x24\
\xef\x4b\x5f\xf4\xcd\xe9\x62\x36\xb0\x15\x90\xfe\xd2\xab\x66\x6d\
\x06\x86\x76\x6f\xb9\xa5\xf7\x53\xf9\x87\x33\x54\xfe\xeb\x9e\xe1\
\x01\x63\xc6\xcc\xb3\x87\x90\x86\xd0\x01\x40\x32\xe3\xa8\x83\xfd\
\xc3\x81\xf3\x10\xce\xd6\x99\x2b\xbd\x6a\xd6\xa6\x68\x68\xab\xfc\
\xc3\x19\x2a\xff\x68\xb9\xf5\xc8\x08\x9c\xe7\x96\xc0\xb0\xbd\xe6\
\xdb\x32\xa4\xee\xf4\x11\x80\x64\xc6\xb5\x37\xd9\x0b\x5d\x45\x76\
\x35\xe7\xcf\x90\xa1\xd2\xab\x66\x6d\x8a\x86\xb6\xca\x3f\x9c\xa1\
\xf2\x8f\x96\x5b\xaf\x0c\x87\x8f\xf5\x83\xd3\x91\x86\xb0\xca\x4b\
\x44\xd2\xe5\xc8\x36\xdf\xb4\x15\x1e\xc4\x18\x9a\xfa\xd2\xab\x66\
\x6d\x8a\x86\xb6\xca\x3f\x9c\xa1\xf2\x8f\x96\x5b\xb6\xb6\x8a\xef\
\xad\x97\x8c\x25\xde\xc9\x56\xa3\xfe\xa9\xbf\x2a\xb8\xde\xf4\x04\
\x40\x32\xe7\xba\x59\xf6\x62\x27\x8c\xc2\xf9\x63\x6a\x4a\xaf\xa7\
\xaf\x73\x3e\xb4\x55\xfe\xe1\x0c\x95\xff\xea\xfb\xf5\x96\x5b\x45\
\xc6\x00\x2b\x70\x1a\x52\x77\x56\x79\x89\x48\x3a\x1d\xb9\xaf\x0f\
\x6a\x6d\xe5\x3e\x83\x4f\x25\x5e\xfe\x39\x19\xda\x2a\xff\x70\x86\
\xca\x3f\x5a\x6e\x43\x33\x8a\x2c\xb6\x80\x2d\x3f\x3f\xdf\x5e\x41\
\xea\x46\x4f\x00\x24\xb3\xae\xbb\xcd\xde\x30\x18\x6b\xf0\x78\xa2\
\xa5\x97\x93\xa1\xad\xf2\x0f\x67\xa8\xfc\xa3\xe5\x36\x3c\xc3\x58\
\xaf\xe8\x4c\x41\xea\xca\x2a\x2f\x11\x49\xb7\x29\x87\xf8\xc0\xe5\
\xcb\xb9\xdb\x9c\xcf\x41\xc2\x85\x54\xcd\xda\x14\x0d\x6d\x95\x7f\
\x38\x43\xe5\x1f\x2d\xb7\x6c\x6d\x15\xdf\xdb\x3a\x64\xbc\xd1\xc7\
\xd8\x7c\xe7\xf9\xf6\x16\x52\x17\x7a\x02\x20\x99\x77\xd9\x0d\xf6\
\x96\x2f\x65\x2c\x30\x5b\xe5\x1f\x2d\xb7\x6c\xad\xca\x5f\xe5\xdf\
\x43\x46\x8a\xca\x1f\x60\xd0\x8a\x22\x07\x22\x75\xa3\x03\x80\xe4\
\xc2\x95\x77\xda\x92\xe2\x32\x26\x19\x3c\x00\x0d\x1e\xc4\x3d\x7d\
\x9d\xf3\xa1\xad\xf2\x0f\x67\xa8\xfc\x57\xdf\xaf\xb7\xdc\x7a\x64\
\x98\x03\xce\x61\x48\xdd\x58\xe5\x25\x22\xd9\x31\x65\xbc\xf7\x2d\
\xae\xc7\x4c\x77\x26\x41\x4c\x83\xb8\x9a\xb5\x29\x1a\xda\x2a\xff\
\x70\x86\xca\x3f\x5a\x6e\xdc\x19\x25\xd7\xbc\xd8\xc5\x56\xbb\xfd\
\xcb\xfe\x81\xd4\x4c\x4f\x00\x24\x57\x2e\xbb\xc7\x96\xbd\x6c\xb4\
\x61\xdc\xaa\xf2\xef\x39\x43\xe5\x1f\xce\x50\xf9\x47\xcb\x8d\x3b\
\x63\x8d\x6b\xd6\x12\xf0\x45\xa4\x2e\x74\x00\x90\xdc\x99\x35\xcb\
\x96\x77\x0e\xe1\x20\xe0\x17\xa0\xf2\x5f\x33\x43\xe5\x1f\xce\x50\
\xf9\x47\xcb\x2d\x5b\x9b\xd0\x5e\x3b\x4c\x46\xea\xc2\x2a\x2f\x11\
\xc9\xa6\xb6\x36\x2f\x6c\xd2\xc5\x35\xc0\xe1\x35\x7f\xe6\x9f\xa3\
\xa1\xdd\x5b\x6e\xe9\xfd\x54\xfe\xe1\x0c\x95\x7f\x7c\x19\xbd\xe4\
\x7a\x01\x3e\xb0\xf3\x3f\xec\x25\xa4\x26\x7a\x02\x20\xb9\x35\x6b\
\x96\x75\xbd\x54\xe0\xe8\xc0\xb9\xb6\xfb\xda\x3a\x0d\xe2\x9c\x0c\
\x6d\x95\x7f\x38\x43\xe5\x1f\x2d\x37\xee\x8c\x0a\xb9\xd6\xe9\x8c\
\x44\x6a\xa6\x03\x80\xe4\xda\xac\x59\xd6\x75\xe9\xad\x7c\x09\xf8\
\x7e\x5d\x06\x71\x35\x6b\xb3\x33\x50\xcb\xee\xa7\xf2\x0f\x67\xa8\
\xfc\xe3\xcb\x88\xb2\x7f\x41\xc0\x28\xa4\x66\x3a\x00\x48\x13\x30\
\xbf\xec\x56\xa6\x18\x5c\xaa\xf2\xef\x3d\x43\xe5\x1f\xce\x50\xf9\
\xaf\xbe\x96\x9a\xf7\x6a\x91\xd1\x48\xcd\xac\xf2\x12\x91\xbc\x70\
\x3b\x79\x3f\xbe\x8b\x73\x2a\xa8\xfc\xd7\xcc\x50\xf9\x87\x33\x54\
\xfe\xd1\x72\xe3\xce\x30\xc0\x3b\xd9\xe8\xb3\x0b\xec\x35\x64\x9d\
\xe9\x09\x80\x34\x11\xf3\x4b\x6e\xb5\xd3\x0c\xce\x52\xf9\x97\xdf\
\x4f\xe5\x1f\xce\x50\xf9\xaf\xbe\x5f\x6f\xb9\xf5\xc8\x58\x97\xfd\
\x0b\x5a\xf8\x18\x52\x13\x1d\x00\xa4\xe9\x5c\x7c\x9b\x7d\xd3\x9d\
\x33\x54\xfe\xd1\x72\xe3\xce\x48\xed\xfe\x55\xb3\x36\x27\xfb\x90\
\xf2\xf7\xea\x36\x48\x4d\x74\x00\x90\xa6\x74\xc9\xed\x76\x9e\xc1\
\x19\xa0\xf2\xef\x2d\x37\xee\x8c\xd4\xee\x5f\x35\x6b\x73\xb4\x0f\
\x69\x7e\xaf\x7a\x51\x07\x80\x5a\xe9\x00\x20\x4d\xeb\xc2\xdb\xed\
\x3c\x8c\xa9\x2a\xff\x74\x64\xa4\x76\xff\xaa\x59\x9b\xe7\x7d\x48\
\xdb\x7b\xd5\x74\x00\xa8\x95\x0e\x00\xd2\xd4\x2e\xba\xcd\xbe\xeb\
\x70\xbc\x95\x7c\xd2\xd9\x0c\x43\x5b\xe5\x1f\xce\x50\xf9\xaf\xbe\
\x5f\x6f\xb9\xf5\xc8\xa8\xd3\xfe\x6d\x86\xd4\x44\x07\x00\x69\x7a\
\x17\xdd\x61\x97\x1b\x1c\x0b\x14\xb3\x3a\xb4\x55\xfe\xe1\x0c\x95\
\x7f\xb4\xdc\xb8\x33\xea\xb8\x7f\x1b\x20\x35\xd1\x01\x40\x04\xb8\
\xe0\x0e\xbb\x0a\x38\x1c\xa7\x2b\x6b\x43\x5b\xe5\x1f\xce\x50\xf9\
\x47\xcb\x2d\x5b\x9b\xbd\xf7\xaa\x0e\x00\x35\xd2\x01\x40\x64\x95\
\xef\xde\x61\x37\x60\x1c\x0a\x74\x42\x76\x86\x76\x6f\xb9\xa5\xf7\
\x53\xf9\x87\x33\x54\xfe\xd1\x72\xe3\xce\x88\xb2\x7f\x81\xeb\x00\
\x50\x2b\x1d\x00\x44\x4a\x5c\x70\x87\xdd\xe4\x70\x88\xc1\x8a\x3c\
\x0d\x6d\x95\x7f\x38\x43\xe5\xbf\xfa\x7e\xbd\xe5\xd6\x23\xa3\x11\
\xfb\xe7\x7a\x02\x50\x33\x1d\x00\x44\xd6\x50\x28\xf9\x3a\xad\x43\
\x5b\xe5\x1f\xce\x50\xf9\x47\xcb\x8d\x3b\xa3\x81\xfb\x57\x72\x67\
\x59\x17\x3a\x00\x88\x94\x98\x31\xc9\x0f\x76\xe7\x06\x9c\xd6\xb4\
\x0e\x6d\x95\x7f\x38\x43\xe5\x1f\x2d\x37\xee\x8c\x06\xef\xdf\xdb\
\x48\x4d\x74\x00\x10\x59\x65\xfa\x44\xff\x92\x17\xb9\x01\x68\x49\
\xeb\xd0\x56\xf9\x87\x33\x54\xfe\xd1\x72\xe3\xce\x88\x61\xff\x74\
\x00\xa8\x91\x0e\x00\x22\xc0\xf4\x49\x7e\x0c\xce\x95\x40\x90\xd6\
\xa1\xad\xf2\x0f\x67\xa8\xfc\xa3\xe5\xc6\x9d\x11\xd3\xfe\xe9\x00\
\x50\x23\x1d\x00\xa4\xe9\x4d\x9f\xe0\xc7\x51\xe4\x72\x54\xfe\x0d\
\xc9\x48\xed\xfe\x55\xb3\x36\x27\xfb\x90\xe5\xf7\xea\x9a\xd7\xdc\
\x74\x00\xa8\x95\x0e\x00\xd2\xd4\x66\x4c\xf4\xa9\xc0\x0f\x01\x4b\
\xeb\xd0\x56\xf9\x87\x33\x54\xfe\xd1\x72\xe3\xce\x88\x73\xff\xac\
\xc8\x42\xa4\x26\x3a\x00\x48\xd3\x9a\x3e\xd1\x67\xb8\xf3\x1d\x48\
\xef\xd0\x56\xf9\x87\x33\x54\xfe\xd1\x72\xe3\xce\x88\x7d\xff\x8c\
\x79\x48\x4d\x74\x00\x90\xa6\x34\x7d\xa2\xcf\xc0\x39\x17\xd2\x3b\
\xb4\x55\xfe\xe1\x0c\x95\x7f\xb4\xdc\xb8\x33\x92\xd8\x3f\x33\x9e\
\x43\x6a\xa2\x03\x80\x34\x9d\xe9\x13\xfd\x4c\x95\x7f\xbe\x4b\x4f\
\xe5\x1f\x5f\x46\x52\xfb\x57\x2c\xea\x09\x40\xad\x5a\x92\x7e\x01\
\x22\xf1\x71\x9b\x31\x91\xef\xba\x73\x2a\xa4\x77\x68\xab\xfc\xc3\
\x19\x2a\xff\x68\xb9\x65\x6b\xab\xf8\xde\xe2\xc8\xa8\xf7\xfe\xf5\
\x09\xf4\x04\xa0\x56\x3a\x00\x48\x93\x70\x9b\x3e\x91\x8b\xdd\x39\
\x09\xf2\x31\xb4\x55\xfe\xe1\x0c\x95\x7f\xb4\xdc\xb8\x33\x1a\xb0\
\x7f\xcf\x0e\x7b\xde\x5e\x47\x6a\xa2\x03\x80\x34\x01\xb7\x69\x93\
\xb8\x8c\x22\x27\x42\x3e\x86\xb6\xca\x3f\x9c\xa1\xf2\x8f\x96\x1b\
\x77\x46\x23\xf6\xcf\x9d\x87\x90\x9a\xe9\x00\x20\xb9\xd6\xd6\xe6\
\x85\xff\x58\xca\x8f\xbc\xc8\x91\x90\x8f\xa1\xad\xf2\x0f\x67\xa8\
\xfc\xa3\xe5\xc6\x9d\xd1\xc0\xfd\x9b\x83\xd4\x4c\x07\x00\xc9\xad\
\xb6\x36\x2f\x6c\xb9\x94\x6b\xdd\x39\x0c\xf2\x31\xb4\x55\xfe\xe1\
\x0c\x95\x7f\xb4\xdc\xb8\x33\x1a\xb8\x7f\xde\xe5\xcc\x45\x6a\xa6\
\x03\x80\xe4\xd2\x31\xc7\x78\xeb\xa0\x17\xb9\x11\xe7\x40\xc8\xc7\
\xd0\x56\xf9\x87\x33\x54\xfe\xd1\x72\xe3\xce\x68\xf0\xfe\xfd\x71\
\xa7\x0e\xfb\x37\x52\x33\x1d\x00\x24\x77\xda\xdb\xbc\xcf\xbb\x2f\
\x72\x93\x17\xd9\x0f\xf2\x31\xb4\x55\xfe\xe1\x0c\x95\x7f\xb4\xdc\
\xb8\x33\x1a\xbd\x7f\x06\x37\x21\x75\xa1\x03\x80\xe4\xca\x94\xf1\
\xde\x77\xc9\xbb\xcc\x04\x26\x41\x3e\x86\xb6\xca\x3f\x9c\xa1\xf2\
\x8f\x96\x1b\x77\x46\x0c\xfb\x57\x2c\x38\x37\x22\x75\xa1\x03\x80\
\xe4\x46\xfb\x44\x1f\xb0\x04\x6e\xc3\xd9\x03\xf2\x31\xb4\x55\xfe\
\xe1\x0c\x95\x7f\xb4\xdc\xb8\x33\x62\xda\xbf\x39\xdb\x75\xd8\x0b\
\x48\x5d\xe8\x00\x20\xb9\x30\x75\xac\xaf\xb7\x04\x6e\xc7\x19\x03\
\xf9\x18\xda\x2a\xff\x70\x86\xca\x3f\x5a\x6e\xdc\x19\x71\xed\x9f\
\xc3\xf5\x48\xdd\xe8\x00\x20\x99\x37\x65\xbc\x0f\x0c\x5a\xf8\x25\
\xce\x2e\x90\x8f\xa1\xad\xf2\x0f\x67\xa8\xfc\xa3\xe5\xc6\x9d\x11\
\xe3\xfe\xbd\xd6\x67\x39\x37\x23\x75\xa3\x03\x80\x64\xda\x8c\x36\
\xdf\xd0\x97\x72\x2f\xce\xce\x90\x8f\xa1\xad\xf2\x0f\x67\xa8\xfc\
\xa3\xe5\xc6\x9d\x11\xe7\xfe\x99\x73\xe9\xd0\x57\xec\x1d\xa4\x6e\
\xf4\x1f\x03\x92\xcc\x3a\x63\x6f\x1f\xec\x4b\xb9\x5f\xe5\x9f\xde\
\xa1\xdd\x53\x86\xca\x3f\x5a\x6e\xd9\xda\x26\x2e\x7f\x8c\xb7\xac\
\x85\x4b\x91\xba\xd2\x13\x00\xc9\xa4\xaf\x8d\xf7\xf7\x75\x05\x3c\
\x80\x33\x1c\xf2\x31\xb4\x55\xfe\xe1\x0c\x95\x7f\xb4\xdc\xb8\x33\
\x62\xdf\x3f\xe7\x7b\xfa\xbb\xff\xeb\x4f\x07\x00\xc9\x9c\x69\x7b\
\xf9\xa6\x5d\x05\x1e\xc4\x19\x0a\xf9\x18\xda\x2a\xff\x70\x86\xca\
\x3f\x5a\x6e\xdc\x19\x09\xec\xdf\x3b\x5d\x5d\x5c\x8c\xd4\x9d\x3e\
\x02\x90\x4c\x99\xb6\x97\x6f\x6a\x2a\xff\x86\x66\xa4\x76\xff\xaa\
\x59\x9b\xe7\x7d\xc8\xc8\x7b\xb5\x8e\xfb\xf7\xed\x1d\x5e\xb4\x57\
\x90\xba\xd3\x01\x40\x32\xe3\xb4\x7d\xfc\xc3\x56\xe0\x57\x2a\xff\
\x4c\x0c\xed\xf2\xd7\x5b\x21\xb7\x6c\xad\xca\x3f\x52\x6e\xdc\x19\
\x09\xed\xdf\x9f\x57\x7c\x80\x4b\x90\x86\xb0\xca\x4b\x44\x92\x77\
\xfa\x5e\xbe\x79\xa1\xc0\x6c\x9c\xad\x20\x1f\x43\x5b\xe5\x1f\xce\
\x50\xf9\x47\xcb\x8d\x3b\x23\xa1\xfd\xf3\x62\xc0\xe8\xed\x17\xd8\
\x5c\xa4\x21\xf4\x33\x00\x92\x7a\x67\x4c\xf2\xad\x8b\xce\x43\x38\
\x1f\x86\x7c\x0c\x6d\x95\x7f\x38\x43\xe5\x1f\x2d\x37\xee\x8c\xa4\
\xf6\xcf\xe0\x5a\x95\x7f\x63\xe9\x23\x00\x49\xb5\xe9\x93\x7c\x1b\
\x77\xe6\xaa\xfc\xb3\x31\xb4\xcb\x5e\x6f\x85\xdc\xb2\xb5\x2a\xff\
\x48\xb9\x71\x67\x24\xb5\x7f\x0e\xf3\x97\xf7\xe3\x34\xa4\xa1\xac\
\xf2\x12\x91\x64\x4c\xdf\xdb\xb7\x25\xe0\x41\x9c\xcd\x20\x1f\x43\
\x5b\xe5\x1f\xce\x50\xf9\x47\xcb\x8d\x3b\x23\xc1\xfd\x5b\x0a\x7c\
\x6e\x78\x87\x3d\x85\x34\x94\x9e\x00\x48\x2a\x4d\xdb\xcb\x47\x10\
\xf0\xb0\xca\x3f\x33\x43\x5b\xe5\xaf\xf2\xaf\xcf\xfe\x39\x27\xa9\
\xfc\xe3\x61\x95\x97\x88\xc4\x6b\xfa\x24\xdf\x09\xe7\x3e\x9c\x21\
\x90\x8f\xa1\xad\xf2\x0f\x67\xa8\xfc\xa3\xe5\xc6\x9d\x91\xe4\xfe\
\x61\x5c\x3f\x7c\xa1\x1d\x8e\xc4\x42\x4f\x00\x24\x55\x54\xfe\xd9\
\x1b\xda\x2a\xff\x35\x5e\x6f\x85\xdc\xb2\xb5\x2a\xff\xd5\xe5\x0f\
\x73\x06\xb6\x72\x0c\x12\x1b\xab\xbc\x44\x24\x1e\x33\x26\xfa\x2e\
\xc0\x2f\xdd\x19\x08\xf9\x18\xda\x2a\xff\x70\x86\xca\x3f\x5a\x6e\
\xdc\x19\x89\xee\x9f\xf1\xfb\x3e\xcb\x18\xf3\xf1\x7f\xdb\xdb\x48\
\x6c\xf4\x04\x40\x52\xe1\xf4\x49\xfe\x79\x87\xbb\x55\xfe\x19\x1a\
\xda\x11\x73\xcb\xd6\xaa\xfc\x23\xe5\xc6\x9d\x91\xf0\xfe\xfd\xb9\
\x15\xc6\xab\xfc\xe3\xa7\x03\x80\x24\x6e\xda\x44\x1f\x5b\x70\xee\
\xc5\xd9\x00\xf2\x31\xb4\x55\xfe\xe1\x0c\x95\x7f\xb4\xdc\xb8\x33\
\x12\xde\xbf\xbf\x15\x03\xc6\x6d\xbb\xd0\x5e\x45\x62\xa7\x03\x80\
\x24\xea\xf4\x89\x3e\xde\xe0\x76\x9c\xfe\x90\x8f\xa1\xad\xf2\x0f\
\x67\xa8\xfc\xa3\xe5\xc6\x9d\x91\xf0\xfe\x3d\xe7\xc6\xc8\x11\x0b\
\x6c\x21\x92\x08\x1d\x00\x24\x31\x53\x27\xf9\xde\x05\xb8\x15\xa7\
\x1f\xe4\x63\x68\xab\xfc\xc3\x19\x2a\xff\x68\xb9\x71\x67\x24\xbc\
\x7f\xcf\x76\x16\x18\x35\x7c\xa1\x2d\x40\x12\xa3\x03\x80\x24\x62\
\xda\x24\x6f\x0b\x9c\x5b\x71\xfa\x42\x3e\x86\xb6\xca\x3f\x9c\xa1\
\xf2\x8f\x96\x1b\x77\x46\xc2\xfb\xf7\x97\x96\x56\x46\xef\xf0\x82\
\x75\x20\x89\xd2\x01\x40\x62\x37\x75\x92\x1f\x6c\xce\x8d\x38\xad\
\x90\x8f\xa1\xad\xf2\x0f\x67\xa8\xfc\xa3\xe5\xc6\x9d\x91\xf0\xfe\
\xfd\x61\x39\xec\xf6\x9f\xff\xb2\x45\x48\xe2\xac\xf2\x12\x91\xfa\
\x99\x3a\xd1\xbf\x18\xc0\x8f\xf1\x95\xff\x21\xaa\x3c\x0c\x6d\x95\
\x7f\x38\x43\xe5\x1f\x2d\x37\xee\x8c\x84\xf7\xef\xc9\x42\xc0\xd8\
\xa1\x0b\xec\x35\x24\x15\xf4\x5f\x03\x94\xd8\x4c\x9d\xe0\x5f\x09\
\xe0\x72\x7c\xe5\x93\xa7\x3c\x0c\x6d\x95\x7f\x38\x43\xe5\x1f\x2d\
\x37\xee\x8c\x24\xf7\x0f\xf8\x75\xff\xa5\xec\xf5\xd1\xd7\xec\x2d\
\x24\x35\xf4\x11\x80\xc4\x62\xfa\x04\x3f\x2e\x30\x95\x7f\x23\x33\
\x52\xbb\x7f\xd5\xac\xcd\xf3\x3e\x64\xe4\xbd\xda\x80\xfd\xfb\x55\
\xdf\xe5\x8c\x57\xf9\xa7\x8f\x0e\x00\xd2\x70\x53\x27\xf8\x69\x18\
\x3f\x50\xf9\x67\x6a\x68\x47\xca\x2d\x5b\xab\xf2\x8f\x94\x1b\x77\
\x46\xa2\xfb\x67\x3c\x5c\x58\xc1\x5e\xfa\x4b\x7e\xd2\x49\x07\x00\
\x69\xa8\x69\x93\x7c\x7a\x60\x7c\x17\x5f\x39\x17\xf2\x30\xb4\x55\
\xfe\xe1\x0c\x95\x7f\xb4\xdc\xb8\x33\x12\xde\xbf\x7b\xdf\x31\xc6\
\x0f\x7d\xc5\xde\x41\x52\xc9\x2a\x2f\x11\x59\x37\xd3\x27\xfa\x0c\
\xe0\xdc\x3c\x0d\x6d\x95\x7f\x38\x43\xe5\x1f\x2d\x37\xee\x8c\x84\
\xf7\xef\x97\x1b\xf4\xe1\xc0\x2d\xff\x69\x4b\x91\xd4\xd2\x13\x00\
\x69\x88\x69\x13\xfd\xdb\xa8\xfc\x1b\x9a\x91\xda\xfd\xab\x66\x6d\
\x9e\xf7\x21\x23\xef\xd5\x7a\xef\x5f\x00\x77\xf6\x1f\xc0\x01\x2a\
\xff\xf4\xd3\x01\x40\xea\x6e\xfa\x44\x3f\xdb\xe0\x9b\x79\x1a\xda\
\x2a\xff\x70\x86\xca\x3f\x5a\x6e\xdc\x19\x09\xef\xdf\xcc\x65\x1f\
\xe0\x80\x8f\xce\xb7\x65\x48\xea\x59\xe5\x25\x22\x51\xb9\x4d\x9b\
\xc0\x45\x66\x9c\x9c\xa7\xa1\xad\xf2\x0f\x67\xa8\xfc\xa3\xe5\xc6\
\x9d\x91\xf0\xfe\xfd\xec\xd5\x0e\x0e\x1f\x85\x75\x22\x99\xa0\xbf\
\x07\x40\xea\xc4\x6d\xea\x04\x2e\x35\xe3\xab\x79\x1a\xda\x2a\xff\
\x70\x86\xca\x3f\x5a\x6e\xdc\x19\x49\xee\x1f\x70\xf5\x76\x1d\x1c\
\x63\x58\x11\xc9\x0c\xab\xbc\x44\xa4\x77\xed\xed\x1e\x2c\x7e\x82\
\xab\xcc\x38\x3a\x4f\x43\x5b\xe5\x1f\xce\x50\xf9\x47\xcb\x8d\x3b\
\x23\xd1\xfd\x33\xae\xdc\x6e\x21\xc7\xab\xfc\xb3\x47\x07\x00\xa9\
\x49\x5b\x9b\x17\x36\x5f\xca\xd5\x01\x1c\x91\xa7\xa1\xad\xf2\x0f\
\x67\xa8\xfc\xa3\xe5\xc6\x9d\x91\xe4\xfe\x05\xf0\xc3\x4f\x74\x70\
\xa2\x95\xdd\x4d\xb2\x42\x3f\x04\x28\xeb\xac\xad\xcd\x0b\x5b\x2c\
\xe5\x3a\x95\x7f\x63\x33\x52\xbb\x7f\xd5\xac\xcd\xf3\x3e\x64\xe4\
\xbd\x5a\xef\xfd\x03\x2e\xd8\xae\xc3\x4e\x50\xf9\x67\x97\x7e\x06\
\x40\xd6\x49\x7b\x9b\xf7\x79\x67\x29\x3f\x33\xd8\x3f\x4f\x43\x5b\
\xe5\x1f\xce\x50\xf9\x47\xcb\x8d\x3b\x23\xe1\xfd\x3b\x6f\x58\x87\
\x9d\x81\x64\x9a\x9e\x00\x48\xd5\xda\xdb\xbc\xcf\xe2\xa5\xcc\x0c\
\x54\xfe\x0d\xcd\x48\xed\xfe\x55\xb3\x36\xcf\xfb\x90\x91\xf7\x6a\
\xbd\xf7\x2f\x80\x76\x95\x7f\x3e\x14\x92\x7e\x01\x92\x2d\x53\xc6\
\x7b\x5f\x2f\x72\xb3\xc1\xa4\x3c\x0d\x6d\x95\x7f\x38\x43\xe5\x1f\
\x2d\x37\xee\x8c\x44\xf7\xcf\xf8\xc6\xb0\x0e\x3b\x0b\xc9\x05\x1d\
\x00\x24\xb2\xf6\x89\x3e\xc0\x8d\x3b\xcd\xd8\x33\x4f\x43\x5b\xe5\
\x1f\xce\x50\xf9\x47\xcb\x8d\x3b\x23\xc1\xfd\x73\x9c\xd3\x86\x77\
\xd8\xf9\x48\x6e\x58\xe5\x25\x22\x30\x75\xac\xaf\x67\x7d\xb9\xd3\
\x60\x54\x9e\x86\xb6\xca\x3f\x9c\xa1\xf2\x8f\x96\x1b\x77\x46\x92\
\xe5\x1f\xc0\x29\xdb\x75\xd8\xa5\x48\xae\xe8\x09\x80\x54\x34\xa3\
\xcd\x37\x04\xee\x33\xd8\x35\x4f\x43\x5b\xe5\x1f\xce\x50\xf9\x47\
\xcb\x8d\x3b\x23\xc9\xf2\x07\xbe\x3a\xac\xc3\xbe\x87\xe4\x8e\x55\
\x5e\x22\xcd\xec\x94\x7d\x7d\x50\x6b\x17\xf7\x1a\x7c\x3a\x4f\x43\
\x5b\xe5\x1f\xce\x50\xf9\x47\xcb\x8d\x3b\x23\xc1\xfd\xeb\x32\xe3\
\xcb\xc3\x16\xda\x75\x48\x2e\xe9\x09\x80\xf4\xe8\x8c\xbd\x7d\xb0\
\xc1\xfd\x06\x9f\xca\xd3\xd0\x56\xf9\x87\x33\x54\xfe\xd1\x72\xe3\
\xce\x48\xb2\xfc\x03\xe7\xa8\x61\x1d\xf6\x13\x24\xb7\xac\xf2\x12\
\x69\x46\x53\xf7\xf3\xf7\x5b\x27\x0f\x1a\x6c\x97\xa7\xa1\xad\xf2\
\x0f\x67\xa8\xfc\xa3\xe5\xc6\x9d\x91\xe0\xfe\xad\xc0\xf9\xc2\xf0\
\x45\x76\x33\x92\x6b\x7a\x02\x20\x21\x5f\x9f\xe4\x9b\x14\x8b\xcc\
\x56\xf9\x37\x36\x23\xb5\xfb\x57\xcd\xda\x3c\xef\x43\x46\xde\xab\
\x75\xde\xbf\xe5\x06\x07\x0d\x5f\x64\xb7\x22\xb9\xa7\x03\x80\x94\
\x39\x6d\x1f\xff\xb0\x3b\x73\x0d\xb6\xcd\xd3\xd0\x56\xf9\x87\x33\
\x54\xfe\xd1\x72\xe3\xce\x48\x70\xff\x96\x01\x93\x87\x77\xd8\xed\
\x48\x53\xb0\xca\x4b\xa4\x59\xcc\x98\xe8\x1f\x29\xc2\x43\x06\x5b\
\xe5\x69\x68\xab\xfc\xc3\x19\x2a\xff\x68\xb9\x71\x67\x24\xb8\x7f\
\x4b\x02\xd8\x77\xbb\x0e\x7b\x00\x69\x1a\xfa\xab\x80\x05\x80\x33\
\xf6\xf5\x2d\x8a\x30\x57\xe5\xdf\xd8\x8c\xd4\xee\x5f\x35\x6b\xf3\
\xbc\x0f\x19\x79\xaf\xd6\x79\xff\x16\x63\x4c\x54\xf9\x37\x1f\x7d\
\x04\x20\x9c\xb6\x97\x7f\x0c\x63\xae\xc1\xe6\x79\x1a\xda\xd5\x0e\
\xd4\x8c\x0d\x6d\x95\xbf\xca\xbf\x1e\xfb\xf7\x4e\x10\x30\x71\xd8\
\x42\x9b\x83\x34\x1d\xab\xbc\x44\xf2\xec\xf4\x89\xfe\xf1\x00\x66\
\x1b\x6c\x96\xa7\xa1\xdd\xa8\x81\x1a\x47\x86\xca\x3f\x5a\x6e\xd9\
\xeb\xad\x90\x5b\xb6\x56\xe5\xdf\x9d\xf1\x26\xc6\x9e\xc3\x17\xda\
\xe3\x48\x53\xd2\x47\x00\x4d\xec\xf4\x7d\xfc\x3f\x0b\x2b\x3f\xf3\
\x57\xf9\xa7\x24\x43\xe5\x1f\x2d\xb7\xec\xf5\x56\xc8\x2d\x5b\xab\
\xf2\xef\xce\x78\xdd\x03\xc6\xaa\xfc\x9b\x9b\x55\x5e\x22\x79\x74\
\xda\x24\xdf\xbe\xe0\xdc\x6f\xb0\x71\x9e\x86\xb6\xca\x3f\x9c\xa1\
\xf2\x8f\x96\x1b\x77\x46\x82\xfb\xf7\x4a\xc1\xd8\xe3\x13\x0b\xed\
\x8f\x48\x53\xd3\x13\x80\x26\x74\xfa\xde\xbe\x63\xc1\x79\x50\xe5\
\x9f\x9e\x0c\x95\x7f\xb4\xdc\xb2\xd7\x5b\x21\xb7\x6c\xad\xca\xbf\
\x3b\xe3\x25\x0b\x18\xa3\xf2\x17\x28\x7f\x8f\x48\x13\x98\x36\xc9\
\x3f\x87\x73\xb7\xc1\xc0\x3c\x0d\x6d\x95\x7f\x38\x43\xe5\x1f\x2d\
\x37\xee\x8c\x04\xf7\xef\x45\x2f\xb2\xfb\x88\x17\xed\xcf\x88\x00\
\x2d\x49\xbf\x00\x89\xcf\xb4\xbd\x7d\x57\x9c\x5f\x1a\x6c\x90\xa7\
\xa1\xad\xf2\x0f\x67\xa8\xfc\xa3\xe5\xc6\x9d\x91\xe0\xfe\x3d\xdf\
\x12\x30\x66\x68\x87\xcd\x47\x64\x15\xab\xbc\x44\xf2\x60\xda\x44\
\xdf\xcd\xe1\xae\x00\xd6\xcf\xd3\xd0\x56\xf9\x87\x33\x54\xfe\xd1\
\x72\xe3\xce\x48\x70\xff\xfe\x65\x5d\x8c\x1e\xf6\x92\xfd\x1d\x91\
\x12\xfa\x19\x80\x26\x30\x6d\x92\xef\x09\xdc\xa3\xf2\x4f\x4f\x86\
\xca\x3f\x5a\x6e\xd9\xeb\xad\x90\x5b\xb6\x56\xe5\xdf\x9d\xf1\x0f\
\xba\x18\xa5\xf2\x97\xb5\xd1\x01\x20\xe7\xa6\x4e\xf2\xbd\x71\x6e\
\x35\xe8\x9f\xa7\xa1\xad\xf2\x0f\x67\xa8\xfc\xa3\xe5\xc6\x9d\x91\
\xe0\xfe\xcd\xf3\x80\x5d\x87\xbf\x64\xff\x40\x64\x2d\x74\x00\xc8\
\xb1\xa9\x13\x7c\xa2\x39\x37\x1b\xf4\xcb\xd3\xd0\x56\xf9\x87\x33\
\x54\xfe\xd1\x72\xe3\xce\x48\x70\xff\x9e\xe9\x2a\x30\x7a\xc4\x02\
\x5b\x88\x48\x0f\x74\x00\xc8\xa9\xa9\x13\x7d\xb2\x19\x37\x1b\xf4\
\xcd\xd3\xd0\x56\xf9\x87\x33\x54\xfe\xd1\x72\xe3\xce\x48\x70\xff\
\xfe\xb7\xab\xc8\x6e\x3b\xbc\x60\x1d\x88\xf4\x42\x7f\x0a\x20\x87\
\xa6\x4d\xf4\x2f\x00\x3f\x31\x68\xc9\xd3\xd0\x56\xf9\x87\x33\x54\
\xfe\xd1\x72\xe3\xce\x48\x70\xff\x9e\xea\x63\x8c\xdd\xf6\x45\x7b\
\x15\x91\x0a\xf4\x04\x20\x67\xa6\x4e\xf4\x2f\x01\x3f\x55\xf9\xa7\
\x27\x43\xe5\x1f\x2d\xb7\xec\xf5\x56\xc8\x2d\x5b\xab\xf2\xef\xce\
\x78\xa2\x25\x60\x8f\x6d\x17\xaa\xfc\x25\x1a\xab\xbc\x44\xb2\x62\
\xfa\x24\x3f\xc6\x9d\x1f\x1a\x04\x79\x1a\xda\x2a\xff\x70\x86\xca\
\x3f\x5a\x6e\xdc\x19\x09\xee\xdf\xa3\x03\x96\xb2\xf7\x47\x5f\xb3\
\xb7\x10\x89\x48\x4f\x00\x72\x62\xda\x24\x3f\xde\x9d\xcb\x55\xfe\
\xe9\xc9\x50\xf9\x47\xcb\x2d\x7b\xbd\x15\x72\xcb\xd6\xaa\xfc\xbb\
\x33\x1e\xe9\xbb\x9c\xbd\x54\xfe\x52\x2d\x1d\x00\x72\x60\xda\x44\
\x9f\x8a\xf3\x03\x03\xcb\xd3\xd0\x56\xf9\x87\x33\x54\xfe\xd1\x72\
\xe3\xce\x48\x6a\xff\xcc\x99\xdb\xb2\x82\xbd\x3f\xfe\x6f\x7b\x1b\
\x91\x2a\xe9\x00\x90\x71\xd3\x27\xfa\x0c\xe0\x3b\x79\x1b\xda\x2a\
\xff\x70\x86\xca\x3f\x5a\x6e\xdc\x19\x89\xed\x9f\x71\xcf\x06\x7d\
\x19\x3f\xf4\x15\x7b\x07\x91\x75\xa0\x03\x40\x86\x4d\x9f\xe4\xed\
\x0e\xe7\xe6\x6d\x68\xab\xfc\xc3\x19\x2a\xff\x68\xb9\x71\x67\x24\
\xb5\x7f\x06\xbf\x1c\xd0\x9f\xfd\xb6\xfc\xa7\x2d\x45\x64\x1d\xe9\
\x00\x90\x51\xd3\x26\xf9\x59\xee\x7c\x2b\x6f\x43\x5b\xe5\x1f\xce\
\x50\xf9\x47\xcb\x8d\x3b\x23\xc1\xfd\x9b\xb5\xfc\x03\xec\xf7\xd1\
\xf9\xb6\x0c\x91\x1a\x58\xe5\x25\x92\x2e\x6e\xd3\x27\x72\xa1\xc3\
\x29\x79\x1b\xda\x2a\xff\x70\x86\xca\x3f\x5a\x6e\xdc\x19\x09\xee\
\xdf\xcf\x5f\xeb\xe0\xd0\x51\x58\x27\x22\x35\xd2\x01\x20\x53\xdc\
\xa6\x4d\xe4\x12\x60\x4a\xde\x86\xb6\xca\x3f\x9c\xa1\xf2\x8f\x96\
\x1b\x77\x46\x82\xfb\x77\xe3\x6b\x1d\x1c\xa1\xf2\x97\x7a\xd1\xdf\
\x04\x98\x19\x6e\x53\x27\xf2\x3d\xe0\x84\xbc\x0d\x6d\x95\x7f\x38\
\x43\xe5\x1f\x2d\x37\xee\x8c\x04\xf7\xef\xaa\x61\x1d\x1c\x67\x58\
\x11\x91\x3a\xb1\xca\x4b\x24\x69\x6d\x6d\x5e\xd8\x62\x29\x3f\x02\
\x8e\xcc\xdb\xd0\x56\xf9\x87\x33\x54\xfe\xd1\x72\xe3\xce\x48\x6a\
\xff\xcc\xb9\x62\xbb\x45\x9c\xa0\xf2\x97\x7a\xd3\x0f\x01\xa6\x5c\
\x5b\x9b\x17\x36\x5f\xca\xb5\xa8\xfc\x7b\xcd\x4d\xdb\xd0\x2e\x5d\
\xa3\xf2\x8f\x96\x5b\xb6\x56\xe5\xdf\x5d\xfe\x17\x6e\xb7\x88\xe3\
\x55\xfe\xd2\x08\xfa\x08\x20\xc5\x8e\x39\xc6\x5b\x37\x5c\xc4\xcf\
\x80\x03\xf2\x36\xb4\x55\xfe\xe1\x0c\x95\x7f\xb4\xdc\xb8\x33\x92\
\xda\x3f\x87\xf3\x87\x2f\xb2\x19\x88\x34\x88\x55\x5e\x22\x49\x68\
\x6f\xf3\x3e\x8b\x97\xf2\x73\x60\xdf\xbc\x0d\x6d\x95\x7f\x38\x43\
\xe5\x1f\x2d\x37\xee\x8c\x04\xcb\xff\xbc\x11\x1d\x76\x06\x22\x0d\
\x54\x48\xfa\x05\x48\xd8\x94\xf1\xde\xd7\xbb\x98\x85\xb1\x4f\xde\
\x86\xb6\xca\x3f\x9c\xa1\xf2\x8f\x96\x1b\x77\x46\x82\xe5\xff\xad\
\x11\x1d\xf6\x0d\x44\x1a\x4c\x07\x80\x94\x69\x9f\xe8\x03\x3c\xe0\
\x0e\x8c\xbd\xf2\x36\xb4\x55\xfe\xe1\x0c\x95\x7f\xb4\xdc\xb8\x33\
\x12\xdb\x3f\xe3\xbf\x46\x74\xd8\xd9\x88\xc4\xc0\x2a\x2f\x91\xb8\
\x4c\x1d\xeb\xeb\x59\x5f\xee\x00\x46\xe7\x6d\x68\xab\xfc\xc3\x19\
\x2a\xff\x68\xb9\x71\x67\x24\xb4\x7f\x8e\x73\xda\xf0\x45\x76\x31\
\x22\x31\xd1\x13\x80\x94\x68\x6f\xf3\xf5\x57\xc0\x5d\xc0\xa8\xbc\
\x0d\x6d\x95\x7f\x38\x43\xe5\x1f\x2d\x37\xee\x8c\xa4\xca\xdf\xe0\
\xa4\xe1\x8b\xec\x52\x44\x62\x64\x95\x97\x48\xa3\x9d\xb2\xaf\x0f\
\x6a\xed\xe2\x1e\x60\xe7\xbc\x0d\x6d\x95\x7f\x38\x43\xe5\x1f\x2d\
\x37\xee\x8c\x84\xf6\xaf\xe8\xf0\x95\x11\x1d\x76\x0d\x22\x31\xd3\
\x13\x80\x84\x9d\xb1\xb7\x0f\x36\xb8\x0f\xf8\x74\xde\x86\xb6\xca\
\x3f\x9c\xa1\xf2\x8f\x96\x1b\x77\x46\x42\xfb\xd7\x85\xf1\xa5\x11\
\x1d\x76\x1d\x22\x09\xd0\xdf\x03\x90\xa0\xaf\x8d\xf7\xf7\x75\x06\
\x3c\x08\x0c\xcb\xdb\xd0\x56\xf9\x87\x33\x54\xfe\xd1\x72\xe3\xce\
\x48\xaa\xfc\xdd\x39\x72\x44\x87\xfd\x14\x91\x84\x58\xe5\x25\xd2\
\x08\x53\xf7\xf3\xf7\x5b\x27\x73\x80\xff\xcc\xdb\xd0\x56\xf9\x87\
\x33\x54\xfe\xd1\x72\xe3\xce\x48\x68\xff\x96\xbb\xf3\x85\x11\x8b\
\xec\x16\x44\x12\xa4\x27\x00\x09\x98\x32\xde\x07\x06\x5d\xdc\xed\
\x2a\xff\x5e\x73\x53\x36\xb4\xcb\xd6\xa8\xfc\xa3\xe5\x96\xad\x55\
\xf9\x83\xb3\xdc\xe0\xa0\xe1\x8b\xec\x36\x44\x12\xa6\x9f\x01\x88\
\xd9\xa9\x6d\xde\xbf\x6f\x91\xbb\x1d\x3e\x93\xb7\xa1\xad\xf2\x0f\
\x67\xa8\xfc\xa3\xe5\xc6\x9d\x91\xd0\xfe\x2d\x03\xda\x86\x77\xd8\
\x1d\x88\xa4\x80\xfe\x63\x40\x31\x3a\xe6\x18\x6f\x6d\x59\xca\x2f\
\x1c\x3e\x9f\xb7\xa1\xad\xf2\x0f\x67\xa8\xfc\xa3\xe5\xc6\x9d\x91\
\xd0\xfe\x2d\x31\x98\x30\xbc\xc3\xee\x44\x24\x25\xf4\x11\x40\x8c\
\x36\xec\xe0\x72\xf4\x37\xfc\xf5\x9a\x9b\xb2\xa1\x5d\xb6\x46\xe5\
\x1f\x2d\xb7\x6c\xad\xca\x1f\x9c\xb7\xcd\x99\x30\x6c\x91\x3d\x82\
\x48\x8a\x58\xe5\x25\x52\x0f\xd3\x27\xf8\x21\x6e\xfc\x34\x6f\x43\
\x5b\xe5\x1f\xce\x50\xf9\x47\xcb\x8d\x3b\x23\xa1\xfd\x7b\xd3\x8c\
\xf1\xc3\x16\xda\x63\x88\xa4\x8c\x0e\x00\x31\x98\xba\xb7\x7f\xc2\
\x02\x7e\x6b\x30\x20\x4f\x43\x5b\xe5\x1f\xce\x50\xf9\x47\xcb\x8d\
\x3b\x23\xa1\xfd\x7b\x83\x80\x3d\x87\x2f\xb0\xdf\x22\x92\x42\xfa\
\x19\x80\x06\x6b\x6f\xf3\xf5\x2d\x60\xa6\xca\x3f\x3d\x19\x2a\xff\
\x68\xb9\x65\xaf\xb7\x42\x6e\xd9\x5a\x95\x3f\x38\xaf\x17\x8b\x8c\
\x55\xf9\x4b\x9a\xe9\x67\x00\x1a\x6c\xc9\x32\x2e\x34\xd8\x36\x4f\
\x43\x5b\xe5\x1f\xce\x50\xf9\x47\xcb\x8d\x3b\x23\xa1\xfd\x7b\xd9\
\x02\x76\xdf\xbe\xc3\xfe\x84\x48\x8a\x59\xe5\x25\xb2\xae\xa6\x4f\
\xf0\x4f\x61\x3c\x86\xaf\x7c\xd2\x92\x87\xa1\xad\xf2\x0f\x67\xa8\
\xfc\xa3\xe5\xc6\x9d\x91\xd0\xfe\xbd\x44\x17\xbb\x0f\x7f\xc9\xfe\
\x0f\x91\x94\xd3\x47\x00\x0d\xd2\x3e\xd2\x5b\x08\xb8\x42\xe5\x9f\
\x8e\x0c\x95\x7f\xb4\xdc\xb2\xd7\x5b\x21\xb7\x6c\xad\xca\x1f\x73\
\x16\x75\x15\x19\xad\xf2\x97\xac\xd0\x01\xa0\x41\x96\x0c\xe4\x64\
\x8a\x8c\x80\x7c\x0c\x6d\x95\x7f\x38\x43\xe5\x1f\x2d\x37\xee\x8c\
\x84\xf6\xef\x79\x2b\xb0\xeb\x0e\x2f\xda\x5f\x10\xc9\x08\xab\xbc\
\x44\xaa\xf5\xb5\xf1\xfe\xbe\xae\x02\x7f\x07\xd6\xcf\xc3\xd0\x56\
\xf9\x87\x33\x54\xfe\xd1\x72\xe3\xce\x48\x68\xff\xfe\xd6\xe5\x8c\
\xd9\x61\x91\xfd\x0b\x91\x0c\xd1\x13\x80\x06\xe8\x2a\x70\x2a\x2a\
\xff\xc4\x33\x54\xfe\xd1\x72\xcb\x5e\x6f\x85\xdc\xb2\xb5\x2a\x7f\
\x70\x9e\xc3\x18\xa9\xf2\x97\x2c\xb2\xca\x4b\xa4\x1a\x33\x76\xf7\
\x0d\xbd\x1f\xff\x34\x18\xd4\x7d\x2d\xab\x43\x5b\xe5\x1f\xce\x50\
\xf9\x47\xcb\x8d\x3b\x23\xa1\xfd\x7b\xb6\xab\xc0\x98\x1d\x5e\xb0\
\x0e\x44\x32\x48\x4f\x00\xea\xac\xd8\x9f\x93\x55\xfe\xc9\x66\xa8\
\xfc\xa3\xe5\x96\xbd\xde\x0a\xb9\x65\x6b\x55\xfe\xe0\x3c\xb3\xa2\
\x95\xd1\x2a\x7f\xc9\x32\xab\xbc\x44\xa2\x9a\x3a\xd6\xd7\x2b\xf4\
\xe1\x5f\xc0\x46\x90\xdd\xa1\xad\xf2\x0f\x67\xa8\xfc\xa3\xe5\xc6\
\x9d\x91\xd0\xfe\xfd\xa1\x8f\xb1\xc7\xb6\x0b\xed\x55\x44\x32\x4c\
\x4f\x00\xea\x28\x68\xe5\x40\x54\xfe\x69\x1d\xda\x65\x6b\x54\xfe\
\xd1\x72\xcb\xd6\xaa\xfc\xc1\x79\x52\xe5\x2f\x79\xa1\xbf\x09\xb0\
\x8e\xcc\x38\x0c\xb2\x3b\xb4\x55\xfe\xe1\x0c\x95\x7f\xb4\xdc\xb8\
\x33\x92\xd8\x3f\x77\x7e\xb3\x74\x29\xe3\x87\xbf\x66\x6f\x21\x92\
\x03\x56\x79\x89\x44\xf1\xff\x26\xf8\x07\x3b\xe1\x5f\xe6\x14\x20\
\x7b\x43\x5b\xe5\x1f\xce\x50\xf9\x47\xcb\x8d\x3b\x23\xa1\xfd\x7b\
\xb4\xef\x72\xf6\xfa\xf8\xbf\xed\x6d\x44\x72\x42\x1f\x01\xd4\xc9\
\x0a\x38\x5c\xe5\x1f\x7f\x86\xca\x3f\x5a\x6e\xd9\xeb\xad\x90\x5b\
\xb6\x56\xe5\x0f\xf0\x70\xcb\x0a\xc6\xab\xfc\x25\x6f\x74\x00\xa8\
\x93\xc0\x39\x08\xb2\x37\xb4\x55\xfe\xe1\x0c\x95\x7f\xb4\xdc\xb8\
\x33\x12\xda\xbf\x7b\x17\x1b\xe3\x87\xbe\x62\xef\x20\x92\x33\x56\
\x79\x89\x54\x32\x75\xac\xbf\xbf\xa5\x95\x17\xad\x64\x3f\xb3\x30\
\xb4\x55\xfe\xe1\x0c\x95\x7f\xb4\xdc\xb8\x33\x12\xd9\xbf\x22\x77\
\x0f\xec\xcb\x01\x5b\xfe\xd3\x96\x22\x92\x43\x7a\x02\x50\x07\x2d\
\x7d\x18\xa5\xf2\x8f\x2f\x43\xe5\x1f\x2d\xb7\xec\xf5\x56\xc8\x2d\
\x5b\xab\xf2\x07\xe7\xae\x01\xeb\xb1\xbf\xca\x5f\xf2\x4c\x07\x80\
\x3a\x30\x67\x54\xc9\xd7\xab\xaf\x77\x7f\x91\xb2\xa1\xad\xf2\x0f\
\x67\xa8\xfc\xa3\xe5\xc6\x9d\x91\xc4\xfe\x99\x33\x73\xc5\x07\xd8\
\xff\xa3\xf3\x6d\x19\x22\x39\xa6\x3f\x06\x58\x07\x0e\xa3\x57\x0d\
\x8e\xf7\xa4\x75\x68\xab\xfc\xc3\x19\x2a\xff\x68\xb9\x71\x67\x24\
\xb4\x7f\x37\xbd\xda\xc1\x61\xa3\x3a\xac\x13\x91\x9c\xb3\xca\x4b\
\xa4\x37\xed\xe3\x7c\xc8\xb2\x16\x5e\xcd\xc2\xd0\x56\xf9\x87\x33\
\x54\xfe\xd1\x72\xe3\xce\x48\x62\xff\xcc\xb9\x66\xbb\x0e\xbe\x62\
\x58\x11\x91\x26\xa0\x8f\x00\x6a\xb4\xac\x95\x6d\xb2\x30\xb4\x55\
\xfe\xe1\x0c\x95\x7f\xb4\xdc\xb8\x33\x12\xda\xbf\xab\x54\xfe\xd2\
\x6c\x74\x00\xa8\x91\x15\xd9\xe6\xbd\xaf\xbb\xbf\x48\xd9\xd0\x56\
\xf9\x87\x33\x54\xfe\xd1\x72\xe3\xce\x48\x64\xff\x8a\x5c\x3e\xac\
\x83\x63\x55\xfe\xd2\x6c\x74\x00\xa8\x91\xb1\xf2\x00\x90\xd6\xa1\
\xad\xf2\x0f\x67\xa8\xfc\xa3\xe5\xc6\x9d\x91\xd0\xfe\x5d\x30\x7c\
\x91\x1d\x6f\x65\x77\x11\x69\x0e\x3a\x00\xd4\xc8\x9d\x6d\xd2\x3a\
\xb4\x55\xfe\xe1\x0c\x95\x7f\xb4\xdc\xd2\xfb\x59\x4c\x19\x6b\x5e\
\xeb\x29\xa3\x5e\xfb\xe7\xce\x79\xc3\x3b\x6c\x1a\x22\x4d\x4a\x07\
\x80\x1a\x99\xf1\x41\x20\x95\x43\xbb\xb7\xdc\xd2\xfb\xa9\xfc\x23\
\xae\xcd\xf3\x3e\xd4\xe1\x7b\x8b\x23\xa3\x8e\xe5\xff\xad\x11\x1d\
\x76\x06\x22\x4d\x4c\x7f\x0c\xb0\x76\x1b\x64\x79\x68\xab\xfc\x23\
\xae\xcd\xf3\x3e\xf4\x92\xd1\x5b\x6e\x3d\x32\x12\x29\x7f\xf8\xe6\
\x88\x0e\x3b\x0b\x91\x26\xa7\x03\x40\x8d\xdc\xd9\xa0\xfb\x31\x4a\
\x1a\x86\xb6\xca\x3f\x9c\xa1\xf2\x8f\x96\x1b\x77\x46\x02\xfb\xe7\
\x06\xa7\x0f\x5f\x68\x17\x21\x22\x3a\x00\xd4\x2a\x80\xf5\x21\xdf\
\x03\x35\x8e\x0c\x95\x7f\xb4\xdc\xb2\xd7\x5b\x21\xb7\x6c\xad\xca\
\xdf\x71\x4e\x19\xd6\x61\x97\x22\x22\x80\x0e\x00\xf5\xb0\x7e\x9e\
\x07\x6a\x1c\x19\x2a\xff\x68\xb9\x65\xaf\xb7\x42\x6e\xd9\x5a\x95\
\xbf\x9b\x33\x65\x58\x87\x7d\x1f\x11\x79\x8f\x0e\x00\x35\x71\xb3\
\xee\x59\x93\xc3\x81\x1a\x47\x86\xca\x3f\x5a\x6e\xd9\xeb\xad\x90\
\x5b\xb6\x56\xe5\xdf\x65\xf0\xe5\x61\x1d\x76\x1d\x22\x52\x46\x7f\
\x0a\xa0\x26\xe6\xc0\xe2\x3c\x0e\xd4\x38\x32\x54\xfe\xd1\x72\xcb\
\x5e\x6f\x85\xdc\xb2\xb5\x2a\xff\x2e\xe0\xe8\x61\x0b\x55\xfe\x22\
\x6b\xa3\x03\x40\xad\x9c\xb7\xf3\x36\x50\xe3\xc8\x50\xf9\x47\xcb\
\x2d\x7b\xbd\x15\x72\xcb\xd6\xaa\xfc\xbb\xac\xc8\x11\xc3\x17\xda\
\x4f\x10\x91\xb5\xd2\x47\x00\x35\x32\x78\xbb\xe4\xeb\xcc\x0f\xd4\
\x38\x32\x54\xfe\xd1\x72\xcb\x5e\x6f\x85\xdc\xb2\xb5\x0d\xfa\xde\
\xe2\xc8\xa8\xd3\xfe\x2d\xf7\x22\x07\x0f\x5f\x64\xb7\x22\x22\x3d\
\xd2\x01\xa0\x76\xef\x40\x7a\x87\xb6\xca\x3f\xe2\xda\x3c\xef\x43\
\x73\x95\xff\x32\x9c\xc9\x23\x16\xd9\x1d\x88\x48\xaf\x74\x00\xa8\
\x91\x43\x47\xb0\xea\x0b\x48\xd7\xd0\x56\xf9\x47\x5c\x9b\xe7\x7d\
\x68\xae\xf2\x5f\xe2\xce\x7e\x23\x3a\xec\x7e\x44\xa4\x22\x1d\x00\
\x6a\x14\xc0\x73\x69\x1c\xda\x2a\xff\x88\x6b\xf3\xbc\x0f\xbd\x64\
\xf4\x96\x5b\x8f\x8c\x24\xca\x1f\x98\x34\xa2\xc3\x66\x23\x22\x91\
\xe8\x87\x00\x6b\x64\xce\x3c\x50\xf9\xf7\x96\xa1\xf2\x8f\x96\x5b\
\xf6\x7a\x2b\xe4\x96\xad\xad\xb2\xfc\xb3\xfa\x5e\xed\x25\x77\xb1\
\xc3\x84\xe1\x0b\x55\xfe\x22\xd5\xd0\x13\x80\x1a\x75\xc1\xbc\xc2\
\xaa\xaf\xb3\x36\x50\xe3\xc8\x50\xf9\x47\xcb\x2d\x7b\xbd\x15\x72\
\xcb\xd6\xaa\xfc\xdf\x34\x18\x3f\x7c\xa1\x3d\x86\x88\x54\x45\x07\
\x80\x1a\x15\x9c\x79\x58\xf6\x06\x6a\x1c\x19\x2a\xff\x68\xb9\x65\
\xaf\xb7\x42\x6e\xd9\x5a\x95\xff\x6b\x41\x91\x71\xdb\x2d\xb2\x27\
\x10\x91\xaa\xe9\x23\x80\x1a\xb5\xdf\x6f\x2f\x1b\xfc\x33\x4b\x03\
\x35\x8e\x0c\x95\x7f\xb4\xdc\xb2\xd7\x5b\x21\xb7\x6c\x6d\x95\xdf\
\x5b\x0e\xcb\xff\x75\x95\xbf\x48\x6d\x74\x00\xa8\x87\x22\x73\x20\
\x1b\x03\x35\x8e\x0c\x95\x7f\xb4\xdc\xb2\xd7\x5b\x21\xb7\x6c\x6d\
\x83\xbe\xb7\x38\x32\xea\xb4\x7f\x2f\x9b\xb1\x9b\xca\x5f\xa4\x36\
\x3a\x00\xd4\x43\xc0\x9c\x2c\x0c\xd4\x38\x32\x54\xfe\xd1\x72\xcb\
\x5e\x6f\x85\xdc\xb2\xb5\xcd\x5e\xfe\xce\x8b\xde\xc5\xe8\x61\x0b\
\xec\x4f\x88\x48\x4d\xf4\x33\x00\x75\xe0\x45\x66\xdb\xaa\x29\x95\
\xd6\x81\x1a\x47\x86\xca\x3f\x5a\x6e\xd9\xeb\xad\x90\x5b\xb6\xb6\
\xd9\xcb\x1f\x5e\x68\x09\x18\x3d\xb4\xc3\xe6\x23\x22\x35\xd3\x13\
\x80\x3a\x68\x7f\xc0\x3a\x80\x67\xd3\x3a\x50\xe3\xc8\x50\xf9\x47\
\xcb\x2d\x7b\xbd\x15\x72\xcb\xd6\x56\xf1\xbd\xd1\xc3\xb5\x8c\xef\
\xdf\x3f\xe9\x64\xb7\xa1\x0b\x54\xfe\x22\xf5\xa2\x03\x40\xbd\x38\
\x33\xbb\xbf\x4c\xd3\x40\x8d\x23\x43\xe5\x1f\x2d\xb7\xec\xf5\x56\
\xc8\x2d\x5b\x5b\x65\xf9\xa7\xe9\xe9\x42\x1d\xcb\x7f\xf4\xf0\x97\
\xec\x1f\x88\x48\xdd\xe8\x00\x50\x27\xc5\x80\xeb\x01\x4f\xd3\x40\
\x8d\x23\x43\xe5\x1f\x2d\xb7\xec\xf5\x56\xc8\x2d\x5b\xab\xf2\x9f\
\xe7\xc6\x2e\x2a\x7f\x91\xfa\xd3\x01\xa0\x4e\xda\xef\xb3\xf9\x06\
\x8f\x41\x3a\x06\x6a\x1c\x19\x2a\xff\x68\xb9\x65\xaf\xb7\x42\x6e\
\xd9\xda\x2a\xbf\xb7\x1c\x96\xff\xb3\x5d\x01\xa3\x47\x2c\xb0\x85\
\x88\x48\xdd\xe9\x00\x50\x5f\xd7\xa7\x61\xa0\xc6\x91\xa1\xf2\x8f\
\x96\x5b\xf6\x7a\x2b\xe4\x96\xad\x6d\xd0\xf7\x16\x47\x46\x3d\xf6\
\x0f\xf8\x63\x57\x17\x9f\xdf\xe1\x05\xeb\x40\x44\x1a\x42\x07\x80\
\x3a\xea\x5c\xc1\x4d\xc0\xdb\xa0\xf2\x57\xf9\xaf\xf1\x7a\x2b\xe4\
\x96\xad\x6d\xf2\xf2\x37\xe3\xc9\x56\x63\xf4\x0e\x2f\xda\x2b\x88\
\x48\xc3\xe8\x00\x50\x47\xed\x73\xed\x0d\xe0\x07\x2a\xff\x68\xb9\
\x65\x6b\x55\xfe\x91\x72\xd7\xbc\x5f\x6f\xb9\xf5\xc8\x48\xa2\xfc\
\x5b\x60\xec\xd0\x05\xf6\x1a\x22\xd2\x50\x3a\x00\xd4\x59\x9f\x80\
\x0b\x81\x25\x2a\xff\xde\x73\xcb\xd6\xaa\xfc\x23\xe5\xc6\x9d\x91\
\xc0\xfe\xfd\xfa\xdd\x25\x8c\x56\xf9\x8b\xc4\x43\x07\x80\x3a\x9b\
\x76\xbf\xbd\x8c\xf3\x23\x95\x7f\xb4\x0c\x95\x7f\xb4\xdc\xb8\x33\
\x12\xf8\x9d\xff\xaf\xfa\x2e\x63\xfc\xce\xaf\xd9\x5b\x88\x48\x2c\
\x74\x00\x68\x80\x42\x17\xdf\x01\x96\x82\xca\xbf\xb7\x0c\x95\x7f\
\xb4\xdc\xd2\xfb\x59\x4c\x19\x6b\x5e\xeb\x29\xa3\x1e\xfb\x07\x3c\
\xb0\xa2\xc8\x9e\x1f\xff\xb7\xbd\x8d\x88\xc4\x46\x07\x80\x06\x98\
\x31\xd7\x16\x38\x9c\xaf\xf2\xef\x39\x43\xe5\x1f\x2d\xb7\xf4\x7e\
\xd5\x7c\x6f\x71\x64\xd4\x65\xff\x9c\x7b\x97\x18\xfb\xec\xd4\x61\
\x4b\x10\x91\x58\xe9\x00\xd0\x20\xeb\xf7\xe1\xbf\x71\xe6\xa9\xfc\
\xc3\x19\x2a\xff\x68\xb9\xa5\xf7\xcb\x63\xf9\x07\xf0\xcb\x81\x7d\
\xd8\xef\xb3\x0b\xec\x5d\x44\x24\x76\x3a\x00\x34\xc8\x49\xf7\xd8\
\xb2\x00\x4e\xea\xfe\xb5\xca\xbf\x97\xdc\x6a\xd6\xe6\x79\x1f\x9a\
\xa8\xfc\x0d\x7e\xb1\x7c\x53\xf6\xdb\xf2\x9f\xb6\x14\x11\x49\x84\
\x55\x5e\x22\xb5\x38\x6f\xb4\xcf\x34\x68\x53\xf9\xab\xfc\xd7\xe5\
\x7b\x8b\x23\x23\x81\xfd\xfb\xf9\x6b\x0b\x39\x74\x14\xd6\x89\x88\
\x24\x46\x4f\x00\x1a\xac\xb5\x95\xe3\x70\xfe\x05\x2a\xff\x50\x6e\
\x35\x6b\xf3\xbc\x0f\xcd\x54\xfe\xce\x8d\x2a\x7f\x91\x74\xd0\x13\
\x80\x18\x9c\x37\xd2\x77\x0e\x8c\x87\x81\x3e\xa0\xf2\xaf\x7a\x6d\
\x9e\xf7\xa1\x99\x1e\xfb\x3b\x3f\x1a\xd6\xc1\xb1\x86\x15\x11\x91\
\xc4\xe9\x09\x40\x0c\x66\xcc\xb5\xc7\xcd\xf9\x3a\xa8\xfc\xab\x5e\
\x9b\xe7\x7d\x68\xa2\xf2\x0f\xe0\x0a\x95\xbf\x48\xba\xe8\x09\x40\
\x4c\x1c\xb7\xef\x8e\xe4\x16\x60\x5f\x95\x7f\xc4\xb5\x79\xde\x87\
\x26\x2a\x7f\x83\x8b\x87\x2d\xe4\x34\x2b\xbb\x83\x88\x24\x4d\x4f\
\x00\x62\x62\x98\xbf\xb3\x01\x87\x18\x3c\xfa\xde\xb5\x74\x0f\x6d\
\x95\x7f\x0f\x19\x8d\x2a\x66\x7a\xb8\x96\xe9\xfd\x33\xbe\x33\x7c\
\xa1\x9d\xaa\xf2\x17\x49\x1f\x3d\x01\x88\xd9\xb9\xbb\xfb\x86\xad\
\x9d\xcc\x31\x67\xfb\xee\x6b\xa9\x1b\xda\x6b\xc9\x50\xf9\x47\xcb\
\x2d\x5b\xdb\xe4\xbf\xf3\xc7\x39\x6f\x44\x87\x9d\x81\x88\xa4\x92\
\x0e\x00\x09\xf8\xce\x67\xfd\xfd\x85\x56\x1e\x01\xb6\x49\xdb\xd0\
\x56\xf9\xf7\x9c\x91\x86\x62\x8e\x23\xa3\x2e\xfb\xe7\xb4\x0f\xef\
\xb0\x6f\x23\x22\xa9\xa5\x03\x40\x42\xbe\xf3\x79\xdf\xb2\x65\xe5\
\x9f\x0c\xf8\x70\x6a\x86\xf6\x5a\x32\x54\xfe\xd1\x72\xcb\xd6\xaa\
\xfc\xa7\x0f\xef\xb0\xef\x20\x22\xa9\xa6\x9f\x01\x48\xc8\xb4\x47\
\xec\x1f\x5d\x05\x76\xc5\xf9\x7b\x2a\x86\xf6\x5a\x32\x54\xfe\xd1\
\x72\xcb\xd6\x36\x77\xf9\xbb\xc1\xa9\x2a\x7f\x91\x6c\xd0\x13\x80\
\x84\x5d\xb2\x8b\x7f\xc4\x03\x66\x03\x5b\xe7\xaa\xf4\xaa\x59\x9b\
\x8e\xf2\x52\xf9\x47\xcc\xe8\xa9\xfc\x31\x4e\x1e\xb1\xc0\x2e\x43\
\x44\x32\x41\x07\x80\x14\xf8\xfe\x48\xdf\xb4\xcb\x79\xd0\x8b\x0c\
\xcd\x45\xe9\x55\xb3\x36\x1d\xe5\xa5\xf2\x8f\x98\xd1\xe3\xef\xfc\
\x9d\xaf\x0e\xef\xb0\x1f\x20\x22\x99\xa1\x8f\x00\x52\xe0\xc4\xb9\
\xf6\x62\xb1\x85\x31\x06\x7f\xea\xbe\x96\xd9\xd2\xab\x66\x6d\x3a\
\xca\x4b\xe5\x1f\x31\xa3\x87\xdc\x2e\x83\xa3\x54\xfe\x22\xd9\xa3\
\x27\x00\x29\x72\xe9\xae\xfe\x3e\xe0\x01\x83\xe1\x99\x2c\xbd\x6a\
\xd6\xa6\xa3\xbc\x54\xfe\x11\x33\x7a\x2a\x7f\x8c\x23\x47\x2c\xb0\
\x9f\x22\x22\x99\xa3\x03\x40\xca\xfc\x60\x17\x1f\xdc\x05\xf7\x02\
\x9f\xca\x54\xe9\x55\xb3\x36\x1d\xe5\x15\x6b\xf9\xc7\x91\x11\xf3\
\xfe\xad\x30\xe3\x0b\xc3\x17\xd8\xcd\x88\x48\x26\xe9\x23\x80\x94\
\x39\xe1\x51\x7b\xbd\xb3\x85\x71\xc0\xe3\xdd\xd7\x52\x5f\x7a\xd5\
\xac\x4d\x47\x79\xc5\x5e\xcc\x39\x2b\xff\xe5\x81\x33\x59\xe5\x2f\
\x92\x6d\x7a\x02\x90\x52\xdf\x1f\xe9\xeb\x7b\x27\x77\x9a\x33\x12\
\x52\x5c\x7a\xd5\xac\x4d\x47\x79\xa5\xf6\x77\xe5\x71\x64\xd4\x61\
\xff\x96\x99\xd3\x36\xbc\xc3\xee\x44\x44\x32\x4d\x4f\x00\x52\xea\
\xc4\xb9\xf6\xce\xbb\x03\x98\xe0\xf0\x50\x6a\x4b\xaf\x9a\xb5\xe9\
\x28\x2f\x95\x7f\xc4\x8c\x1e\x72\x97\x14\x9c\x89\x2a\x7f\x91\x7c\
\xd0\x13\x80\x94\xbb\x62\x47\x1f\xd0\xd9\x8f\xdb\x0c\xf6\x48\x55\
\xe9\x55\xb3\x36\x1d\xe5\xa5\xf2\x8f\x98\xd1\x43\xee\x62\x83\x49\
\xc3\x17\xda\x43\x88\x48\x2e\xe8\x09\x40\xca\x1d\xfb\xa4\x2d\xe9\
\x1a\xc8\x44\x73\xee\xe8\xbe\x96\x78\xe9\x55\xb3\x36\x1d\xe5\xa5\
\xf2\x8f\x98\xd1\x43\xee\x9b\x05\x67\xac\xca\x5f\x24\x5f\xf4\x04\
\x20\x23\x66\x0e\xf5\x3e\xaf\x6d\xc8\xcf\x81\x7d\x01\x95\xff\x5a\
\x32\x54\xfe\xe1\x8c\x3a\xec\xdf\x1b\x06\xe3\x87\x2f\xb4\xc7\x11\
\x91\x5c\xd1\x13\x80\x8c\x98\xfc\x67\x5b\x6e\xcb\x98\x6c\x70\xb3\
\xca\x3f\x9c\xa1\xf2\x0f\x67\xd4\x61\xff\x5e\xf7\x80\xb1\x2a\x7f\
\x91\x7c\xd2\x01\x20\x43\x8e\x7d\xd2\x56\x0c\xfe\x20\x07\x19\x5c\
\x0f\x2a\x7f\x95\x7f\xcf\x19\x75\xd8\xbf\x97\x0b\xc6\xc8\xed\x5f\
\xb0\xdf\x23\x22\xb9\xa4\x03\x40\xc6\x4c\x9e\x65\x5d\x83\xc8\xd8\
\x72\x60\x00\x00\x07\x54\x49\x44\x41\x54\x3f\xc4\x51\x66\x5c\x07\
\xa8\xfc\x2b\xe4\x96\xbd\xde\x0a\xb9\x65\x6b\x9b\xbb\xfc\x5f\xb2\
\x80\x31\xdb\x2d\xb0\xa7\x11\x91\xdc\xb2\xca\x4b\x24\x8d\x1c\xb7\
\xab\x76\xe6\x7b\x06\x27\x74\x5f\x53\xf9\xf7\x9c\x91\x86\x62\x8e\
\x23\xa3\xe6\xfd\x73\x5e\x2c\x16\x19\xb3\xc3\x8b\xf6\x17\x44\x24\
\xd7\x74\x00\xc8\x30\xc7\xed\x47\x3b\x73\x09\x30\x45\xe5\xdf\x73\
\x46\x1a\x8a\x39\x8e\x8c\x5a\xf7\xcf\xe0\xf9\x16\x63\xcc\xd0\x05\
\x36\x1f\x11\xc9\x3d\x7d\x04\x90\x61\x86\xf9\x97\x1f\xe7\x64\x9c\
\x8b\x55\xfe\x2a\xff\xde\x72\x23\xec\xdf\xbf\xac\xc0\x28\x95\xbf\
\x48\xf3\xd0\x01\x20\xe3\x0c\xf3\xaf\xfc\xd6\x4e\x05\xce\x56\xf9\
\xaf\xf1\x7a\x2b\xe4\x96\xad\x6d\xee\xf2\xff\xab\xc1\x2e\xc3\x9e\
\xb7\xbf\x23\x22\x4d\x43\x07\x80\x9c\xf8\xf2\x6f\xed\x1b\x18\xdf\
\x56\xf9\x47\xcb\x2d\x5b\xdb\xdc\xe5\x3f\x0f\x63\xd4\xf0\x85\xb6\
\x00\x11\x69\x2a\x56\x79\x89\x64\xc9\xb5\x9f\xf2\x19\x0e\xe7\xaa\
\xfc\xa3\x65\x34\x73\xf9\x1b\x3c\xb3\xa2\x85\x31\x3b\xfd\xcb\x16\
\x21\x22\x4d\x47\x07\x80\x1c\xba\xf6\x53\x3e\x0d\x38\x1f\x54\xfe\
\xbd\x65\x34\x73\xf9\x03\xff\xdb\xe9\xec\xb1\x53\x87\xfd\x1b\x11\
\x69\x4a\x3a\x00\xe4\xd4\x35\x9f\xf4\xe3\x03\xf8\x3e\xab\xfe\xff\
\x58\xe5\xbf\xc6\xda\xe6\x2e\xff\xa7\xfa\xc2\xd8\x6d\x17\xda\xab\
\x88\x48\xd3\xd2\x01\x20\xc7\x7e\xbc\x93\x1f\xeb\xc6\x0f\x6c\xd5\
\xcf\x7a\xa8\xfc\xa3\xe5\x96\xde\x2f\x6f\xe5\x6f\xce\x13\x2d\x01\
\xe3\x86\x2e\xb0\xd7\x10\x91\xa6\xa6\x1f\x02\xcc\xb1\x23\x9e\xb0\
\x2b\xcc\x38\x16\x28\xaa\xfc\xa3\xe5\x96\xde\x2f\x6f\xe5\x0f\x3c\
\xfa\xee\x52\xc6\xa8\xfc\x45\x04\xf4\x04\xa0\x29\xfc\x64\x47\xff\
\x22\xc6\x8f\x81\x96\x0c\x97\x97\xca\x3f\x62\xc6\xda\xae\xb9\xf3\
\x48\x9f\x15\xec\x3d\xf4\x15\x7b\x07\x11\x11\xf4\x04\xa0\x29\x1c\
\xfe\xa4\xdd\xe8\xc6\xa1\x06\x9d\xdd\xd7\xb2\x54\x5e\x3d\x65\xa4\
\xa1\x98\xe3\xc8\xa8\x79\xff\x9c\xfb\xde\x0d\xd8\x53\xe5\x2f\x22\
\xa5\xf4\x04\xa0\x89\xfc\x74\x27\x3f\xd0\xe1\x46\x73\x5a\xbb\xaf\
\xa5\xbe\xbc\x7a\xc8\x48\x43\x31\xc7\x91\x51\xf3\xef\xfc\xe1\x9e\
\x41\xad\xec\xbf\xe5\x3f\x6d\x29\x22\x22\x25\xf4\x04\xa0\x89\x1c\
\xfa\x84\xfd\x02\x67\x3f\x60\x29\xa4\xbf\xbc\x7a\xca\x48\x43\x31\
\xc7\x91\x51\x87\xfd\xbb\x6b\xfd\xfe\xec\xa7\xf2\x17\x91\xb5\xd1\
\x01\xa0\xc9\x1c\xf6\xa4\xfd\xd2\x9d\xfd\xac\xfb\x10\x90\xde\xf2\
\x52\xf9\x47\xcc\xe8\xe1\xda\xac\xce\x4d\xd9\xff\xa3\xf3\x6d\x19\
\x22\x22\x6b\xa1\x8f\x00\x9a\xd4\xf5\x3b\xf9\xc8\x42\x91\x3b\x81\
\xf5\x21\x5d\xe5\xd5\x53\x46\x1a\x8a\x39\x8e\x8c\x3a\xec\xdf\x4d\
\xaf\x2f\xe4\xb0\x51\x58\x27\x22\x22\x3d\xd0\x13\x80\x26\x75\xd8\
\x13\x36\xd7\x60\x2f\xe0\xed\x94\x95\x97\xca\x3f\x62\xc6\x5a\xaf\
\x39\x37\x3e\xb7\x90\x43\x55\xfe\x22\x52\x89\x9e\x00\x34\xb9\x9f\
\xef\xe4\x9f\x2b\x16\xb9\x1b\x67\x60\xd2\xe5\xd5\x53\x46\x1a\x8a\
\x39\x8e\x8c\x3a\x94\xff\x55\xc3\x3a\x38\xce\xb0\x22\x22\x22\x15\
\xe8\x09\x40\x93\x3b\xe8\x09\xfb\x75\x11\x46\x1b\xbc\xf7\x97\xc3\
\xa8\xfc\xe3\xcf\xa8\xc3\xfe\x5d\x3e\xac\x83\x63\x55\xfe\x22\x12\
\x95\x0e\x00\xc2\x21\x4f\xd9\x93\x5e\x64\x77\x87\x57\x55\xfe\xf1\
\x67\xd4\x61\xff\xbe\x3b\x62\xa1\x1d\x6f\x65\xff\xb6\x88\x48\xef\
\xf4\x11\x80\xbc\x67\xe6\x08\x1f\xe1\x70\xbf\xc1\xfb\xba\xaf\xa9\
\xfc\x1b\x9b\x51\xf3\xfe\x19\xe7\x8f\x58\x60\x33\x10\x11\xa9\x92\
\x0e\x00\x52\xe6\x17\x3b\xfa\xc7\x8b\x5d\xcc\x06\x36\x53\xf9\x37\
\x36\xa3\xe6\xfd\x73\xce\x1b\xd1\x61\x67\x20\x22\xb2\x0e\xf4\x11\
\x80\x94\x39\xf0\x49\x7b\x96\x22\xa3\x0d\x16\xaa\xfc\x53\x5d\xfe\
\xdf\x52\xf9\x8b\x48\x2d\x74\x00\x90\x90\xc9\x4f\xdb\xbc\x4e\xd8\
\x05\xf8\x87\xca\xbf\xfe\x19\xb5\xee\x9f\xc1\xff\x1b\xd1\x61\x67\
\x22\x22\x52\x03\x7d\x04\x20\x3d\xba\x79\x7b\xdf\xdc\x9d\xd9\x38\
\x5b\xa9\xfc\xeb\x93\x51\xe3\xfe\xb9\x19\xa7\x0e\x5f\x60\x97\x20\
\x22\x52\x23\x1d\x00\xa4\x57\xb7\x7d\xc2\x3f\xdc\x55\xe0\x21\x9c\
\xad\x55\xfe\xb5\x65\xd4\x5a\xfe\x38\x27\x8d\xe8\xb0\xef\x21\x22\
\x52\x07\x3a\x00\x48\x45\x33\x87\xfa\xa6\x2d\x05\x1e\x04\x86\x82\
\xca\x3f\x81\xf2\xef\xc2\xf9\xca\x88\x0e\xbb\x16\x11\x91\x3a\xd1\
\x01\x40\x22\xb9\xfd\x13\xbe\x49\x57\xc0\x03\xe6\x6c\xd7\x7d\x4d\
\xe5\x1f\x2d\xa3\xd6\xf2\x37\x38\x7a\xf8\x42\xfb\x09\x22\x22\x75\
\xa4\x1f\x02\x94\x48\xf6\xf9\x3f\x7b\xa9\xb3\xc0\x18\xe0\x8f\xa0\
\xf2\x8f\x9a\x51\xf3\xef\xfc\x8d\x23\x55\xfe\x22\xd2\x08\x7a\x02\
\x20\x55\xb9\x6b\x3b\x1f\xdc\xe9\xdc\x8b\xf1\x29\x95\x7f\xef\x19\
\x35\x96\xff\x72\x8c\x2f\x8c\x58\x60\xb7\x20\x22\xd2\x00\x7a\x02\
\x20\x55\x99\xf0\x27\x7b\x7d\x79\x5f\xc6\xe2\x3c\xae\xf2\xef\x39\
\xa3\xd6\xf2\x77\x67\xb2\xca\x5f\x44\x1a\x49\x4f\x00\x64\x9d\xdc\
\x37\xcc\xd7\x5b\x56\xe4\x2e\x60\x24\xa0\xf2\xa7\x6e\xe5\xff\x2e\
\xce\xbe\x23\x3a\xec\x7e\x44\x44\x1a\x48\x4f\x00\x64\x9d\x8c\x7b\
\xda\x16\xf7\x0d\x98\xc0\xca\xbf\x27\x40\xe5\x5f\x9f\xf2\x5f\x52\
\x74\x26\xa9\xfc\x45\x24\x0e\x3a\x00\xc8\x3a\x1b\xf7\xb4\x2d\xb6\
\x7e\x4c\x0a\xe0\x81\xee\x6b\x2a\xff\x68\x19\x6b\xb9\xb6\x18\x98\
\xb0\x43\x87\x3d\x88\x88\x48\x0c\xf4\x11\x80\xd4\xec\xee\xad\xbd\
\x6f\x57\x5f\x66\x1a\x4c\x52\xf9\xaf\x53\xf9\xbf\x59\x84\xf1\x3b\
\x2c\xb4\xc7\x10\x11\x89\x89\x9e\x00\x48\xcd\xf6\x9a\x6f\xcb\xde\
\x85\x36\x73\x6e\x03\x95\x7f\x6f\x19\x6b\xb9\xf6\x86\x19\xe3\x54\
\xfe\x22\x12\x37\x3d\x01\x90\xba\x79\x62\x47\x6f\x7d\xe9\x5d\x7e\
\x06\x1c\x90\x86\x62\x8e\x23\xa3\xc6\xf2\x7f\xdd\x03\xc6\x6d\xff\
\x82\xfd\x1e\x11\x91\x98\xe9\x00\x20\x75\x35\x13\x2f\x6c\x30\x94\
\x6b\xbd\xc8\x61\xa0\xf2\xef\xa5\xfc\x5f\x0e\x8c\xdd\x87\x2d\xb0\
\x3f\x21\x22\x92\x00\x7d\x04\x20\x75\x35\x19\xeb\x7a\xfb\xcf\x1c\
\x85\x73\xad\xca\xbf\xc7\x6b\x2f\x74\x15\x19\xa9\xf2\x17\x91\x24\
\xe9\x09\x80\x34\xcc\xbd\xdb\xfa\xc9\x0e\x17\x99\xaf\x7e\x9f\x35\
\x7b\xf9\x3b\x3c\xdd\xe2\x4c\xd8\xae\xc3\x5e\x40\x44\x24\x41\x7a\
\x02\x20\x0d\xb3\xe7\x33\x76\x89\xc1\x91\xc0\x72\x50\xf9\x63\xdc\
\xbf\xec\x5d\x76\x55\xf9\x8b\x48\x1a\xe8\x00\x20\x0d\xb5\xe7\x33\
\xf6\x13\x73\xc6\x9b\xf3\x06\x34\x6f\xf9\x3b\xfc\xf0\xb9\x05\xec\
\xb5\xf3\x6b\xf6\x16\x22\x22\x29\xa0\x8f\x00\x24\x16\x0f\x0c\xf5\
\x8f\x78\x17\xd7\xe3\x7c\x1e\x9a\xa8\xfc\x8d\xb7\x70\xbe\x3a\x62\
\xa1\x5d\x8f\x88\x48\x8a\xe8\x09\x80\xc4\x62\x8f\x3f\xdb\xf3\xbf\
\x79\x96\x51\xc0\x29\xb6\xea\x23\x81\xdc\x97\x3f\x3c\x5e\x30\x76\
\x50\xf9\x8b\x48\x1a\xe9\x09\x80\xc4\xee\xbe\x8f\xfa\xa7\x03\xb8\
\xde\x8c\x8f\x76\x5f\xcb\x59\xf9\x2f\x37\x38\xeb\xb9\x85\xfc\xcf\
\x64\xac\x0b\x11\x91\x14\xd2\x01\x40\x12\xf1\xc4\x8e\xde\xfa\xc6\
\x3b\x9c\x80\xf3\x6d\x83\x0d\x73\x54\xfe\x0f\x7a\x17\x27\xef\xf0\
\xa2\xfd\x05\x11\x91\x14\xd3\x01\x40\x12\xf5\xe0\xc7\x7d\x23\xba\
\xf8\x66\x00\x27\x02\x05\xc8\x66\xf9\x1b\x3c\xeb\x70\xfa\xf6\x0b\
\xec\xee\xd0\x37\x29\x22\x92\x42\x3a\x00\x48\x2a\x3c\xf4\x31\x1f\
\x4e\x91\xaf\x99\x71\x00\x4e\x0b\x64\xa6\xfc\xff\x62\xc6\x05\xcf\
\xbd\xc0\x4f\xf4\xb8\x5f\x44\xb2\x44\x07\x00\x49\x95\x39\x1f\xf7\
\x2d\xe8\xe4\x38\x83\x63\x81\x41\x90\xd2\xf2\x37\x7e\x5d\xe8\xe2\
\xbc\x61\x1d\xdc\x65\x65\x2b\x45\x44\xb2\x41\x07\x00\x49\xa5\x39\
\x5b\xf8\x20\x6b\xe5\x70\x2b\x72\x10\xf0\x19\xc0\x52\x50\xfe\x8b\
\x0c\x66\x15\x8b\xfc\x78\xa7\x0e\x7b\xaa\xca\x6f\x49\x44\x24\x55\
\x74\x00\x90\xd4\x7b\xf4\x3f\xfc\x23\x5d\x46\x9b\xc1\x41\xe6\xec\
\xc8\xaa\x3f\xbe\x1a\x47\xf9\x07\xf0\x12\x70\x0b\xce\xcf\xb7\x5f\
\xc0\xaf\x0c\x2b\xd6\xfa\xfd\x88\x88\xa4\x81\x0e\x00\x92\x29\x8f\
\x6e\xe3\x1b\xf8\x0a\x3e\x0d\xec\x62\xf0\x39\x9c\x5d\x0d\xfa\x76\
\xff\xef\x75\x28\xff\x45\xc0\xa3\x18\xbf\x36\x78\x74\x87\xe7\x79\
\x4a\x8f\xf8\x45\x24\x8f\x74\x00\x90\x4c\x9b\xb3\x85\xf7\x6b\x6d\
\x61\x2b\xeb\x64\xeb\x20\x60\xab\x62\x91\xad\x03\xd8\xc2\x61\x7d\
\x33\x06\x98\x33\x18\x67\x00\xd0\xd7\xe0\x75\x60\x09\xb0\xd8\x9c\
\xb7\x81\x97\x0c\xe6\x3b\xcc\x2f\x04\xcc\xb7\xa5\xfc\x6d\x87\x17\
\xed\x95\x64\xbf\x23\x11\x11\x11\x11\x11\x11\x11\x11\x11\x11\x11\
\x11\x11\x11\x11\x11\x11\x11\x11\x11\x11\x11\x11\x11\x11\x11\x11\
\x11\x11\x11\x11\x11\x11\x11\x11\x11\x11\x11\x11\x11\x11\x11\x11\
\x11\x11\x11\x11\x11\x11\x11\x11\x11\x11\x11\x11\x11\x11\x11\x11\
\x11\x11\x11\x11\x11\x11\x49\xca\xff\x07\x0b\xb0\x6b\xe8\xa8\xeb\
\x86\xb1\x00\x00\x00\x00\x49\x45\x4e\x44\xae\x42\x60\x82\
"

qt_resource_name = b"\
\x00\x05\
\x00\x4f\xa6\x53\
\x00\x49\
\x00\x63\x00\x6f\x00\x6e\x00\x73\
\x00\x08\
\x02\x8c\x59\xa7\
\x00\x70\
\x00\x6c\x00\x61\x00\x79\x00\x2e\x00\x70\x00\x6e\x00\x67\
\x00\x09\
\x09\xa7\x8d\x47\
\x00\x66\
\x00\x69\x00\x72\x00\x73\x00\x74\x00\x2e\x00\x70\x00\x6e\x00\x67\
\x00\x08\
\x05\x77\x59\x27\
\x00\x6c\
\x00\x6f\x00\x61\x00\x64\x00\x2e\x00\x70\x00\x6e\x00\x67\
\x00\x08\
\x0b\x63\x58\x07\
\x00\x73\
\x00\x74\x00\x6f\x00\x70\x00\x2e\x00\x70\x00\x6e\x00\x67\
\x00\x0a\
\x09\xb9\x86\xc7\
\x00\x70\
\x00\x61\x00\x75\x00\x73\x00\x65\x00\x64\x00\x2e\x00\x70\x00\x6e\x00\x67\
\x00\x08\
\x08\xc8\x58\x67\
\x00\x73\
\x00\x61\x00\x76\x00\x65\x00\x2e\x00\x70\x00\x6e\x00\x67\
\x00\x0a\
\x0f\xb9\xb2\x47\
\x00\x70\
\x00\x6c\x00\x61\x00\x79\x00\x65\x00\x64\x00\x2e\x00\x70\x00\x6e\x00\x67\
\x00\x0e\
\x06\xd9\x58\x47\
\x00\x72\
\x00\x69\x00\x67\x00\x68\x00\x74\x00\x41\x00\x72\x00\x72\x00\x6f\x00\x77\x00\x2e\x00\x70\x00\x6e\x00\x67\
\x00\x09\
\x0c\x98\xba\x47\
\x00\x70\
\x00\x61\x00\x75\x00\x73\x00\x65\x00\x2e\x00\x70\x00\x6e\x00\x67\
\x00\x08\
\x08\xa7\x59\x07\
\x00\x6c\
\x00\x61\x00\x73\x00\x74\x00\x2e\x00\x70\x00\x6e\x00\x67\
"

qt_resource_struct_v1 = b"\
\x00\x00\x00\x00\x00\x02\x00\x00\x00\x01\x00\x00\x00\x01\
\x00\x00\x00\x00\x00\x02\x00\x00\x00\x01\x00\x00\x00\x02\
\x00\x00\x00\x00\x00\x02\x00\x00\x00\x0a\x00\x00\x00\x03\
\x00\x00\x00\x10\x00\x00\x00\x00\x00\x01\x00\x00\x00\x00\
\x00\x00\x00\x3e\x00\x00\x00\x00\x00\x01\x00\x00\x91\xd5\
\x00\x00\x00\xb4\x00\x00\x00\x00\x00\x01\x00\x01\x67\xd7\
\x00\x00\x00\xee\x00\x00\x00\x00\x00\x01\x00\x01\x9f\x08\
\x00\x00\x00\x84\x00\x00\x00\x00\x00\x01\x00\x01\x13\x46\
\x00\x00\x00\x26\x00\x00\x00\x00\x00\x01\x00\x00\x49\x86\
\x00\x00\x00\x6a\x00\x00\x00\x00\x00\x01\x00\x01\x10\xa1\
\x00\x00\x00\x54\x00\x00\x00\x00\x00\x01\x00\x00\xac\xcb\
\x00\x00\x00\xd6\x00\x00\x00\x00\x00\x01\x00\x01\x69\x9f\
\x00\x00\x00\x9a\x00\x00\x00\x00\x00\x01\x00\x01\x35\x87\
"

qt_resource_struct_v2 = b"\
\x00\x00\x00\x00\x00\x02\x00\x00\x00\x01\x00\x00\x00\x01\
\x00\x00\x00\x00\x00\x00\x00\x00\
\x00\x00\x00\x00\x00\x02\x00\x00\x00\x01\x00\x00\x00\x02\
\x00\x00\x00\x00\x00\x00\x00\x00\
\x00\x00\x00\x00\x00\x02\x00\x00\x00\x0a\x00\x00\x00\x03\
\x00\x00\x00\x00\x00\x00\x00\x00\
\x00\x00\x00\x10\x00\x00\x00\x00\x00\x01\x00\x00\x00\x00\
\x00\x00\x01\x8c\x45\x68\xdf\x1a\
\x00\x00\x00\x3e\x00\x00\x00\x00\x00\x01\x00\x00\x91\xd5\
\x00\x00\x01\x8c\x45\x68\xdf\x1a\
\x00\x00\x00\xb4\x00\x00\x00\x00\x00\x01\x00\x01\x67\xd7\
\x00\x00\x01\x8c\x45\x68\xdf\x1a\
\x00\x00\x00\xee\x00\x00\x00\x00\x00\x01\x00\x01\x9f\x08\
\x00\x00\x01\x8c\x45\x68\xdf\x1a\
\x00\x00\x00\x84\x00\x00\x00\x00\x00\x01\x00\x01\x13\x46\
\x00\x00\x01\x8c\x45\x68\xdf\x1a\
\x00\x00\x00\x26\x00\x00\x00\x00\x00\x01\x00\x00\x49\x86\
\x00\x00\x01\x8c\x45\x68\xdf\x1a\
\x00\x00\x00\x6a\x00\x00\x00\x00\x00\x01\x00\x01\x10\xa1\
\x00\x00\x01\x8c\x45\x68\xdf\x1a\
\x00\x00\x00\x54\x00\x00\x00\x00\x00\x01\x00\x00\xac\xcb\
\x00\x00\x01\x8c\x45\x68\xdf\x1a\
\x00\x00\x00\xd6\x00\x00\x00\x00\x00\x01\x00\x01\x69\x9f\
\x00\x00\x01\x8c\x45\x68\xdf\x1a\
\x00\x00\x00\x9a\x00\x00\x00\x00\x00\x01\x00\x01\x35\x87\
\x00\x00\x01\x8c\x45\x68\xdf\x1a\
"

qt_version = [int(v) for v in QtCore.qVersion().split('.')]
if qt_version < [5, 8, 0]:
    rcc_version = 1
    qt_resource_struct = qt_resource_struct_v1
else:
    rcc_version = 2
    qt_resource_struct = qt_resource_struct_v2

def qInitResources():
    QtCore.qRegisterResourceData(rcc_version, qt_resource_struct, qt_resource_name, qt_resource_data)

def qCleanupResources():
    QtCore.qUnregisterResourceData(rcc_version, qt_resource_struct, qt_resource_name, qt_resource_data)

qInitResources()
